0.0084018,-0.0028999,0.00068712,0.0092709,-0.002609,0.0020683,0.017281,-1.1086e-05,0.013141,-0.0022286,-0.049968,0.042527,0.0085409,0.0032586,0.011991,-0.01364,0.0012847,0.012955,-0.069502,0.013713,0.0082459,-0.066477,0.0010578,0.017244,-0.03281,0.093237,0.08234,0.17229,-0.13587,0.44535,0.16206,-0.17161,0.26066,0.11173,0.025734,0.071947,0.030095,-0.024276,-0.011793,0.043049,-0.033498,0.0058451,0.059533,-0.050181,0.03521,0.012543,-0.027422,0.024924,-0.00082034,0.015354,0.006016,0.016644,-0.024397,0.021201,0.0017558,-0.017728,0.023082,0.010897,-0.022867,0.034764,2,2,2,1,1
0.32828,-0.039269,-0.037339,0.32689,-0.034206,-0.035082,0.31974,-0.011967,-0.029903,0.31798,-0.018355,-0.021352,0.31922,-0.029647,-0.024057,0.32556,-0.028168,-0.015062,0.38385,-0.051114,-0.033594,0.3917,-0.031219,-0.02687,0.36414,-0.089353,-0.086643,0.33016,-0.057614,-0.0025687,0.31271,-0.039257,-0.072418,0.30806,-0.03389,-0.074992,0.30666,-0.032463,-0.036816,0.2567,-0.0068226,-0.0055077,0.45395,-0.10455,0.057641,0.50634,-0.25479,0.033749,0.33969,-0.054364,-0.035219,0.36337,-0.15887,0.18336,0.17146,-0.023002,0.016212,0.26655,-0.080132,0.074219,2,2,2,2,2,1,1,1
0.33778,-0.055657,-0.0064807,0.33336,-0.061237,0.051948,0.39867,0.018752,0.055558,0.29862,0.036389,0.061209,0.38645,0.014325,0.062842,0.47878,0.03527,0.0045722,0.52366,0.075789,0.031127,0.55317,0.053151,0.046413,0.33915,0.074872,-0.099044,0.33892,0.073328,-0.098019,0.29163,0.064925,-0.11955,0.29791,0.037969,-0.12914,0.32853,-0.025157,0.040394,0.29028,-0.13758,0.013798,0.082044,-0.019613,-0.010262,0.057017,-0.0015725,-0.014796,0.32357,-0.022711,-0.048274,0.37147,-0.069677,-0.038115,0.68077,-0.092904,-0.087969,0.62928,-0.08949,-0.11863,2,2,2,2,2,2,2,1,1,1,1
0.25026,0.02504,0.24133,0.29628,0.02922,0.23103,0.2805,0.0093115,0.20608,0.23088,0.0030789,0.18823,0.15672,-0.033671,0.33184,0.27079,0.079798,0.31044,0.1766,-0.010833,0.30308,0.13046,0.0081922,0.28942,0.27753,-0.01625,0.18484,0.41414,-0.092613,-0.076097,0.45682,-0.09029,-0.060712,0.42446,-0.052103,-0.039928,0.23438,-0.016234,0.27686,0.27611,0.039682,0.3032,0.39012,0.024576,0.17629,0.29759,0.046162,0.11852,0.26375,0.020146,0.19924,0.31905,0.018316,0.19163,0.32734,0.0025012,0.19793,0.2677,0.0019467,0.20804,2,2,2,2,2,2,2,1,1,1,1
0.023091,-0.012103,0.35621,-0.017791,-0.021022,0.3602,-0.023019,-0.049447,0.35634,0.052599,-0.029655,0.36742,0.03438,-0.0095147,0.2593,-0.20795,-0.17829,0.33331,-0.25325,-0.11069,0.30736,-0.24971,-0.11155,0.30494,0.034048,-0.0043023,0.42478,0.095148,0.061435,0.61322,0.10133,0.10922,0.77439,0.11195,0.096459,0.8347,0.023952,-0.0049112,0.31923,0.00042649,-0.037709,0.49011,0.087938,-0.079556,0.73328,0.091558,-0.11318,0.81437,0.029841,-0.0075278,0.39577,-0.0028036,-0.0036008,0.23577,0.011816,0.012591,0.062545,0.0654,0.013115,0.051603,2,2,2,2,2,2,2,1,1,1,1
-0.17718,0.033484,0.42769,-0.20396,0.02849,0.41442,-0.21908,-0.0067219,0.37917,-0.2086,-0.0052568,0.35701,-0.1886,-0.0095629,0.34829,-0.22608,0.044975,0.44625,-0.28416,0.12292,0.67638,-0.3103,0.14322,0.75351,-0.1808,-0.0092607,0.4536,-0.29682,-0.075148,0.34978,-0.30323,-0.12737,0.22552,-0.31502,-0.15654,0.17004,-0.16933,0.0078614,0.38322,-0.1843,0.011892,0.31444,-0.34454,0.034386,0.44578,-0.2455,0.080865,0.35539,-0.16451,0.014787,0.47071,-0.31102,-0.023563,0.42916,-0.22625,-0.071676,0.53975,-0.25913,-0.11443,0.6194,2,2,2,2,2,2,2,1,1,1,1
-0.35689,-0.10402,0.21456,-0.3157,-0.10267,0.23016,-0.33325,-0.08822,0.26043,-0.38609,-0.047774,0.29713,-0.32224,-0.046625,0.28606,-0.26509,-0.060573,0.23369,-0.042075,-0.059477,-0.070199,-0.035703,-0.10228,-0.12317,-0.47747,-0.0069221,0.13658,-0.55121,0.015563,-0.011439,-0.64107,0.0013961,-0.064625,-0.6491,0.029353,-0.097841,-0.33144,-0.046856,0.27129,-0.25472,0.016359,0.32461,-0.37245,0.015376,0.024767,-0.45334,0.0020773,0.022771,-0.41181,-0.052935,0.1744,-0.24861,-0.088573,0.4356,-0.36018,-0.028378,0.44755,-0.34568,-0.027836,0.47244,2,2,2,2,2,2,2,1,1,1,1
-0.36674,-0.01055,0.043299,-0.38323,0.010013,0.040126,-0.34956,0.066844,0.020376,-0.31809,0.033917,-0.026236,-0.33943,0.064056,0.019671,-0.26539,0.06194,0.017409,-0.33959,-0.059988,0.037458,-0.35162,-0.028346,0.023859,-0.3176,-0.010875,0.035826,-0.30066,0.00053184,0.10185,-0.40126,0.077685,0.046944,-0.42694,0.092224,0.039182,-0.37697,-0.015928,0.05647,-0.57368,-0.058303,0.026209,-0.35787,-0.072749,0.19492,-0.31474,-0.10223,0.22214,-0.35291,-0.0082681,0.03024,-0.54837,0.06054,-0.0376,-0.51793,0.01359,0.044462,-0.57841,0.0080491,0.014356,2,2,2,2,2,2,2,1,1,1,1
-0.16223,0.11496,0.020617,-0.16704,0.088207,0.0056458,-0.16353,-0.042948,-0.017874,-0.12259,-0.051989,-0.039225,-0.22403,-0.060937,0.0091488,-0.42525,0.03153,0.11295,-0.58939,0.095924,0.21004,-0.59218,0.069635,0.20846,-0.093781,-0.0013582,0.073191,-0.005302,-0.014279,0.2321,0.24869,0.06022,0.50443,0.32133,0.081353,0.59361,-0.18462,0.070839,-0.026829,-0.096759,0.10033,-0.078876,-0.088249,0.14231,-0.06776,-0.076222,0.15997,-0.10094,-0.13256,0.069096,0.055711,-0.036746,0.051859,-0.1692,-0.14784,0.062397,-0.18202,-0.060938,0.067797,-0.24666,2,2,2,2,2,2,2,1,1,1,1
0.1337,0.012411,-0.27942,0.13535,0.012004,-0.27382,0.14948,0.028264,-0.26051,0.14833,0.041432,-0.25615,0.12277,0.053093,-0.24522,0.22324,-0.043335,-0.31865,0.33349,-0.044781,-0.41026,0.38577,-0.039761,-0.44885,0.17951,0.013646,-0.23035,0.1322,0.03441,-0.36125,0.10293,-0.046433,-0.67232,0.085489,-0.078592,-0.75971,0.12598,0.023385,-0.27292,0.16312,-0.024404,-0.42776,0.042482,-0.096335,-0.39001,0.094727,-0.099304,-0.33571,0.1425,-0.0055632,-0.29487,0.061597,-0.053224,-0.10487,0.024112,-0.032621,-0.13116,0.050881,-0.032819,-0.035048,2,2,2,2,2,2,2,1,1,1,1
0.14421,0.021215,-0.43567,0.14158,0.020317,-0.43717,0.12779,0.01101,-0.44935,0.096635,0.0079662,-0.44012,0.10834,0.015103,-0.4255,0.14458,9.6515e-05,-0.41866,0.1683,0.023094,-0.45195,0.16917,0.04434,-0.43666,0.11734,0.023868,-0.42327,0.1301,0.0059745,-0.36615,0.11992,-0.020535,-0.324,0.11832,-0.044123,-0.33542,0.14444,0.011775,-0.44042,0.22732,0.0088941,-0.32233,0.41504,0.01566,-0.41859,0.34808,-0.011246,-0.43253,0.14911,0.02591,-0.42671,0.2752,0.055763,-0.52284,0.36778,0.0003159,-0.35241,0.29411,0.021399,-0.46559,2,2,2,2,2,2,2,1,1,1,1
0.01602,0.0071162,-0.46664,0.04412,0.0048403,-0.46006,0.047352,0.0093941,-0.43736,0.032934,-0.0022135,-0.44253,0.034329,0.0066091,-0.38725,0.010813,-0.0035371,-0.34387,-0.057908,-0.040955,-0.24248,-0.082056,-0.043611,-0.21167,0.042742,0.0073601,-0.52895,0.062301,0.01796,-0.59453,0.028405,0.014502,-0.60264,0.012836,0.024566,-0.61965,0.0070096,0.0090201,-0.43498,-0.083532,0.023446,-0.45948,-0.027228,0.071948,-0.23374,-0.02853,0.041502,-0.17204,0.013097,0.011275,-0.50465,-0.086329,0.049605,-0.47429,-0.040036,0.088247,-0.62128,-0.029488,0.051478,-0.57365,2,2,2,2,2,2,2,1,1,1,1
-0.090318,0.010023,-0.34155,-0.11633,0.00952,-0.34344,-0.099324,0.0094675,-0.34025,-0.042573,0.014515,-0.35513,-0.074959,0.010913,-0.41763,-0.11888,0.034626,-0.42059,-0.10654,0.035863,-0.43607,-0.11044,0.028812,-0.43825,-0.076189,0.00074655,-0.26322,-0.11949,0.0058849,-0.28866,-0.12187,0.01811,-0.31085,-0.1281,0.012906,-0.30731,-0.084091,0.019322,-0.36855,-0.12297,0.11187,-0.44803,-0.28609,0.1226,-0.77345,-0.2789,0.31025,-0.76012,-0.092726,-0.0021871,-0.31554,-0.014475,0.0052695,-0.20156,-0.016924,-0.031796,-0.038955,0.0024903,-0.017909,-0.016421,2,2,2,2,2,2,2,1,1,1,1
-0.0025399,-0.0012159,-0.16016,-0.034698,0.010737,-0.19781,-0.018578,0.028818,-0.21792,0.025514,0.0094971,-0.18059,0.081321,0.023588,-0.26584,0.11962,0.019193,-0.28371,0.18193,0.020371,-0.27024,0.18197,0.020591,-0.27024,-0.12837,0.050623,-0.13966,-0.16138,0.014405,0.0058167,-0.18353,-0.010244,0.17767,-0.14747,-0.02023,0.23263,0.040425,0.0074246,-0.17648,-0.0030751,0.015901,-0.10797,-0.050013,-0.07342,-0.069654,-0.0045291,-0.20721,-0.12895,-0.044812,0.014496,-0.1184,-0.061693,0.072398,-0.22284,-0.1172,0.14603,-0.42121,-0.12793,0.29922,-0.39849,2,2,2,2,2,2,2,1,1,1,1
0.19189,-0.046825,-0.0082703,0.18575,-0.038516,-0.0091815,0.167,0.020357,0.030861,0.15972,0.0092317,0.041422,0.19662,-0.0052173,0.026578,0.23899,-0.0094348,-0.081653,0.24298,-0.0066355,-0.077554,0.25549,0.0084183,-0.096333,0.15222,0.016057,0.017368,0.22175,0.010329,-0.060148,0.15949,-0.0003036,0.020766,0.15778,0.026939,0.024152,0.19519,-0.025203,0.021707,0.28875,-0.077745,0.0018849,0.38493,0.024129,-0.064359,0.3927,0.038385,-0.052023,0.18843,-0.0060718,-0.037271,0.037178,-0.012319,-0.021755,0.044147,-0.010287,-0.0081785,0.12145,-0.078943,-0.088032,2,2,2,2,2,2,2,1,1,1,1
0.1752,0.030477,0.11479,0.18668,0.036184,0.12995,0.22635,0.051605,0.14322,0.17981,0.066154,0.16183,0.185,0.048744,0.17972,0.40583,0.074558,0.23341,0.52207,0.039885,0.2893,0.55203,0.033405,0.32492,0.22636,0.051606,0.14321,0.27464,0.1056,-0.014961,0.456,0.068832,-0.20358,0.44429,0.065819,-0.2043,0.16344,0.038425,0.14249,0.097594,-0.02378,0.18588,0.34654,-0.041344,0.15927,0.33994,-0.041924,0.14225,0.18084,0.024439,0.082604,0.32143,-0.0016885,0.043862,0.15833,-0.058826,0.12978,0.089547,-0.13627,0.17045,2,2,2,2,2,2,2,1,1,1,1
0.089179,-0.0046891,0.39228,0.14279,-0.012251,0.41657,0.097718,-0.0288,0.3764,0.028714,-0.02588,0.36828,0.012715,-0.018656,0.4336,-0.26394,-0.075732,0.50071,-0.44631,-0.086623,0.48245,-0.48718,-0.10351,0.46889,0.16175,-0.095409,0.20859,0.13647,-0.12776,0.34875,0.074367,-0.069941,0.45045,0.069147,-0.079742,0.49697,0.0607,-0.043243,0.38445,0.23204,-0.0474,0.38558,-0.010485,-0.038382,0.22763,-0.078515,-0.077561,0.25006,0.11616,-0.02257,0.39171,0.13668,-0.012513,0.43455,0.23464,0.049885,0.36138,0.26334,0.053629,0.42694,2,2,2,2,2,2,2,1,1,1,1
0.14732,-0.01794,0.42137,0.14651,-0.019587,0.41831,0.14166,-0.039986,0.39857,0.16455,-0.035981,0.40263,0.11913,-0.044332,0.40629,0.13372,-0.009513,0.48683,0.14068,0.044769,0.55213,0.14897,0.033605,0.58104,0.15423,-0.044874,0.40074,0.13056,-0.044178,0.40689,0.097426,-0.058251,0.35928,0.092342,-0.056364,0.32229,0.13896,-0.019082,0.4275,0.0072388,-0.023492,0.36507,-0.01235,-0.01399,0.37585,-0.022112,-0.015697,0.39498,0.15755,-0.037622,0.41617,0.15131,-0.11788,0.48966,0.21706,-0.18558,0.57233,0.1739,-0.15526,0.45851,2,2,2,2,2,2,2,1,1,1,1
0.093189,-0.043846,0.36597,0.098388,-0.046133,0.37496,0.11145,-0.018069,0.43322,0.097318,-0.024655,0.3885,0.15618,-0.026909,0.36947,0.10525,-0.03624,0.34787,0.080722,-0.073555,0.32121,0.079936,-0.078711,0.28895,0.086883,-0.0086963,0.37048,0.10523,0.02876,0.38543,0.16969,0.04647,0.3942,0.18693,0.048326,0.43326,0.098991,-0.028934,0.36085,0.15925,0.069833,0.4282,0.18259,-0.051504,0.72334,0.19125,-0.0036603,0.61844,0.085148,-0.022179,0.36811,0.040136,0.025557,0.23583,0.014918,0.0090494,0.050586,0.010427,0.011535,0.050836,2,2,2,2,2,2,2,1,1,1,1
0.11772,-0.062418,0.21404,0.10846,-0.059424,0.21443,0.098362,-0.05827,0.21487,0.10785,-0.050675,0.25945,0.16354,-0.0038328,0.17614,0.23142,0.0089984,-0.01856,0.28633,0.02029,-0.11066,0.28882,0.034512,-0.11826,0.054062,-0.024297,0.20741,0.0059326,-0.080908,0.10732,-0.039215,-0.15897,0.099484,-0.062701,-0.155,0.036232,0.14871,-0.039684,0.20291,0.24746,-0.092424,0.23161,0.22778,-0.060102,0.28707,0.12057,-0.053939,0.37651,0.094004,-0.023679,0.2276,0.13599,0.051421,0.43156,0.11871,0.026449,0.60466,0.1985,-0.013557,0.64485,2,2,2,2,2,2,2,1,1,1,1
0.19592,0.065565,-0.028865,0.17061,0.052926,-0.037185,0.15285,-0.0091268,-0.07528,0.12961,-0.011037,-0.11496,0.067369,-0.029108,-0.029995,0.091026,-0.00011292,0.022438,0.20735,0.042539,-0.056881,0.24578,0.053408,-0.098947,0.22826,-0.0016952,0.059392,0.28805,0.031791,0.25726,0.31654,0.086315,0.18469,0.33249,0.079851,0.20651,0.16632,0.026724,-0.05101,0.026154,0.054947,-0.030813,0.01344,0.045372,0.0056837,0.14901,-0.010859,0.006547,0.23345,0.011927,-0.014313,0.33106,-0.085759,-0.18487,0.48624,-0.06362,-0.21654,0.45789,-0.035106,-0.22797,2,2,2,2,2,2,2,1,1,1,1
0.13427,0.033975,-0.26339,0.18297,0.035405,-0.26955,0.19594,0.020991,-0.28325,0.17,0.03458,-0.29588,0.17595,0.026852,-0.14621,0.16926,-0.014237,0.011045,0.0080802,-0.042145,0.15272,-0.049209,-0.064946,0.19925,0.18533,0.033845,-0.36828,0.18945,0.068279,-0.58812,0.12911,0.051936,-0.62976,0.12406,0.052374,-0.66584,0.12759,0.027228,-0.20954,0.09999,0.008215,-0.36483,0.18876,0.01614,-0.33216,0.14085,0.0069532,-0.37672,0.12192,0.028119,-0.31342,0.085324,0.041841,-0.2817,0.023431,0.058681,-0.26087,-0.01453,0.021148,-0.26033,2,2,2,2,2,2,2,1,1,1,1
-0.26502,-0.059993,-0.22768,-0.24245,-0.050028,-0.2343,-0.21243,0.025506,-0.18851,-0.21825,0.0085453,-0.15978,-0.1936,-0.016913,-0.17622,-0.16541,-0.0073217,-0.11747,-0.17437,-0.004751,-0.1112,-0.17071,0.021421,-0.12053,-0.29774,-0.020167,-0.22494,-0.36249,-0.050207,-0.22335,-0.46284,0.010497,-0.20697,-0.49841,0.0073661,-0.21706,-0.25256,-0.037102,-0.2293,-0.16806,-0.1116,-0.18472,-0.10675,-0.024237,-0.36401,-0.1303,-0.00065458,-0.32857,-0.28256,-0.037386,-0.22305,-0.34314,-0.0034097,-0.30914,-0.16247,0.020095,-0.29886,-0.22165,0.020625,-0.27236,2,2,2,2,2,2,2,1,1,1,1
-0.24216,0.0029868,-0.1391,-0.25412,0.0055302,-0.13605,-0.33017,-0.014931,-0.11215,-0.32319,0.0020036,-0.10843,-0.33017,-0.014931,-0.11215,-0.38166,-0.04707,-0.19047,-0.42172,0.018324,-0.077775,-0.46289,0.047325,-0.071141,-0.34676,0.028958,-0.10358,-0.41364,0.037711,-0.092548,-0.40443,-0.031481,-0.024621,-0.39862,-0.022116,-0.0068543,-0.23723,-0.0061186,-0.17127,-0.28883,0.075667,-0.028363,-0.11015,0.071666,0.015109,-0.091529,0.03347,0.035816,-0.23541,0.02619,-0.11235,-0.40086,-0.0096917,-0.01132,-0.60242,-0.046118,-0.069629,-0.59231,-0.028255,-0.071339,2,2,2,2,2,2,2,1,1,1,1
-0.3661,0.029186,0.051238,-0.36698,0.03083,0.050159,-0.33323,0.045917,0.01316,-0.32616,0.021194,0.0070813,-0.33323,0.045917,0.01316,-0.067454,0.13296,0.026514,0.035259,0.12373,0.039277,0.034966,0.12377,0.039171,-0.29738,-0.014544,0.0080106,-0.36226,-0.019765,0.024029,-0.38809,0.036345,0.021448,-0.40592,0.019042,0.031789,-0.36337,0.031748,0.08378,-0.39019,-0.034328,0.083484,-0.73326,-0.079904,0.067366,-0.76205,-0.036131,0.077542,-0.37041,0.0033279,0.024144,-0.14703,-0.021751,0.025403,-0.01528,0.01588,0.0055645,0.014369,0.0059332,0.0061185,2,2,2,2,2,2,2,1,1,1,1
-0.26935,0.016824,0.010135,-0.26866,0.0070454,0.012899,-0.26289,-0.021634,0.012283,-0.2634,-0.016291,-0.004257,-0.26289,-0.021634,0.012283,-0.57736,-0.05255,-0.020101,-0.68293,-0.082326,-0.1009,-0.66354,-0.10886,-0.081554,-0.24079,-0.0088356,0.020473,-0.073456,-0.027919,0.035766,-0.0069047,-0.041371,0.00094891,0.029529,-0.013026,-0.028943,-0.27236,-0.01247,0.024233,-0.21731,0.011446,-0.073042,-0.0012273,0.023744,0.0052633,-0.0070405,0.0019003,-0.010206,-0.26891,0.011242,-0.013257,-0.44084,0.074644,-0.014613,-0.66518,0.023241,0.080262,-0.68094,0.010636,0.061089,2,2,2,2,2,2,2,1,1,1,1
-0.13285,0.04358,-0.18187,-0.16363,0.033372,-0.16974,-0.14146,-0.012044,-0.18453,-0.077798,0.0083139,-0.1809,-0.17028,0.037553,-0.25529,-0.047251,0.039726,-0.38399,-0.21905,0.088017,-0.43228,-0.20081,0.087364,-0.45978,-0.059995,0.019747,-0.10549,-0.094029,0.038916,-0.099782,-0.18565,0.090703,-0.17072,-0.21908,0.095895,-0.16525,-0.15842,0.062526,-0.21852,-0.22352,0.12264,-0.29108,-0.41917,0.14382,-0.42312,-0.35681,0.16027,-0.46067,-0.10847,0.016844,-0.1491,-0.033882,-0.048843,-0.041959,-0.017312,2.2233e-05,-0.022029,-0.0050519,0.0020236,-0.0036578,2,2,2,2,2,2,2,1,1,1,1
0.0068965,0.023255,-0.3533,-0.033209,0.024016,-0.36309,-0.05373,0.025142,-0.36789,-0.018691,0.028442,-0.35838,-0.0029994,0.01753,-0.4601,-0.14714,0.036011,-0.49216,-0.00042892,0.0053936,-0.59001,-0.015213,0.015439,-0.59768,-0.053358,0.043608,-0.26656,-0.037313,0.031359,-0.17818,0.14244,-0.035979,-0.086131,0.19521,-0.065294,-0.085589,0.027635,0.019396,-0.39664,0.022688,0.021642,-0.29927,0.041587,0.021973,-0.20211,0.048054,0.046601,-0.22511,0.0078741,0.029227,-0.30455,0.084153,0.10846,-0.55971,0.092216,0.14845,-0.59358,0.16248,0.19872,-0.63662,2,2,2,2,2,2,2,1,1,1,1
0.16971,-0.0020218,-0.35142,0.16809,-0.0019514,-0.34869,0.16962,0.01209,-0.32365,0.17453,0.0037073,-0.30959,0.1701,-0.00082821,-0.3353,0.21833,-0.023941,-0.2437,0.30479,-0.066651,-0.19874,0.31894,-0.077914,-0.17455,0.16203,-0.0021539,-0.3231,0.14727,-0.004452,-0.38076,0.158,0.041874,-0.45195,0.15891,0.047742,-0.4731,0.17059,0.0036307,-0.35513,0.20865,0.0054758,-0.46569,0.18295,0.018363,-0.43117,0.26612,0.081319,-0.39669,0.16807,-0.004769,-0.35571,0.085577,-0.019626,-0.28166,0.079497,-0.021615,-0.32591,0.050224,0.085884,-0.26864,2,2,2,2,2,2,2,1,1,1,1
0.2525,-0.045724,-0.20446,0.22841,-0.030805,-0.22329,0.20341,0.042129,-0.17747,0.24283,0.0044322,-0.15482,0.31861,0.012789,-0.23118,0.37228,0.035129,-0.36106,0.47493,0.020793,-0.41862,0.52515,0.0056932,-0.44071,0.15928,0.015405,-0.16628,0.14076,-0.0071563,-0.072407,0.10771,-0.049232,0.047055,0.119,-0.060369,0.089884,0.28125,-0.026417,-0.19987,0.32161,0.0045536,-0.16735,0.3533,-0.0045224,-0.30709,0.27426,0.042808,-0.24862,0.2218,-0.012002,-0.19482,0.10609,-0.070901,-0.11232,0.017194,-0.029951,-0.058997,0.066907,-0.027476,-0.062624,2,2,2,2,2,2,2,1,1,1,1
0.18069,0.0093351,0.042621,0.19946,0.023709,0.039688,0.29121,0.035027,-0.011949,0.19152,0.059077,-0.0029569,0.26664,0.028034,0.029238,0.46753,0.0041309,0.085905,0.48768,0.037139,0.19572,0.48863,0.037949,0.22807,0.29118,0.034975,-0.012012,0.3412,0.10959,-0.28075,0.40973,0.058071,-0.33289,0.40511,0.061597,-0.30517,0.15941,0.029186,0.11519,0.20071,0.0064244,0.08978,0.084079,0.063289,0.022707,0.13608,-0.044203,-0.048599,0.18541,-0.0024324,-0.01468,0.40195,0.011403,0.10825,0.60457,-0.066847,0.044779,0.56552,-0.2092,0.097592,2,2,2,2,2,2,2,1,1,1,1
0.22389,0.0046129,0.21814,0.28085,-0.0039507,0.24679,0.21705,-0.0076149,0.24542,0.18175,-0.015994,0.19852,0.15901,0.020235,0.30678,0.13046,0.02281,0.25509,0.12455,-0.0065228,0.17117,0.099238,-0.011509,0.14697,0.19078,-0.026738,0.054602,0.18075,-0.066764,0.16293,0.075523,-0.0075401,0.16177,0.037837,-0.01271,0.11717,0.2268,-0.014931,0.20646,0.16663,-0.067096,0.27374,0.28364,-0.1782,0.29747,0.23678,-0.21328,0.34988,0.22381,0.015006,0.21756,0.29065,-0.0016925,0.19848,0.29077,-0.024547,0.27202,0.23932,0.0077543,0.15752,2,2,2,2,2,2,2,1,1,1,1
0.15931,0.0028462,0.35415,0.14425,0.0022427,0.35187,0.15221,-0.011763,0.32731,0.19458,-0.0014239,0.37024,0.10197,-0.057741,0.35804,-0.12029,-0.10485,0.48739,-0.24394,-0.11046,0.59279,-0.25168,-0.11072,0.61866,0.20216,-0.0051775,0.40985,0.30331,0.025735,0.61437,0.38794,0.026597,0.81318,0.41237,0.050822,0.90233,0.13618,-0.01528,0.33797,0.12865,-0.02681,0.50775,0.16231,-0.011104,0.59683,0.11107,-0.032856,0.62321,0.18164,-0.0090908,0.37212,0.084308,0.016244,0.25905,0.028859,0.0032807,0.11378,0.053023,0.0025858,0.11009,2,2,2,2,2,2,2,1,1,1,1
-0.053203,-0.02953,0.41261,-0.058088,-0.028928,0.40888,-0.07316,-0.0364,0.3896,-0.067691,-0.035768,0.37093,-0.07889,-0.014433,0.38111,-0.069869,-0.015805,0.41374,-0.075165,0.01063,0.43737,-0.071725,0.012846,0.4694,-0.067439,-0.037065,0.38361,-0.14223,-0.10115,0.29361,-0.20099,-0.10675,0.16584,-0.19985,-0.13389,0.11179,-0.049366,-0.028774,0.40619,0.0016352,-0.028438,0.3055,-0.022246,-0.06027,0.27024,0.0048565,-0.00028694,0.15004,-0.051701,-0.034039,0.42209,-0.081643,-0.09622,0.46305,-0.0011207,0.027049,0.39613,0.01204,-0.03763,0.49011,2,2,2,2,2,2,2,1,1,1,1
-0.10647,-0.022813,0.38909,-0.13546,-0.026707,0.38871,-0.13473,-0.017774,0.42779,-0.096436,-0.023994,0.4091,-0.056976,-0.015802,0.34171,-0.088166,-0.020488,0.29618,-0.11226,-0.021036,0.27428,-0.12633,-0.027046,0.258,-0.087637,-0.044334,0.46791,-0.11936,0.00058508,0.54862,-0.12943,0.010818,0.59839,-0.15286,0.013368,0.61403,-0.096686,-0.015273,0.35248,-0.086182,-0.033005,0.43851,-0.062367,-0.013392,0.43419,-0.0088077,0.074804,0.50174,-0.10938,-0.035594,0.41628,-0.20498,0.001981,0.33219,-0.21314,-0.051147,0.22654,-0.25696,-0.039337,0.23315,2,2,2,2,2,2,2,1,1,1,1
-0.23403,-0.066105,0.25211,-0.23838,-0.060082,0.24936,-0.22175,-0.03412,0.26038,-0.2859,-0.031609,0.25404,-0.19681,-0.019986,0.24742,-0.14747,0.013441,0.21155,-0.11605,-0.072216,0.11857,-0.090973,-0.056739,0.098377,-0.32132,-0.0040939,0.20017,-0.49528,0.017551,-0.048409,-0.52869,-0.04739,-0.076291,-0.5287,-0.047455,-0.076272,-0.21043,-0.052544,0.25587,-0.37662,0.026038,0.20858,-0.41039,0.0043688,0.30549,-0.41152,-0.0827,0.25541,-0.26119,-0.036538,0.2571,-0.09097,0.0078171,0.28661,-0.056178,-0.011958,0.42115,0.028947,0.040903,0.33858,2,2,2,2,2,2,2,1,1,1,1
-0.29517,-0.029533,0.10326,-0.26522,-0.0217,0.1156,-0.25902,0.012154,0.10821,-0.24592,0.014154,0.10801,-0.21834,-0.0081074,0.11292,-0.26946,0.012291,0.10795,-0.064051,0.097846,0.1584,-0.087965,0.10654,0.12407,-0.2925,0.012191,0.038313,-0.26963,0.0048868,0.09796,-0.41153,0.13259,0.059616,-0.45697,0.1846,0.01223,-0.28126,-0.0025214,0.1365,-0.10133,0.0194,0.049611,-0.27263,0.077999,0.18045,-0.31446,0.078517,0.16254,-0.32418,0.0045852,0.081084,-0.20881,0.61429,0.3401,-0.33991,0.54194,0.35826,-0.38174,0.54246,0.34035,2,2,2,2,2,2,2,1,1,1,1
-0.22876,0.020289,0.11102,-0.25716,0.0085451,0.09252,-0.2577,-0.06245,0.06438,-0.25925,-0.059893,0.017664,-0.24054,-0.054329,0.058174,-0.24052,-0.054353,0.058103,-0.60086,0.18066,0.28134,-0.62722,0.18521,0.31345,-0.17619,-0.0054036,0.13916,0.069641,-0.041225,0.22014,0.28973,-0.085779,0.11523,0.35574,-0.14155,0.14198,-0.24805,-0.00033075,0.098423,-0.35193,-0.11466,0.13524,-0.1541,-0.098263,0.063733,-0.18056,-0.12937,0.10763,-0.20146,0.00078831,0.11702,-0.39069,-0.58914,-0.26431,-0.26963,-0.58068,-0.13701,-0.31484,-0.61011,-0.082944,2,2,2,2,2,2,2,1,1,1,1
-0.016736,0.091586,-0.25934,0.004602,0.077779,-0.25249,0.0037878,0.0079571,-0.25488,0.040114,0.027211,-0.22906,-0.16652,0.054126,-0.15709,-0.10731,0.041079,-0.12973,0.09867,-0.15713,-0.49433,0.15171,-0.14806,-0.55737,0.024593,0.0062269,-0.16238,-0.064772,0.011995,-0.18724,-0.073189,0.0085088,-0.19127,-0.07831,0.020582,-0.24512,-0.052681,0.059073,-0.26439,-0.071151,0.13596,-0.37544,-0.10698,0.062251,-0.31217,-0.094662,0.024004,-0.28653,0.021887,0.048298,-0.26917,-0.046,-0.021838,-0.15549,-0.19265,0.021909,-0.13513,-0.14356,0.013014,-0.15577,2,2,2,2,2,2,2,1,1,1,1
0.056293,0.019625,-0.36202,0.04741,0.016557,-0.36135,0.042558,0.011772,-0.35706,0.045317,0.014761,-0.32828,0.046732,0.0074692,-0.37202,-0.001768,-0.0024912,-0.30908,-0.040211,-0.058914,-0.20881,-0.060432,-0.077933,-0.15203,0.049164,0.010968,-0.32602,0.016887,-0.01988,-0.3041,0.0063906,-0.037217,-0.26332,0.0052617,-0.04919,-0.22873,0.060166,0.016085,-0.37585,0.10238,-0.03038,-0.36033,0.11952,0.024136,-0.54125,0.13624,0.04337,-0.58967,0.056879,0.014779,-0.35051,0.1356,0.043097,-0.38902,0.081339,0.064112,-0.21532,0.099904,0.10206,-0.24285,2,2,2,2,2,2,2,1,1,1,1
0.17108,0.0010216,-0.33092,0.16578,-0.0011977,-0.32867,0.15979,0.0070304,-0.30698,0.16432,0.001272,-0.33308,0.16916,0.0084067,-0.34798,0.22475,0.017697,-0.46529,0.25979,0.081323,-0.57449,0.29456,0.084327,-0.63391,0.14985,0.0011753,-0.33107,0.15476,0.024483,-0.27819,0.15044,0.010335,-0.24874,0.16158,0.025855,-0.28726,0.17868,0.00041061,-0.34235,0.11921,-0.0052265,-0.27138,0.032887,-0.03877,-0.078891,0.0047969,-0.032017,-0.025698,0.16686,0.0026006,-0.32658,0.18823,0.011036,-0.40418,0.29325,-0.003424,-0.64438,0.29024,-0.050494,-0.62806,2,2,2,2,2,2,2,1,1,1,1
0.12283,0.0089565,-0.23929,0.13112,0.010044,-0.23602,0.13322,0.012178,-0.24041,0.11551,0.013982,-0.23208,0.12429,0.0014983,-0.21005,0.091464,-0.0052574,-0.14443,0.056322,-0.061395,-0.049607,0.027676,-0.071664,0.00015903,0.14135,0.022916,-0.24846,0.18447,0.049721,-0.33069,0.22356,0.089996,-0.43622,0.2263,0.093501,-0.44127,0.11686,0.011118,-0.22374,0.19552,0.026072,-0.33537,0.27918,0.055805,-0.53242,0.31326,0.041293,-0.56637,0.12539,0.012448,-0.25291,0.10787,0.0063765,-0.22339,0.041247,-0.033736,-0.077923,0.017811,-0.031199,-0.022272,2,2,2,2,2,2,2,1,1,1,1
0.087587,-0.012673,0.18718,0.11692,-0.0095583,0.18518,0.12691,-0.013736,0.16156,0.092137,-0.02811,0.15085,0.10671,-0.0095092,0.22095,0.13895,-0.009247,0.31166,0.14465,0.041987,0.22264,0.11498,0.077188,0.18519,0.11977,-0.033874,0.076148,0.089839,-0.0092762,0.05463,0.0026463,0.033728,0.025333,-0.051553,0.063521,-0.0075579,0.076925,-0.011784,0.22317,0.045176,0.0062691,0.15412,0.017447,-0.0006088,0.086143,-0.01322,0.056493,0.04496,0.083968,-0.014377,0.16267,0.09477,-0.025124,0.21351,0.17066,0.0023084,0.14908,0.1643,0.0072709,0.1266,2,2,2,2,2,2,2,1,1,1,1
0.0026287,-0.027386,0.38312,0.0026551,-0.031661,0.3878,-0.01049,-0.032486,0.41217,-0.0070693,-0.024671,0.36563,-0.015923,-0.038261,0.40962,-0.027041,0.003759,0.25801,0.11362,0.15972,0.22553,0.1842,0.19654,0.21644,-0.013568,-0.016819,0.39989,0.024713,-0.04802,0.43071,0.016782,-0.10874,0.51426,0.019833,-0.070788,0.56188,0.0032638,-0.033187,0.37695,0.033122,-0.086548,0.51955,0.095393,-0.10009,0.72757,0.087362,-0.11912,0.72263,0.0063245,-0.022622,0.37272,-0.012135,0.0045823,0.24434,-0.0020652,0.021087,0.078093,-0.0087028,0.030052,0.022506,2,2,2,2,2,2,2,1,1,1,1
0.12262,-0.012825,0.34327,0.13831,-0.004308,0.32984,0.13935,0.0039339,0.29568,0.11653,0.00021952,0.32753,0.16397,0.015751,0.32753,0.17996,-0.053174,0.48313,0.077806,-0.25789,0.57935,0.018895,-0.31274,0.58344,0.11762,-0.016776,0.24913,0.088354,-0.0024853,0.2149,0.061494,0.0051881,0.20944,0.065302,-0.053066,0.18745,0.12674,-0.0079734,0.37612,0.10369,0.033665,0.3131,0.033158,0.082253,0.10003,0.034491,0.072065,0.1064,0.11529,-0.017729,0.33147,0.16196,-0.029729,0.56007,0.17182,-0.047177,0.79005,0.16498,-0.060511,0.86849,2,2,2,2,2,2,2,1,1,1,1
0.117,0.0067557,0.17315,0.11853,0.01266,0.16859,0.089824,0.022615,0.18338,0.079,0.021534,0.18419,0.089502,0.026848,0.22801,0.089509,0.026824,0.22801,0.071324,0.023127,0.29695,0.092213,0.010771,0.34668,0.057848,0.013756,0.18266,0.086689,-0.0038997,0.18242,0.1191,-0.047595,0.25434,0.14828,-0.064962,0.29487,0.12698,0.015524,0.16789,0.3018,-0.014116,0.36621,0.37135,-0.027758,0.48631,0.33812,-0.0010418,0.50221,0.1113,0.016861,0.18083,0.035316,0.010159,0.12048,0.018469,-0.037412,0.048626,-0.0080319,-0.021786,-0.015871,2,2,2,2,2,2,2,1,1,1,1
0.06341,-0.011647,0.00021005,0.053981,-0.0017737,0.013139,-0.038475,0.046448,0.097349,-0.023319,0.025939,0.10899,-0.038476,0.046448,0.097349,-0.038476,0.046448,0.097347,0.04051,0.066007,0.080144,0.066838,0.072526,0.074411,-0.06173,0.0022335,0.055926,-0.23009,0.058879,0.021643,-0.29476,0.030509,0.02785,-0.32883,0.051912,0.039208,0.075744,3.0486e-05,-0.041987,0.13506,0.14922,0.058828,0.18243,0.15896,0.068607,0.20491,0.18272,0.034836,0.070576,0.0093173,0.027991,0.03844,0.015201,-0.002265,0.11953,0.040507,-0.096685,0.14143,0.025556,-0.027146,1,2,2,1,1,1,1,1,1,1,1
-0.24752,-0.047666,-0.071522,-0.23376,-0.048989,-0.076452,-0.18611,-0.031034,-0.093188,-0.14743,-0.017124,-0.036301,-0.18611,-0.031034,-0.093188,-0.09428,0.03393,-0.38297,-0.22159,-0.041033,-0.39008,-0.29569,-0.058327,-0.38985,-0.20997,-0.0059434,-0.087791,-0.2117,-0.096715,-0.035988,-0.23128,-0.024549,-0.021389,-0.22284,-0.055496,-0.010776,-0.24994,-0.037875,-0.083597,-0.51595,-0.1705,-0.15523,-0.69526,-0.24043,-0.20534,-0.72804,-0.26918,-0.12999,-0.26216,-0.055596,-0.055863,-0.1594,-0.076209,-0.030298,-0.041666,-0.0027055,-0.0045717,0.0069553,0.013312,-0.042528,2,2,1,2,1,1,2,1,1,1,1
-0.32661,0.061358,-0.09277,-0.3269,0.046301,-0.090636,-0.27142,-0.01026,-0.15275,-0.26872,0.00049025,-0.15883,-0.27142,-0.01026,-0.15275,-0.18485,0.10073,-0.18441,0.044656,0.1482,-0.1422,0.08377,0.13662,-0.12853,-0.23601,-0.013164,-0.10894,-0.10406,0.0067513,-0.12476,-0.053488,-0.0052475,-0.18573,-0.033631,0.050384,-0.24488,-0.33071,0.027284,-0.033679,-0.18091,0.015673,-0.052981,-0.013125,0.0047196,-0.024146,0.0045415,-0.019154,0.001651,-0.32478,0.054474,-0.15575,-0.45866,0.11651,-0.21309,-0.75975,0.020735,-0.27797,-0.84133,0.046517,-0.30775,2,1,2,2,1,2,2,1,1,1,1
-0.099752,0.029554,-0.34955,-0.1335,0.023958,-0.34229,-0.085999,0.0030314,-0.32845,-0.068605,-0.0029329,-0.38653,-0.11044,-0.0067407,-0.43879,-0.36979,-0.14325,-0.1961,-0.58967,-0.12469,-0.27077,-0.57304,-0.11444,-0.28788,-0.013932,0.041498,-0.23006,-0.03636,0.060726,-0.24605,-0.032177,0.083443,-0.30014,-0.054207,0.046034,-0.29393,-0.12555,0.038392,-0.40216,-0.27935,0.05346,-0.60597,-0.38597,0.118,-0.70783,-0.3366,0.12422,-0.7953,-0.080952,0.0082454,-0.30207,-0.04894,-0.053688,-0.15481,-0.028097,-0.0052476,-0.011485,0.015625,-0.045735,0.032096,2,2,2,2,2,2,2,1,1,1,1
0.094021,0.02109,-0.40266,0.062998,0.02428,-0.4149,0.042906,0.029648,-0.42887,0.040757,0.037342,-0.39714,0.1029,0.026424,-0.48881,0.11957,0.046744,-0.56693,0.13531,0.039175,-0.56351,0.1313,0.047001,-0.57083,0.035351,0.036977,-0.35573,0.045591,0.014151,-0.23858,0.16673,0.0080953,-0.25049,0.21987,0.0057022,-0.24834,0.1197,0.019129,-0.4284,0.092264,0.024404,-0.32068,0.079154,-0.027943,-0.16919,0.087362,-0.052884,-0.12382,0.086247,0.023826,-0.36721,0.21112,0.054314,-0.54911,0.24347,0.025242,-0.61828,0.30591,0.0274,-0.63804,2,2,2,2,2,2,2,1,1,1,1
0.33001,-0.002299,-0.29298,0.3209,-0.0028812,-0.29653,0.3017,0.0075517,-0.28164,0.32807,-0.0035751,-0.30675,0.32927,-0.0028099,-0.29773,0.39552,-0.02484,-0.28326,0.48362,-0.0078177,-0.27822,0.5053,0.045358,-0.27553,0.29448,-0.0092355,-0.27439,0.31711,0.0057327,-0.2385,0.35973,0.010611,-0.18603,0.37085,0.0065643,-0.17188,0.33999,-0.0016998,-0.30113,0.3829,0.0048572,-0.41336,0.26904,0.017786,-0.3933,0.28213,0.038073,-0.3875,0.32872,-3.2142e-05,-0.28752,0.23073,-0.01516,-0.25267,0.21185,0.020796,-0.24969,0.17889,0.015627,-0.22221,2,2,2,2,2,2,2,1,1,1,1
0.20363,-0.047489,-0.22213,0.2058,-0.022201,-0.2247,0.24903,0.072273,-0.21742,0.26438,0.057316,-0.17844,0.28918,0.043208,-0.23679,0.36958,0.045311,-0.29611,0.35985,0.039457,-0.28721,0.34353,-0.032013,-0.27363,0.24677,0.030931,-0.2375,0.24418,0.007294,-0.20979,0.077603,-0.052367,-0.055523,0.058393,-0.038219,-0.037558,0.20084,-0.0086833,-0.18054,0.29033,0.012741,-0.18636,0.43912,-0.012691,-0.3415,0.47274,-0.0074465,-0.30093,0.18953,-0.026248,-0.25243,0.067775,-0.058973,-0.066277,0.027147,-0.026377,-0.053348,0.032331,-0.020888,-0.036376,2,2,2,2,2,2,2,1,1,1,1
0.053401,0.027897,0.093611,0.10525,0.018362,0.11064,0.098043,0.0036095,0.097613,0.011626,0.0087883,0.071491,-0.0069881,-0.0069801,0.17585,-0.20611,-0.030303,0.31339,-0.30399,-0.048873,0.41584,-0.32246,-0.045328,0.43533,0.056375,-0.024853,-0.058018,0.133,0.0029527,-0.16246,0.26251,0.047893,-0.19303,0.26879,0.037217,-0.15179,0.029563,-0.0072592,0.10942,0.095089,-0.041235,0.12091,0.022334,-0.0021388,0.0097094,0.0088473,-0.005703,-0.00037265,0.070575,0.027741,0.07288,0.18549,0.13123,0.033594,0.26806,0.025677,0.016533,0.22881,0.06521,-0.067463,2,2,2,2,2,2,2,1,1,1,1
-0.040173,-0.0019781,0.30668,-0.066967,-0.0040885,0.30712,-0.10571,-0.027703,0.30917,-0.077639,-0.020422,0.33631,-0.091304,-0.05119,0.28663,0.0017604,-0.057775,0.28897,0.010701,-0.050938,0.26674,0.012359,-0.041183,0.30009,-0.05009,-0.0057653,0.38184,-0.10897,0.00046656,0.43295,-0.20844,0.0026149,0.26429,-0.22947,0.016951,0.27664,-0.036826,-0.0089987,0.27895,-0.061404,-0.025831,0.43331,0.054237,0.005366,0.82077,0.024852,0.13703,0.79102,-0.028517,-0.011003,0.33027,-0.079468,-0.093096,0.13436,-0.015073,-0.021595,0.011799,-0.012885,-0.065712,0.098853,2,2,2,2,2,2,2,1,1,1,1
-0.13168,-0.019933,0.39838,-0.14957,-0.030747,0.3907,-0.13092,-0.088042,0.41901,-0.096742,-0.08153,0.43293,-0.047459,0.01432,0.37185,-0.063648,0.072836,0.29489,-0.12715,0.073033,0.32498,-0.14926,0.09143,0.29191,-0.096471,-0.019229,0.47498,-0.095866,-0.055655,0.50716,-0.083834,-0.080017,0.66718,-0.074462,-0.10801,0.66298,-0.11613,-0.0046656,0.37862,-0.33622,0.008097,0.39428,-0.38199,-0.057218,0.19177,-0.3484,-0.1599,0.15911,-0.1515,-0.03124,0.41401,-0.044316,-0.0087658,0.52155,-0.06077,-0.01554,0.56813,-0.00030005,0.028981,0.49691,2,2,2,2,2,2,2,1,1,1,1
-0.30434,-0.0088834,0.32101,-0.30648,-0.0010801,0.30905,-0.30086,-0.00025028,0.2577,-0.31083,-0.0077164,0.25068,-0.31783,-0.029164,0.27675,-0.34789,-0.10487,0.31117,-0.31787,-0.1058,0.27397,-0.30929,-0.11334,0.25776,-0.33408,-0.013199,0.29547,-0.366,0.057112,0.37237,-0.34715,0.074632,0.41323,-0.36094,0.080884,0.42946,-0.30715,-0.0066402,0.32911,-0.16008,-0.017181,0.34629,-0.12853,0.014256,0.22502,-0.18678,-0.029636,0.30735,-0.30472,-0.0082577,0.32988,-0.34703,-0.085371,0.28847,-0.32541,-0.038631,0.35348,-0.30538,-0.035795,0.40966,2,2,2,2,2,2,2,1,1,1,1
-0.26757,-0.015485,0.34163,-0.23127,-0.012446,0.33504,-0.17888,-0.011295,0.33629,-0.2203,-0.011394,0.31802,-0.27805,-0.015931,0.36092,-0.32261,0.0045768,0.37713,-0.30732,0.0079638,0.38424,-0.30957,-0.012064,0.40535,-0.23297,-0.020617,0.26742,-0.20004,-0.051127,0.14529,-0.21662,-0.068159,0.073829,-0.22329,-0.078308,0.043631,-0.28637,-0.0042988,0.35744,-0.33511,-0.0092667,0.31604,-0.3761,-0.036934,0.4256,-0.36107,-0.010941,0.31952,-0.27343,-0.027552,0.33219,-0.34165,-0.018808,0.31504,-0.31169,0.021473,0.11762,-0.4119,-0.020329,0.11941,2,2,2,2,2,2,2,1,1,1,1
-0.0011426,0.016629,0.26194,-0.0030575,0.014701,0.27313,-0.083321,0.013804,0.25683,-0.071012,0.016854,0.28197,-0.079322,0.053539,0.33714,0.14657,0.051013,0.21811,0.19332,0.029293,0.16296,0.2417,0.057059,0.075297,-0.066073,-0.0072042,0.22062,-0.18774,0.043478,-0.0064766,-0.2834,0.069084,-0.0061333,-0.30943,0.098802,-0.017357,0.010378,-0.019851,0.30951,0.046523,0.027876,0.1244,-0.030666,0.018791,0.1809,-0.030399,0.033897,0.17408,0.017881,0.03799,0.20463,0.025554,0.12171,0.29391,-0.097378,0.00086445,0.35065,-0.07579,0.03669,0.2771,2,2,2,2,2,2,2,1,1,1,1
0.10073,-0.55055,0.053893,0.095121,-0.57086,0.01693,0.085021,-0.6554,0.0088401,0.082271,-0.65611,0.00022745,0.085021,-0.6554,0.0088406,0.027929,-0.66988,0.019816,0.12682,-0.17589,0.13224,0.081971,-0.02029,0.20929,0.085021,-0.6554,0.0088401,0.084082,-0.65404,0.0089185,0.13814,-0.40791,0.19979,0.15616,-0.32587,0.2634,0.03933,-0.53375,0.033493,0.16574,-0.48361,0.12153,0.30789,0.17184,0.03884,0.32653,0.10771,0.11515,0.1846,-0.57033,0.084099,0.185,-0.43514,0.06575,0.17916,-0.50975,0.035055,0.10458,-0.51886,0.16952,2,2,2,2,2,2,2,1,1,1,1
0.15733,0.56667,-0.089289,0.14851,0.57919,-0.063002,0.14651,0.65167,-0.0025358,0.14651,0.65142,-0.0025382,0.19646,0.61416,-0.088913,0.19155,0.67774,-0.036494,0.028732,0.26711,0.019212,0.025507,0.12444,0.056387,0.14651,0.65167,-0.0025353,0.14651,0.65167,-0.0025206,0.25805,0.54451,-0.00686,0.29522,0.50879,-0.0083084,0.23669,0.56102,-0.15018,0.11498,0.52631,-0.098144,0.080183,-0.154,0.024796,0.065566,-0.15181,0.0089407,0.060068,0.5853,-0.059,0.2728,0.40931,-0.096151,0.31927,0.49923,0.18271,0.42641,0.4577,0.10524,2,2,2,2,2,2,2,1,1,1,1
0.203,0.018309,-0.33143,0.22591,0.0075172,-0.31383,0.23854,-0.021644,-0.30522,0.24526,-0.041982,-0.42563,0.19698,0.0086736,-0.21127,0.14534,-0.042345,-0.16662,0.17981,-0.096783,-0.37918,0.1913,-0.11493,-0.45004,0.2897,0.018782,-0.34645,0.46839,-0.040478,-0.2419,0.4551,-0.17787,-0.55966,0.45216,-0.24929,-0.65331,0.1776,0.013902,-0.27615,0.13927,-0.057414,-0.35162,0.10817,0.0054375,-0.21634,0.084975,0.020857,-0.19984,0.21971,0.012464,-0.39086,0.12533,-0.0097393,-0.3659,0.1311,0.0056013,-0.40819,0.11844,0.009108,-0.41597,2,2,2,2,2,2,2,1,1,1,1
0.019197,0.032496,-0.34748,0.0091268,0.036875,-0.34699,0.004523,0.031407,-0.40519,-0.0026002,0.056978,-0.3412,-0.0024773,0.0098651,-0.40341,-0.0020914,0.038305,-0.31585,0.032764,0.056894,-0.38371,0.043411,0.070907,-0.42761,-0.00012803,0.035678,-0.33471,-0.05286,0.030396,-0.27903,-0.074373,0.040448,-0.31893,-0.10555,0.046978,-0.32794,0.022729,0.027236,-0.34934,0.038957,0.038406,-0.34889,0.07065,0.02116,-0.57282,0.079008,0.027022,-0.62398,0.021138,0.030436,-0.32386,0.070366,0.042585,-0.33597,0.020172,0.048477,-0.16955,0.033195,0.029871,-0.11813,2,2,2,2,2,2,2,1,1,1,1
0.22069,-0.018172,-0.20318,0.19024,-0.019345,-0.20831,0.20316,0.0068583,-0.16241,0.23379,0.0071526,-0.15213,0.27565,0.00010163,-0.27226,0.22427,0.029721,-0.43593,0.26391,0.024917,-0.42457,0.28633,0.0089613,-0.41727,0.20051,-0.017283,-0.096396,0.1552,-0.044283,0.035521,0.14818,-0.079129,0.18553,0.16703,0.0035829,0.2288,0.23632,-0.0066271,-0.24363,0.14118,-0.0043879,-0.18966,0.021335,-0.00040168,-0.088782,0.00056112,-0.011877,-0.04279,0.20851,-0.016895,-0.17407,0.14966,-0.043153,-0.19535,0.18642,-0.035698,-0.48427,0.21115,0.032917,-0.57078,2,2,2,2,2,2,2,1,1,1,1
0.30434,-0.061817,-0.087823,0.30208,-0.049278,-0.084125,0.31605,0.010648,-0.07005,0.33119,0.0017594,-0.042514,0.33689,-0.007262,-0.075228,0.33212,-0.044268,-0.048201,0.30713,-0.065963,0.039412,0.28369,-0.083788,0.092012,0.28771,-0.015751,-0.095542,0.30591,-0.015298,-0.099961,0.40428,0.026305,-0.14122,0.41749,-0.03737,-0.17146,0.3082,-0.038029,-0.066332,0.53294,-0.039716,-0.13744,0.74575,0.010139,-0.16845,0.84441,0.022855,-0.14348,0.29555,-0.045158,-0.10098,0.10817,-0.0035347,-0.0034242,0.021738,-0.058913,-0.029233,0.025938,-0.059335,-0.025708,2,2,2,2,2,2,2,1,1,1,1
0.25621,0.019831,0.080921,0.25273,0.019338,0.073967,0.25038,0.0050079,0.039541,0.24086,0.0065412,0.030699,0.24646,0.011884,0.031147,0.29961,0.027228,0.037852,0.38959,0.060417,0.027981,0.45333,0.094687,-0.0096338,0.25038,0.0050079,0.039541,0.25601,0.011355,0.053124,0.15492,-0.056614,0.14501,0.14937,-0.055709,0.19637,0.25362,0.017802,0.087346,0.15951,0.010089,0.13119,0.038604,-0.04113,0.076775,0.018276,-0.025577,0.07397,0.25798,0.020063,0.08967,0.47276,-0.0065168,0.12561,0.49936,0.054498,0.33206,0.49792,0.014926,0.34591,2,2,2,2,2,2,2,1,1,1,1
0.086799,0.054305,0.23487,0.12495,0.039931,0.24708,0.14449,-0.029398,0.23862,0.096804,-0.014006,0.17954,0.05466,0.020493,0.34267,-0.013911,0.0059733,0.4504,-0.19861,-0.017448,0.46579,-0.2742,-0.016825,0.49338,0.1611,0.013036,0.20673,0.2019,0.040278,0.10531,0.23879,0.090903,-0.024608,0.23272,0.096908,-0.09376,0.062673,0.032417,0.23763,-0.012758,0.0094902,0.14158,-0.03372,0.014714,0.12212,-0.078932,0.003566,0.052726,0.09577,0.030699,0.2119,0.024754,-0.0084459,0.1416,0.057803,-0.0050014,0.084943,0.001271,-0.0043964,0.06695,2,2,2,2,2,2,2,1,1,1,1
0.04691,-0.047668,0.18713,0.080659,-0.040724,0.17438,0.056021,-0.015674,0.18166,0.026582,-0.010444,0.20641,0.074458,-0.064904,0.22198,0.17162,-0.080905,0.31616,0.19031,-0.088704,0.33555,0.18369,-0.10581,0.34823,-0.0019712,-0.019608,0.042116,-0.0043883,-0.030342,-0.034207,-0.11102,-0.060972,-0.0097263,-0.13923,-0.081538,-0.0020165,0.061335,-0.052952,0.23692,0.15223,0.060605,0.35324,0.37793,0.061029,0.48942,0.31676,0.09722,0.49544,0.030557,-0.03343,0.1442,0.021621,0.013654,0.10156,0.0049139,0.017385,0.0086112,-0.0015146,0.0081782,0.012134,2,2,2,2,2,2,2,1,1,1,1
0.16452,-0.066375,0.16735,0.16711,-0.072018,0.16805,0.13334,-0.10486,0.22546,0.12789,-0.068326,0.28287,0.13297,-0.10593,0.2258,0.1408,-0.091213,0.24884,0.25643,-0.13321,0.33261,0.25216,-0.12805,0.32178,0.06693,-0.0032819,0.22815,-0.033277,-0.011355,0.23099,-0.068013,0.0126,0.26749,-0.090804,0.0069818,0.28535,0.18466,-0.067343,0.14724,0.25353,-0.098143,0.28277,0.14682,-0.062332,0.1504,0.13962,-0.095227,0.16104,0.14533,-0.044416,0.1932,0.005201,-0.02808,0.15804,-0.031724,-0.053125,0.15057,-0.10852,0.0079811,0.15943,2,2,2,2,2,2,2,1,1,1,1
-0.10174,-0.014283,0.16524,-0.10636,0.0082537,0.17258,-0.11039,0.14114,0.18427,-0.081291,0.10755,0.16853,-0.11039,0.14114,0.18427,-0.1292,0.1189,-0.11708,-0.13364,0.098993,-0.17578,-0.13364,0.099004,-0.17578,-0.11207,0.028996,0.19147,-0.094907,-0.0050861,0.19924,0.019956,-0.074339,0.15131,0.035429,-0.073267,0.13436,-0.10895,0.020013,0.14261,-0.27609,-0.030771,0.062372,-0.36762,-0.038923,0.14926,-0.38279,-0.044226,0.23408,-0.087157,-0.0061465,0.18383,0.15744,0.0027061,0.25789,0.33985,0.030705,0.27873,0.38991,-0.021902,0.26873,2,2,2,2,2,2,2,1,1,1,1
-0.23387,-0.013501,0.12987,-0.2262,-0.014319,0.11256,-0.22013,-0.054713,0.067416,-0.21884,-0.072886,0.086094,-0.22013,-0.054713,0.067416,-0.13475,0.13712,-0.078415,-0.043389,0.18734,-0.2108,-0.043385,0.18735,-0.21079,-0.25482,-0.037465,0.045984,-0.29478,0.012644,0.08442,-0.2911,0.076613,0.089805,-0.29621,0.10825,0.10044,-0.22579,-0.014955,0.13683,-0.059705,0.0070114,0.13387,-0.038791,-0.055204,0.036119,0.06657,-0.048988,0.038331,-0.24149,0.0027228,0.13145,-0.35379,-0.0012401,0.16129,-0.39305,-0.029839,0.14879,-0.35781,-0.026789,0.27064,2,2,2,2,2,2,2,1,1,1,1
-0.14471,0.063783,0.080463,-0.1477,0.061666,0.067013,-0.16824,0.015844,0.0079885,-0.15089,0.0081859,-0.013452,-0.16824,0.015844,0.0079885,-0.16832,0.015933,0.0083487,-0.16856,0.016305,0.0082898,-0.16855,0.016332,0.008296,-0.18027,0.013984,0.0063658,0.0094463,0.063946,0.096195,-0.17642,0.1171,0.19424,-0.19421,0.11726,0.22556,-0.15266,0.059084,0.10335,-0.16336,-0.0021539,0.079694,-0.046435,0.037601,0.044669,-0.1132,0.036897,-0.029045,-0.13391,0.063009,0.064523,-0.11895,0.017595,0.016537,-0.03189,-0.013003,0.07513,-0.047424,-0.019462,0.013187,2,2,2,2,2,2,2,1,1,1,1
0.05512,0.0046293,-0.11758,0.043926,-0.002542,-0.094529,0.055433,-0.0060127,-0.066144,0.072576,-0.02428,-0.11389,0.070525,-0.0098774,-0.17896,0.020133,-0.17895,0.022905,-0.030829,-0.14116,0.085553,0.019017,-0.11458,0.071856,0.055434,-0.0060127,-0.066144,0.055433,-0.0060128,-0.066132,0.18044,-0.0034998,0.059311,0.22211,-0.0026621,0.10112,0.075847,-0.01186,-0.18754,-0.12876,0.13085,-0.13641,-0.28941,0.18337,-0.0029755,-0.18668,0.18478,-0.0084496,0.036824,-0.024721,-0.060765,0.09871,0.011564,-0.12531,-0.058671,-0.019704,-0.1556,-0.092299,0.019857,-0.21551,2,2,2,2,2,2,2,1,1,1,1
0.20037,0.022792,-0.30989,0.16058,0.013113,-0.29725,0.20491,0.0035453,-0.28167,0.17717,0.053968,-0.26631,0.21657,0.013466,-0.27906,0.051591,0.048997,-0.1316,-0.10977,0.026857,-0.089588,-0.15527,-0.026247,-0.043805,0.39755,-0.024259,-0.1444,0.37476,-0.0061596,-0.21644,0.47026,0.023328,-0.53934,0.52127,0.027609,-0.66323,0.16198,0.017764,-0.29118,0.34005,-0.041401,-0.48385,0.44344,-0.097276,-0.64439,0.40585,-0.1081,-0.65934,0.23918,0.0037711,-0.34022,0.11208,-0.029046,-0.12285,-0.0057507,-0.020819,-0.011402,0.10546,0.0020831,0.0085089,2,2,2,2,2,2,2,1,1,1,1
0.20848,0.012959,-0.44702,0.22759,0.011767,-0.44376,0.21432,0.0086148,-0.44463,0.21202,-0.00081635,-0.4265,0.16999,0.030579,-0.38398,0.29071,0.018553,-0.53484,0.3679,0.085661,-0.68459,0.42999,0.18823,-0.77882,0.18919,0.0096386,-0.49629,0.15336,-0.06538,-0.41253,0.12906,-0.15679,-0.27513,0.094631,-0.2051,-0.21787,0.2099,0.0090355,-0.42847,0.11178,-0.021072,-0.24559,0.049236,-0.032552,-0.077485,0.038921,-0.035223,-0.029577,0.20563,0.013256,-0.46878,0.36902,0.051872,-0.7126,0.55455,0.1226,-0.8815,0.48887,0.079258,-0.92274,2,2,2,2,2,2,2,1,1,1,1
0.013132,0.0093243,-0.33667,0.046187,0.016498,-0.34854,0.058089,0.040067,-0.35279,0.013647,0.017042,-0.30816,0.070617,-0.017414,-0.29473,0.1251,-0.0075849,-0.010371,0.10507,-0.070335,0.23139,0.057493,-0.11786,0.3375,-0.029223,0.034042,-0.40045,-0.015985,0.15529,-0.63041,-0.076521,0.12754,-0.76972,-0.086802,0.139,-0.8103,0.022698,0.0033769,-0.28819,0.024813,0.012375,-0.45728,0.063421,0.030549,-0.65628,-0.0089335,0.03498,-0.67433,-0.011238,0.011927,-0.3798,0.012286,-0.010604,-0.22077,-0.001793,-0.0038811,-0.062252,-0.0634,0.023614,-0.050522,2,2,2,2,2,2,2,1,1,1,1
-0.2086,-0.055351,-0.20674,-0.20131,-0.069493,-0.20926,-0.21208,-0.12667,-0.16322,-0.19545,-0.066802,-0.12977,-0.19309,-0.07412,-0.14238,-0.18665,-0.063754,-0.13332,-0.17915,-0.060314,-0.12462,-0.19189,-0.094023,-0.13349,-0.23,0.034377,-0.1451,-0.45995,-0.096772,-0.077666,-0.57217,-0.042703,0.091294,-0.5996,-0.038668,0.14662,-0.19724,-0.039036,-0.24703,-0.13404,-0.023255,-0.12791,-0.025278,-0.025337,-0.058256,-0.047903,-0.01691,-0.011912,-0.22394,-0.045315,-0.16121,-0.45798,0.012003,-0.2649,-0.55533,-0.0025741,-0.44305,-0.5618,-0.03091,-0.33581,2,2,2,2,2,2,2,1,1,1,1
-0.15163,0.047516,0.12748,-0.18355,0.062738,0.14361,-0.17272,0.14607,0.11921,-0.10991,0.087899,0.11275,-0.1792,0.12508,0.041225,-0.33539,0.072949,-0.081214,-0.3716,0.031622,-0.11295,-0.36221,0.014973,-0.10336,-0.089677,-0.0047098,0.13684,0.13362,0.02516,0.12839,0.31257,-0.0049109,0.062816,0.36539,0.0060789,0.046471,-0.17563,0.051452,0.12963,-0.23101,0.055766,0.077864,-0.16173,0.049003,0.17809,-0.10438,0.082558,0.082003,-0.11506,0.040528,0.1208,0.070239,-0.005891,0.30992,-0.036674,0.065331,0.13032,-0.019144,0.034852,0.079601,2,2,2,2,2,2,2,1,1,1,1
0.054573,-0.0062648,0.42298,0.048572,0.0019009,0.40613,0.04431,0.024399,0.37082,0.020105,0.023081,0.31344,0.051672,-0.026373,0.38374,0.11766,-0.018342,0.37154,0.14909,0.044245,0.44184,0.15114,0.049379,0.46012,0.072686,-0.013317,0.394,0.10715,-0.036665,0.53888,0.13581,-0.011854,0.67749,0.14538,-0.0012713,0.72128,0.053559,-0.016616,0.43289,0.042171,0.0081295,0.59105,-0.17177,0.0064119,0.37456,-0.16736,0.0037153,0.37474,0.059915,-0.010001,0.42522,0.008415,0.016052,0.31684,0.19881,-0.056753,0.51986,0.24088,-0.0034674,0.4565,2,2,2,2,2,2,2,1,1,1,1
-0.091078,-0.062077,0.38551,-0.11825,-0.055799,0.38022,-0.13704,-0.047652,0.37644,-0.14976,-0.045598,0.39212,-0.088991,-0.024517,0.27456,-0.12917,-0.057534,0.23716,-0.18398,-0.084175,0.15889,-0.19893,-0.07044,0.12618,-0.18607,-0.030954,0.37849,-0.18834,0.018266,0.47925,-0.18638,-0.044548,0.51394,-0.20402,-0.055857,0.49957,-0.073712,-0.047575,0.35983,0.021178,-0.062518,0.34677,0.040279,-0.10538,0.51383,0.084602,-0.10525,0.51829,-0.10845,-0.039234,0.41892,-0.10028,-0.022473,0.42281,-0.028699,-0.040084,0.44665,0.062322,-0.031367,0.48286,2,2,2,2,2,2,2,1,1,1,1
-0.2168,0.023512,0.085886,-0.16467,0.0098746,0.089645,-0.14594,-0.044689,0.099121,-0.14831,-0.057144,0.052634,-0.19959,-0.0068943,0.24877,-0.2027,-0.0022813,0.23688,-0.16305,0.16677,0.44741,-0.17358,0.15596,0.45008,-0.14061,-0.024191,0.01098,-0.21368,-0.067036,-0.19752,-0.28705,-0.0080265,-0.40465,-0.29636,-0.014536,-0.47672,-0.23018,0.0052053,0.14073,-0.29474,0.0074456,0.065361,-0.27321,0.028906,0.13296,-0.28137,-0.024811,0.17071,-0.20802,-0.0080723,0.013954,-0.21875,-0.044603,-0.015749,-0.17546,-0.034851,0.12188,-0.31764,-0.057042,0.18249,2,2,2,2,2,2,2,1,1,1,1
0.068057,0.03582,-0.25253,0.021061,0.030563,-0.24166,0.032164,0.0098533,-0.24272,0.073306,0.044709,-0.22394,0.023356,0.023024,-0.33933,0.033639,0.097395,-0.47223,0.062677,0.004277,-0.90349,0.11182,0.027483,-1.0097,0.069617,0.020724,-0.083796,0.057195,0.0014095,0.079124,0.073695,-0.019397,0.21158,0.073128,-0.038767,0.25427,0.071098,0.036707,-0.32289,0.05161,-0.011151,-0.37139,0.003335,0.0055416,-0.42688,0.029102,0.014045,-0.43577,0.073533,0.041706,-0.19059,0.020768,0.076555,-0.25457,-0.1734,0.12368,-0.31596,-0.083303,0.13858,-0.41083,2,2,2,2,2,2,2,1,1,1,1
0.15744,-0.0086933,-0.2947,0.15405,-0.0083017,-0.29268,0.13743,0.0013051,-0.2853,0.12288,-0.0040063,-0.27755,0.15791,-0.017346,-0.30841,0.19811,-0.074912,-0.24996,0.21755,-0.15792,-0.14338,0.20972,-0.17215,-0.07567,0.15005,-0.024391,-0.30887,0.16832,-0.00019953,-0.31262,0.17679,0.0084964,-0.41078,0.18626,0.038146,-0.42529,0.15305,-0.0065643,-0.29378,0.23744,0.079224,-0.35496,0.29956,0.051978,-0.4076,0.29802,0.04606,-0.39892,0.16483,-0.010607,-0.29481,0.087389,-0.079312,-0.13868,-0.02756,-0.10129,-0.042541,-0.056669,-0.14639,0.038581,2,2,2,2,2,2,2,1,1,1,1
0.12547,0.042995,-0.26489,0.14957,0.04293,-0.26635,0.13729,0.023682,-0.28711,0.082823,0.018503,-0.29264,0.093214,0.033803,-0.18981,0.11048,0.036151,-0.16458,0.085107,0.056826,-0.20124,0.078737,0.051705,-0.23913,0.13455,0.067996,-0.31806,0.15494,0.064046,-0.44456,0.17067,0.058431,-0.42977,0.16265,0.035008,-0.43638,0.11947,0.030847,-0.23033,0.057314,-0.041219,-0.10475,0.021695,-0.0061411,-0.0055795,0.00047323,-0.010763,-0.013812,0.1296,0.045213,-0.29067,0.33877,0.076435,-0.47876,0.56533,0.069292,-0.64296,0.54938,0.080237,-0.72194,2,2,2,2,2,2,2,1,1,1,1
0.042575,-0.012233,-0.22095,0.076433,-0.0051558,-0.23486,0.082884,0.028205,-0.22169,0.072961,0.023758,-0.19114,0.12653,-0.0014913,-0.18727,0.1703,-0.018502,-0.044228,0.14239,-0.052415,0.091899,0.13111,-0.046789,0.16118,-0.0030485,0.00098801,-0.31182,-0.031976,0.076658,-0.42823,-0.15019,0.070585,-0.51239,-0.19308,0.080974,-0.51708,0.062352,-0.0022342,-0.18215,0.019584,0.018226,-0.30711,0.041221,-0.0026081,-0.37946,-0.024533,0.013834,-0.36781,0.010514,-0.0099685,-0.25619,0.01719,0.01904,-0.14601,-0.010835,-0.011278,-0.051168,-0.025931,-0.024957,-0.020088,2,2,2,2,2,2,2,1,1,1,1
-0.16836,-0.032724,-0.1605,-0.16423,-0.027147,-0.15633,-0.16117,0.01676,-0.11117,-0.15243,0.011571,-0.10532,-0.16322,0.015381,-0.10932,-0.21251,0.0044377,-0.14309,-0.31485,0.051061,-0.17886,-0.35161,0.067409,-0.20727,-0.18399,-0.00021255,-0.12435,-0.23202,-0.069116,-0.078097,-0.25263,-0.050643,-0.0065856,-0.24578,-0.036904,0.015095,-0.16639,-0.025081,-0.17795,-0.019849,0.0045064,-0.098081,-0.048441,-9.0957e-05,-0.14582,-0.061149,0.01525,-0.12806,-0.17107,-0.0078971,-0.14835,-0.30775,-0.0078995,-0.25418,-0.1755,0.0036582,-0.26507,-0.22484,0.022795,-0.23992,2,2,2,2,2,2,2,1,1,1,1
-0.31941,-0.02569,-0.15178,-0.31653,-0.025833,-0.14957,-0.29509,0.016974,-0.13102,-0.2882,0.0097138,-0.13837,-0.29509,0.016974,-0.13102,-0.29499,0.017862,-0.12837,-0.19189,-0.018838,-0.15454,-0.13848,-0.057993,-0.11627,-0.29291,0.00024632,-0.13499,-0.25648,-0.0093379,-0.14414,-0.21928,-0.020129,-0.11173,-0.16632,-0.045085,-0.10559,-0.32066,-0.016134,-0.16069,-0.46551,-0.060432,-0.086814,-0.17328,0.035197,0.0038064,-0.16331,0.049897,-0.024507,-0.32315,-0.020252,-0.14256,-0.27515,-0.00040284,-0.034735,-0.28974,-0.00046909,-0.011811,-0.28868,0.011984,-0.034151,2,2,2,2,2,2,2,1,1,1,1
