-0.00039072,0.0033627,0.0013869,-0.00048082,0.0031796,0.00097752,-0.00068679,0.001074,-0.00066495,-0.00069377,0.0011077,-0.00041032,-3.18E-05,0.0025834,0.0019267,0.0002434,-0.0018339,0.00032544,0.0010602,-0.0032215,0.0013132,0.0013441,-0.011,-0.0039613,0.0018985,0.0010327,0.0011301,-1.58E-05,0.0021554,0.0020907,-0.00019956,0.002129,0.0011139,-0.00091618,-0.0059308,-0.0036058,-0.00041991,0.0015395,0.006886,0.0013609,0.0010471,-0.00037885,-0.0019163,0.0017523,0.00022411,-0.0030099,0.0012189,0.00029325,0.0014589,0.00014621,-0.0073607,-0.00050966,-1.55E-05,0.00080347,-0.0023259,-0.0024837,0.0013177,-0.0029424,-0.0030531,0.0014763,4
-0.00063311,0.0059089,-0.004262,-0.00099687,0.0072002,-0.005183,-0.0075843,0.004841,-0.014887,-0.0049985,0.0052092,-0.016079,-0.010321,-0.0048256,-0.0086136,-0.0024609,0.0048518,-0.0072558,-0.0010189,0.0015578,-0.00016952,-0.0064741,0.018322,0.010983,-0.0052838,0.0001975,-0.014038,-0.0016615,0.0027736,-0.0053976,0.0040079,0.0070438,-0.0095153,0.014406,0.0067146,-0.019049,-4.41E-06,-0.0006693,-0.0016484,-0.0022583,0.0035974,-0.0025382,0.011165,-0.0027038,0.0044451,0.013385,-0.0049275,0.0049901,0.0010716,0.009495,-0.0076842,0.0011193,-0.009956,0.0021434,-0.0091812,0.0038853,0.00023818,-0.013544,0.0074012,-0.0029006,4
-0.0077011,0.015105,-0.0065835,-0.0070806,0.010237,-0.0063727,-0.0089489,-0.00034967,0.0031562,-0.0049499,0.0025809,-0.0076184,-0.012567,0.010042,-0.004473,-0.010567,0.012498,-0.014351,-0.012209,0.020948,-0.01657,-0.014156,0.0025514,-0.032709,0.013198,0.013659,-0.0065672,0.16321,0.29611,-0.0032184,0.15004,0.69644,0.1764,0.10797,0.85571,0.29216,-0.012607,0.0087103,-0.0034876,0.00022408,-0.0062871,-0.012096,-0.0056471,0.006122,-0.0062139,-0.0089644,-0.00034773,-0.0039723,-0.0024946,0.015199,-0.018538,0.0025962,0.048874,-0.0052691,-0.010015,0.013636,-0.0059915,-0.016305,0.0085462,-0.0048852,4
0.0073667,-0.0019717,-0.0028448,0.007564,0.00036234,-0.0019321,0.002039,0.0047771,0.00010347,-0.0093812,-0.00017029,0.010189,-0.0011885,-0.00061032,0.0039089,-0.0024717,0.01684,0.011095,-0.00033656,0.00024593,0.0038581,-0.0011259,0.0030373,0.012963,-0.0017269,0.011991,-0.00048709,-0.013692,0.042971,-0.012549,-0.0091136,0.019793,-0.0095489,0.059341,0.0027596,-0.035623,0.0096532,-0.0043018,-0.0083356,-0.021094,-0.050356,0.0033672,0.022466,-0.0091176,-0.0062132,0.031139,0.0017289,-0.015025,0.0074214,-0.0014325,0.0021312,0.0049864,0.011252,0.0030432,-0.0081505,-0.004755,0.0012603,-0.015022,-0.0029269,0.0001781,4
-0.00047803,0.004439,-0.00056577,-0.00027679,0.0035185,-0.00071669,-0.0024527,0.0038131,0.00013638,-0.008974,0.0028868,0.00062108,-0.00023949,-0.00012729,-0.0022106,0.0039796,-0.0042211,-0.0119,0.0085478,0.0081172,-0.0074439,0.016563,0.0046761,-0.020117,-0.0022137,0.0055707,0.0012088,-0.001032,0.030991,-0.004997,0.11991,0.032006,-0.079473,0.17692,0.021037,-0.10399,-0.00087196,0.0042056,0.0058537,0.0089661,-0.00026017,0.0016987,-0.0065809,-0.0029826,-0.0042028,-0.011479,-0.0013372,-0.0070517,-0.0012608,0.0064601,-0.0050223,0.0098101,0.0057531,0.0018628,-0.001355,0.0042922,-0.0035307,-0.0041077,0.007709,-0.0057213,4
0.0047042,-0.0031846,-0.0047026,0.004729,-0.0025972,-0.004703,0.0033924,-0.0019087,-0.0074532,0.015214,-0.0014741,-0.014394,0.00050461,0.0040814,-0.0042973,-0.0021279,0.011494,0.0080798,0.003767,0.00033569,-8.73E-05,0.0042286,-0.0011656,0.0028052,0.0072447,0.0032265,-0.007283,0.015753,-0.0058528,-0.014659,0.0882,-0.042621,-0.052224,0.054572,-0.062252,-0.069072,0.0043666,-0.0047288,-0.0098472,-0.0057022,-0.00071537,-0.001754,0.0042853,-0.0046277,0.0040796,0.0068745,-0.0074633,0.0056241,0.0078702,-0.0059084,-0.0014915,-0.0097919,0.016451,-0.012206,0.0062283,-0.0078397,0.013774,0.0076604,-0.024097,0.023511,4
0.0027,-0.019942,-0.021638,0.00043258,-0.016617,-0.020071,0.0080867,-0.0012502,-0.013636,0.0097263,-0.00041249,-0.016872,0.015809,-0.0056109,-0.022593,0.013829,-0.018997,-0.036666,0.0093628,0.0023246,-0.020252,0.014005,0.012327,-0.017592,-0.0056997,-0.026636,-0.010671,-0.14996,-0.34654,-0.030201,-0.27077,-0.6645,-0.16547,-0.31812,-0.76373,-0.19047,0.002622,-0.0068892,-0.024824,0.013941,0.003925,-0.0072229,-0.0089692,-0.012935,0.010363,-0.0081198,-0.023669,0.018672,-0.0020634,-0.019854,-0.011405,-0.0018361,-0.035758,-0.00061727,-0.0069691,-0.023775,-0.0032868,-0.0017717,-0.02274,-0.0057049,4
-0.00019729,-0.0018389,-0.0031462,-0.0012064,-0.0012483,-0.0036569,-0.00055109,0.0016497,-0.0085356,-0.0010623,-0.0014878,-0.006964,-7.61E-05,0.0039991,-0.007189,-0.0035198,6.68E-05,-0.001693,-0.011615,-0.0065381,0.0050366,-0.023387,-0.016681,0.0012572,0.00040295,-0.002515,-0.0012875,0.0041945,0.0061963,0.02213,-0.023121,0.03946,0.057485,-0.0076444,0.037817,-0.023618,-0.0010645,-0.001296,-0.0060096,-0.012792,-0.0037085,-0.0024643,0.018874,0.0058899,0.0012014,0.03111,0.010409,0.00091243,0.00081736,-0.0054654,0.0001359,-0.00031231,-0.0067009,-0.0035119,-0.0042654,-0.0018014,0.0030394,-0.0031148,-0.0042446,0.0051177,4
0.0011852,-0.0012093,0.00093627,0.00033654,-0.0010335,0.00043011,0.0018067,-0.0018888,0.00046921,-0.0038894,0.003081,0.0051408,-0.00791,0.0019256,0.00010872,-0.0034107,0.0021268,0.00078678,0.0067457,0.0052292,-0.0032427,0.013228,0.0040407,-0.00080276,-0.0043323,-0.00086126,0.0032427,0.042729,0.083315,-0.032694,0.136,0.19202,-0.016158,0.18353,0.26297,0.027762,0.00045863,-0.0014501,-0.0021999,0.017492,0.068253,-0.002116,-0.017423,0.0005126,0.013205,-0.024433,-0.015223,0.027481,0.0024831,-0.0035481,0.0075176,0.0065818,-0.026768,0.0024714,-0.0089864,0.00076413,-0.0067029,-0.010912,0.0078908,-0.01172,4
0.0045497,0.024714,0.0051053,0.0043937,0.021455,0.0038428,-0.0086606,0.0061092,-0.0057945,0.0028744,0.0049683,-0.0049593,-0.0060084,0.0061137,-0.0028946,-0.0065662,0.011482,-0.0053723,-0.00025719,0.0082796,-0.011752,0.0043585,0.0096234,-0.01246,0.014773,0.035174,-0.0023825,0.090981,0.29474,0.043269,0.031022,0.51301,0.18251,-0.002839,0.57471,0.27458,0.0042275,0.013198,0.01015,0.0045174,-0.0048661,-0.0018954,-0.008795,0.010037,-0.012021,-0.018606,0.013845,-0.019286,0.010871,0.027902,-0.0075917,0.0048387,-0.0081601,-0.0066152,0.017901,0.022521,-0.0032778,0.018313,0.023315,-0.0042431,4
-0.00052406,0.00056547,-0.0052814,-0.0014365,0.0021043,-0.0056837,-0.0068043,0.0024137,-0.0090983,-0.013047,0.00074608,-0.0040071,-0.0088731,-0.0029417,-0.0027051,0.0046022,-0.0065575,-0.0085878,-0.004069,-0.0033171,0.00073123,-0.010315,-0.0039333,-0.00013971,-0.0021466,-0.00010508,-0.00055408,0.011901,-0.056118,0.010964,0.014822,-0.026577,0.008379,0.0047476,-0.017918,0.017956,0.00015411,-0.0017128,-0.0039346,0.0068877,0.0030239,-0.0051637,-0.0039159,-0.00081336,0.0028248,-0.0075767,-0.0047998,0.0068896,1.00E-05,0.0002507,-0.0056341,-0.0042752,0.085092,-0.011551,0.0058999,0.0059482,0.015082,0.0051274,-0.013427,0.032257,4
-0.01434,-0.022414,-0.026038,-0.021438,-0.015959,-0.028546,-0.010967,0.004247,-0.045738,-0.0011323,0.0084155,-0.045997,0.00052088,0.013089,-0.05464,-0.020704,-0.0025903,-0.039769,-0.019776,-0.018092,-0.012048,-0.01867,-0.018566,0.0016475,-0.039632,-0.02698,-0.023441,-0.16082,-0.3515,0.00081086,-0.13986,-0.76366,-0.095288,-0.11563,-0.9022,-0.15745,-0.0092032,-0.010891,-0.044655,-0.022918,0.0084847,-0.013521,0.010696,-0.0069615,0.0017912,0.038301,0.001652,0.00043964,-0.020303,-0.027064,0.0021183,0.0024367,-0.022533,-0.094055,0.0768,0.0031921,-0.21244,0.11461,0.055732,-0.24295,4
0.26991,0.09171,-0.27573,0.26071,0.087403,-0.27838,0.27303,0.070279,-0.26596,0.28394,0.058305,-0.26312,0.29858,0.077002,-0.29164,0.25535,0.059336,-0.23307,0.23003,0.038025,-0.20336,0.22502,0.04977,-0.18709,0.28273,0.06274,-0.22371,0.24911,0.078629,-0.29535,0.17098,0.14251,-0.36478,0.1387,0.14086,-0.39991,0.27384,0.10607,-0.28685,0.2963,0.073629,-0.40662,0.28403,0.15869,-0.62602,0.2896,0.22583,-0.65409,0.26778,0.073302,-0.26705,0.21287,-0.0090207,-0.22747,0.17737,0.057819,-0.24163,0.19026,0.062329,-0.23891,6
0.34441,0.029902,-0.33776,0.32987,0.041103,-0.3484,0.32809,0.065709,-0.36982,0.38399,0.068071,-0.32781,0.38687,0.1108,-0.40209,0.41994,0.20336,-0.58625,0.50456,0.26535,-0.66143,0.52707,0.25717,-0.69081,0.29808,0.027213,-0.39523,0.27909,0.020271,-0.38052,0.27624,-0.062074,-0.28286,0.27007,-0.058304,-0.23776,0.36327,0.032597,-0.36354,0.32703,0.080108,-0.31493,0.24085,0.01377,-0.29503,0.25297,-0.0068899,-0.28532,0.32776,0.019965,-0.29826,0.37245,0.07772,-0.31168,0.41182,0.040225,-0.35268,0.43796,0.043857,-0.33796,6
0.22062,-0.035902,-0.13313,0.25949,-0.039619,-0.1212,0.30225,-0.053544,-0.13042,0.28023,-0.042646,-0.086735,0.30543,0.018281,-0.060839,0.412,-0.045106,-0.031392,0.43376,-0.11613,0.002763,0.4627,-0.11037,0.020525,0.22901,0.021673,-0.22015,0.1183,0.11226,-0.26953,0.24713,0.099744,-0.30127,0.21926,0.066412,-0.25572,0.23189,-0.019984,-0.042076,0.34934,-0.063493,0.052892,0.48923,-0.046332,0.18011,0.46358,-0.058268,0.1735,0.19049,0.0095376,-0.19601,0.34068,0.068442,-0.18208,0.5013,0.11222,-0.17449,0.47088,0.12419,-0.19071,5
0.2005,0.058095,0.087554,0.2159,0.052051,0.089142,0.20183,0.065215,0.13875,0.20036,0.013514,0.11415,0.12229,-0.07952,0.16021,0.021092,-0.093843,0.29704,-0.11752,-0.094788,0.38264,-0.19421,-0.088763,0.4108,0.24975,0.079734,0.15202,0.49188,0.088726,0.25584,0.50129,0.14407,0.33234,0.57372,0.19303,0.30197,0.16819,0.029468,0.079732,0.11904,-0.008659,0.12028,0.060282,0.020435,0.15673,0.021797,-0.011554,0.17548,0.22767,0.056754,0.077546,0.098464,-0.021963,0.062871,-0.046915,-0.042263,0.070351,-0.089435,-0.04956,0.067912,5
-0.067333,-0.084219,0.36699,-0.095514,-0.06702,0.36435,-0.082881,-0.033834,0.32849,-0.14733,-0.035263,0.34447,-0.056325,-0.044627,0.25189,-0.058439,-0.027261,0.21319,-0.0065683,-0.067028,0.32102,-0.0027027,-0.067158,0.32195,-0.018676,-0.12185,0.38411,-0.14101,-0.22377,0.43004,-0.25675,-0.25123,0.54998,-0.27613,-0.25727,0.59282,-0.078398,-0.083933,0.29725,-0.063558,-0.029216,0.21233,-0.061801,0.094902,0.3841,-0.025322,0.086863,0.42742,-0.052309,-0.12209,0.44254,-0.067204,-0.12064,0.5038,-0.077229,-0.15265,0.55116,-0.0306,-0.16592,0.55901,5
-0.12707,-0.11593,0.26604,-0.13107,-0.11567,0.25617,-0.092568,-0.15439,0.22343,-0.045765,-0.093903,0.2194,-0.019667,-0.060079,0.24071,-0.037794,-0.07916,0.21013,-0.14964,-0.04684,0.22987,-0.15783,-0.040146,0.21472,-0.10908,-0.10015,0.2589,-0.36085,0.068371,0.078726,-0.53045,0.06726,-0.081888,-0.5308,0.067794,-0.082211,-0.10124,-0.10036,0.3391,-0.19793,-0.17237,0.31704,-0.26509,-0.26115,0.058432,-0.24834,-0.22013,0.0041575,-0.16012,-0.069354,0.21376,-0.11191,-0.033775,0.25706,-0.28568,-0.029454,0.30429,-0.30249,-0.057841,0.31257,5
-0.063605,-0.0098104,0.023366,-0.062084,-0.014928,0.031388,-0.10749,-0.0019298,0.069353,-0.13911,-0.0053443,0.086548,-0.14106,0.015012,0.054913,-0.14866,0.012146,0.083036,-0.064168,-0.033651,-0.014955,-0.088224,-0.0018522,-0.033286,-0.13705,0.0059879,0.014709,-0.12265,-0.020228,0.031404,-0.073156,-0.037067,0.069597,-0.073231,-0.036952,0.069527,-0.054661,0.0053546,-0.0019886,-0.019034,0.073669,0.0079296,0.10859,0.017014,-0.016474,0.11691,0.036878,-0.016729,-0.068622,-0.022726,0.032482,-0.073195,0.0029967,-0.0046601,0.042335,-0.046242,0.059702,0.042762,-0.05965,0.088899,5
-0.039101,0.082142,-0.042534,0.013718,0.073863,-0.056164,-0.027908,0.035003,-0.061069,-0.065072,0.024317,-0.15518,-0.046526,0.046473,0.16031,-0.028797,0.042533,0.162,-0.082828,0.062963,0.069906,-0.11367,0.067347,0.15571,-0.063526,0.049585,-0.17277,0.20823,-0.065229,-0.1529,0.28142,-0.047653,-0.25633,0.24407,-0.054913,-0.34105,-0.047103,0.019719,0.011456,-0.059317,0.01684,0.011134,-0.049815,0.079912,-0.10315,-0.14686,0.082679,-0.10201,-0.032884,0.075891,-0.12451,-0.071499,-0.013554,-0.20718,-0.0176,0.10015,-0.3565,-0.094278,0.14574,-0.37546,5
-0.19137,0.058125,-0.38592,-0.20006,0.059597,-0.37353,-0.17298,0.093167,-0.35826,-0.1687,0.086676,-0.34303,-0.23709,-0.041662,-0.44325,-0.19327,-0.04061,-0.39733,-0.12151,0.00019699,-0.33876,-0.058205,-0.033127,-0.41665,-0.16119,0.064212,-0.32998,-0.17679,0.056791,-0.29016,-0.24628,0.071999,-0.25606,-0.28897,0.070192,-0.26089,-0.20926,0.071847,-0.39576,-0.18045,0.1174,-0.48776,-0.28073,0.077518,-0.47955,-0.27305,0.087103,-0.48442,-0.17649,0.058647,-0.37224,-0.19951,0.094487,-0.31471,-0.21273,0.035283,-0.29483,-0.19442,0.033749,-0.30765,5
-0.35819,0.061636,-0.31811,-0.35347,0.069094,-0.33275,-0.38486,0.036036,-0.39175,-0.39771,0.056938,-0.33685,-0.36088,0.044717,-0.37221,-0.35833,0.035802,-0.43149,-0.38377,0.054417,-0.47551,-0.3755,0.051119,-0.46179,-0.41853,0.1211,-0.38829,-0.47858,0.14829,-0.46872,-0.49265,0.067691,-0.46632,-0.43029,0.10579,-0.47343,-0.34412,0.035065,-0.29722,-0.45663,0.032156,-0.17516,-0.60232,0.0089965,-0.028844,-0.6322,-0.0063925,-0.0053861,-0.37809,0.062806,-0.33163,-0.42428,0.10195,-0.42843,-0.46849,0.14293,-0.51995,-0.4854,0.15298,-0.51107,5
-0.33981,0.033504,-0.011888,-0.40002,0.03621,0.0027823,-0.36477,0.09415,0.046698,-0.27441,0.03329,0.048918,-0.3028,0.1274,-0.099877,-0.41029,0.15849,-0.076082,-0.51258,0.12198,-0.030844,-0.53363,0.1238,-0.025117,-0.25028,-0.046985,0.18847,-0.23187,-0.111,0.32285,-0.16803,-0.06351,0.37487,-0.18631,-0.10547,0.4418,-0.34908,0.081868,-0.11584,-0.31976,0.0021979,-0.091858,-0.2449,0.040506,-0.05966,-0.14827,0.0095106,-0.075094,-0.30562,0.0065333,0.090673,-0.33731,-0.036875,0.21072,-0.36622,-0.071691,0.3264,-0.27634,-0.092492,0.31731,6
-0.12068,-0.048877,0.13386,-0.071898,-0.042467,0.13736,-0.10904,-0.0057341,0.15853,-0.094146,-0.030288,0.18599,-0.13179,-0.054862,0.22225,0.16264,0.0086348,0.12726,0.41644,0.0029712,0.0841,0.42502,-0.0011602,0.10246,-0.24181,0.0366,0.019842,-0.20594,0.059434,-0.042321,-0.12579,-0.0084259,0.016758,-0.071635,0.019989,0.038336,-0.095061,-0.021774,0.15734,-0.10623,-0.050548,0.24121,-0.097886,-0.009104,0.30018,-0.18434,0.004656,0.31603,-0.15269,-0.025172,0.12555,-0.157,-0.021984,0.046979,-0.15372,0.014993,-0.012354,-0.23242,0.03806,-0.01056,5
0.01541,0.032946,0.10998,-0.051827,0.017278,0.097069,-0.038788,-0.05497,0.12229,-0.066639,0.01703,0.030072,0.0042319,0.0042577,-0.023229,-0.27614,-0.040574,0.0035651,-0.4465,-0.0068918,-0.015372,-0.43391,-0.0047415,-0.045178,0.019853,-0.058734,0.26484,0.0051556,-0.054535,0.25081,-0.017886,-0.035654,0.13256,-0.070243,-0.065604,0.095929,0.019753,0.010033,0.045264,0.088157,0.095002,-0.096105,0.23955,0.46315,-0.38672,0.3651,0.5321,-0.38327,0.02973,-0.0087439,0.13874,0.039831,-0.061055,0.18945,0.056714,-0.051012,0.24346,0.16366,-0.075387,0.2625,4
0.0244,0.021926,0.0094159,0.02833,0.0163,0.011217,0.032399,-0.0016671,-0.012149,0.033279,0.0011892,-0.02564,-0.0009045,0.010039,-0.0017729,0.065755,0.017,-0.020802,0.20926,0.072387,-0.04128,0.24955,0.08971,-0.03888,0.079137,0.0087989,0.032048,0.22115,0.19419,0.17615,0.27882,0.65628,0.16581,0.27035,0.77879,0.17349,0.012036,0.012043,0.0076971,-0.00059909,-0.0038038,-0.0037963,0.032564,0.14511,0.065668,0.027304,0.15364,0.065925,0.04129,0.020303,0.00439,0.04275,0.07374,0.005878,0.1554,0.33506,0.32471,0.10285,0.44722,0.45616,4
0.0035671,0.003063,-0.012782,0.00090292,0.0083356,-0.018215,0.0053951,0.015218,-0.032673,0.020855,0.0039674,-0.025253,0.026635,0.0028449,-0.044158,-0.0022259,-0.0050067,-0.051421,-0.080199,-0.038484,-0.04151,-0.10544,-0.052796,-0.045069,-0.0019736,-0.017407,-0.02781,0.0048327,0.007797,-0.038061,0.05557,-0.030888,0.1171,0.10762,-0.044149,0.15387,0.011216,-0.0076632,-0.030451,0.014704,0.015435,-0.032503,-0.037347,-0.12735,-0.10382,-0.044499,-0.095208,-0.10188,-0.0053704,-0.011176,-0.00077009,0.019292,-0.026127,-0.016438,-0.080768,-0.31501,-0.36073,-0.025867,-0.42196,-0.49453,5
0.18958,-0.1399,-0.074562,0.18846,-0.11445,-0.068856,0.21796,-0.015204,-0.0021949,0.24177,-0.052202,0.037911,0.26249,-0.0283,0.033415,0.33911,-0.021293,0.0019174,0.36191,-0.092536,-0.0022521,0.36988,-0.11467,-0.0058997,0.1721,-0.0049546,0.0060518,-0.0046955,-0.24179,-0.0097959,-0.19329,-0.56431,-0.23567,-0.21424,-0.69189,-0.28149,0.19545,-0.077702,0.031415,0.23254,-0.06255,-0.019823,0.16477,-0.51001,0.058376,0.1859,-0.61048,0.058149,0.1687,-0.063501,-0.12386,0.24898,-0.056325,0.029163,0.32099,-0.078757,0.16353,0.3414,-0.084103,0.19908,6
0.38911,-0.0090821,0.2607,0.42003,-0.025067,0.27476,0.42416,-0.067603,0.22228,0.35197,-0.065869,0.25801,0.31289,-0.16292,0.33795,0.48797,-0.047392,0.32349,0.54202,-0.032679,0.33107,0.49737,0.019384,0.30827,0.42416,-0.067603,0.22228,0.40195,0.05784,-0.010352,0.45772,-0.017136,0.024894,0.45273,0.015038,0.0021055,0.36247,-0.053606,0.27839,0.35804,-0.10834,0.32096,0.35464,-0.097295,0.39553,0.31095,-0.090576,0.36436,0.40386,-0.014049,0.22598,0.47343,-0.053739,0.13934,0.50971,0.0018609,0.066563,0.4715,0.018666,0.01658,6
0.37587,-0.14573,0.4242,0.3945,-0.15629,0.41598,0.3276,-0.22443,0.35671,0.39609,-0.23063,0.33825,0.32107,-0.11359,0.41586,0.057053,-0.25127,0.59077,-0.10739,-0.23613,0.62087,-0.087801,-0.27105,0.65976,0.3897,-0.16323,0.23054,0.52488,-0.22319,0.41856,0.60611,-0.19044,0.5664,0.6167,-0.20131,0.61177,0.35955,-0.1598,0.41009,0.34334,-0.10964,0.38306,0.42985,0.0077335,0.62462,0.42033,0.087842,0.75403,0.40084,-0.15711,0.4325,0.24952,-0.039304,0.33434,0.41484,-0.014884,0.29111,0.39542,-0.0076028,0.28086,6
0.010262,-0.15036,0.38675,0.00051516,-0.14273,0.39782,0.03069,-0.075528,0.4774,-0.036859,-0.05926,0.47479,0.10639,-0.074538,0.31027,0.11972,-0.088134,0.25314,0.14155,-0.098141,0.34782,0.15183,-0.11923,0.3758,-0.069269,-0.02945,0.41375,-0.27171,0.012866,0.3229,-0.22205,0.01257,0.44427,-0.18788,-0.0076233,0.43423,0.057603,-0.11824,0.41361,0.070591,-0.1147,0.40549,0.15955,-0.22978,0.2922,0.22935,-0.28544,0.23918,-0.042965,-0.11159,0.39895,0.050688,-0.12504,0.44354,-0.1392,-0.11226,0.65158,-0.20851,-0.082629,0.64675,5
0.030608,0.028825,0.2715,0.064374,0.018662,0.26353,0.033393,-0.022464,0.27384,0.0022412,-0.0025063,0.18657,-0.011693,-0.078828,0.40762,-0.0018139,-0.090147,0.45812,0.0056076,-0.074188,0.37531,0.0016489,-0.07761,0.36185,0.079243,-0.056864,0.19962,0.25594,0.2409,0.16221,0.038821,0.61005,0.042346,-0.0223,0.77245,0.0915,0.0049661,-0.011952,0.27361,-0.16508,0.083987,0.54158,-0.17804,0.20028,0.57885,-0.23466,0.16811,0.49201,0.061613,0.018693,0.22121,0.015776,-0.017965,0.23133,-0.037601,-0.12639,0.0073686,-0.049669,-0.16857,0.031187,5
-0.0048499,0.0013757,0.057022,-0.006568,-0.0014782,0.057823,0.020068,-0.012945,0.048986,0.025257,-0.017029,0.058541,-0.040401,-0.037112,0.053745,-0.018522,-0.027605,-0.012991,-0.0077889,0.0097084,-0.10422,0.00087145,0.014896,-0.13561,0.04217,-3.11E-05,0.07332,0.056032,0.0096653,0.097672,0.0727,0.015097,0.093071,0.054562,0.015049,0.09037,-0.025751,-0.0080694,0.051767,0.16324,-0.18186,-0.15864,0.16345,-0.21629,-0.36348,0.11493,-0.20194,-0.35635,0.0035776,-0.022783,0.049406,0.017522,-0.014685,0.017397,0.042409,-0.016685,0.05056,0.056111,-0.028698,0.045763,5
0.015613,-0.070983,0.091361,0.0078893,-0.05906,0.089575,0.01278,-0.025266,0.042871,0.020773,-0.0041271,0.054571,0.015301,-0.0077606,0.044559,0.023551,-0.024964,0.11461,0.031225,-0.013196,0.13648,0.0074971,0.012178,0.1439,-0.00084639,-0.095886,0.084635,-0.047958,-0.48672,0.17129,-0.011683,-0.90342,0.061395,0.012968,-1.0468,0.020452,0.019702,-0.051035,0.084573,0.043719,0.0043905,0.097902,0.014612,-0.080108,0.11561,0.019043,-0.086057,0.11479,0.01598,-0.077264,0.12345,0.023809,-0.050125,0.10008,0.010174,-0.06819,0.12147,0.021471,-0.071038,0.11706,5
0.024128,0.0064775,-0.018396,0.020157,-0.00066727,-0.012951,0.039035,-0.007484,0.0073473,0.034843,-0.011743,0.0049841,0.049088,0.023416,-0.035001,0.062337,0.040461,-0.11988,0.041133,-0.020015,-0.10049,0.017038,-0.0072124,-0.096196,0.040877,-0.0057589,0.006676,0.023646,0.011053,-0.029134,-0.0064218,0.049417,-0.050322,-0.038553,0.060378,-0.083736,0.025175,0.0058409,-0.016196,0.022307,0.00057793,-0.032131,-0.016965,-0.018684,0.036512,-0.0066369,-0.03358,0.041107,0.018805,0.0068308,-0.032694,0.014583,-0.029058,0.054182,-0.0014436,-0.02107,0.068809,0.0085368,-0.022,0.066145,5
0.026557,0.031987,-0.16258,0.013399,0.031888,-0.16271,-0.0026015,0.014221,-0.17973,0.0040509,0.029005,-0.16458,-0.0091205,0.037228,-0.19478,-0.043794,0.031341,-0.1592,0.029828,0.094777,-0.20646,0.094245,0.088471,-0.22194,0.0018539,0.020623,-0.1499,0.042867,-0.00090235,-0.073411,0.091965,0.0073897,-0.027367,0.12557,-0.022577,-0.025895,0.02448,0.036347,-0.19677,-0.019985,0.032513,-0.14369,-0.048186,0.034088,-0.026106,-0.029694,-0.0088416,0.01027,0.038104,0.036179,-0.13077,-0.00054538,0.033987,-0.28474,0.016808,0.14964,-0.44557,0.035326,0.19123,-0.45555,5
-0.0066589,0.13385,-0.36392,0.0021769,0.12932,-0.36049,0.016921,0.12869,-0.3299,0.021908,0.11661,-0.3525,0.012538,0.12664,-0.33579,0.018042,0.1287,-0.29381,-0.020689,0.10034,-0.34574,-0.059613,0.050411,-0.37077,0.032237,0.13806,-0.36777,-0.023997,0.14709,-0.46698,-0.036855,0.16516,-0.51322,-0.035315,0.27107,-0.60989,-0.010768,0.13927,-0.35354,0.042366,0.17798,-0.47382,-0.048166,0.17344,-0.65053,-0.086923,0.23299,-0.68981,-0.012866,0.12429,-0.38018,0.032147,0.05121,-0.26123,0.042489,0.018076,-0.14156,0.037297,-0.002455,-0.13862,6
-0.025789,0.080253,-0.23752,-0.033467,0.076473,-0.2356,-0.046354,0.070357,-0.21889,-0.033961,0.07376,-0.20278,-0.037996,0.060695,-0.22818,-0.056257,0.077672,-0.32033,-0.031811,0.083084,-0.31509,0.0088339,0.13096,-0.2883,-0.045212,0.070703,-0.19173,-0.016124,0.059374,-0.14823,-0.014027,0.010192,-0.13131,0.0040048,-0.074276,-0.014853,-0.020811,0.079389,-0.24781,-0.057723,0.0096247,-0.19554,-0.0046887,0.037229,-0.13059,0.015634,0.019823,-0.12779,-0.023423,0.090286,-0.23082,-0.053159,0.1433,-0.28685,-0.10057,0.13151,-0.35502,-0.10139,0.14653,-0.35808,6
-0.0091398,0.014561,-0.035843,0.0076858,0.018235,-0.04056,0.018085,0.023435,-0.056303,-0.0024257,0.025244,-0.065763,0.010886,0.017702,-0.0079606,0.02404,0.011669,0.026939,0.0052997,-0.01544,0.04207,-0.0032866,-0.047141,0.035886,-0.0023631,0.035431,-0.080254,-0.019336,0.043896,-0.11918,-0.050613,0.048062,-0.1323,-0.088726,0.050762,-0.14896,-0.013313,0.0096716,-0.015559,-0.019178,0.01626,-0.022918,0.07695,0.039419,-0.059412,0.076485,0.050432,-0.062933,-0.019808,0.013839,-0.047822,0.006773,0.014893,-0.0090201,-0.068286,-0.0076528,0.084171,-0.10496,-0.023263,0.097143,5
-0.18647,0.015342,0.014144,-0.17322,0.0017301,-0.0062544,-0.2314,-0.096815,-0.016959,-0.23479,-0.076228,0.036215,-0.1825,-0.13687,0.02732,-0.1397,-0.12518,0.16884,-0.14926,-0.10544,0.28315,-0.16795,-0.095194,0.32089,-0.31806,-0.0075887,-0.011976,-0.3858,0.035148,-0.049883,-0.49248,0.03243,-0.0040917,-0.4888,0.041626,-0.020321,-0.13838,-0.068942,0.035359,-0.18737,0.059477,-0.090542,-0.2331,0.29104,-0.36951,-0.24428,0.27592,-0.18211,-0.21218,0.034816,-0.065303,-0.40774,0.13221,-0.055138,-0.15854,0.17752,0.13354,-0.12081,0.15265,0.14574,5
-0.35789,-0.10818,0.063452,-0.36,-0.067642,0.08147,-0.34402,0.11513,0.11624,-0.34032,0.055623,0.12951,-0.34402,0.11513,0.11624,-0.34191,0.11602,0.12142,-0.34169,0.11548,0.12234,-0.34211,0.11476,0.12195,-0.32861,0.011295,0.10661,-0.3762,-0.010694,0.11095,-0.31121,-0.039803,0.12343,-0.33739,-0.054829,0.15515,-0.37618,-0.013692,0.043912,-0.27033,-0.077444,0.12366,-0.37223,-0.27321,0.5304,-0.29685,-0.17867,0.45956,-0.34501,-0.086063,0.17332,-0.050854,-0.1162,0.23122,-0.32987,-0.093685,0.13117,-0.25134,-0.074716,0.17376,6
-0.15205,0.03143,0.24021,-0.16269,0.002391,0.22907,-0.19879,-0.15416,0.18421,-0.18978,-0.1188,0.17117,-0.19879,-0.15416,0.18421,-0.19968,-0.14856,0.16709,-0.19967,-0.14837,0.16715,-0.19968,-0.14856,0.1671,-0.17685,-0.066853,0.1809,-0.15035,-0.050556,0.19419,-0.17484,0.024282,0.22542,-0.20408,0.03397,0.20147,-0.13068,-0.055337,0.26796,-0.24998,-0.00088876,0.19624,-0.27413,-0.06177,0.28896,-0.28141,-0.080432,0.18178,-0.14478,0.0088107,0.14329,-0.32946,-0.055818,0.12322,-0.22348,-0.13516,-0.03252,-0.35453,-0.13104,-0.075486,5
-0.11172,-0.070729,0.12057,-0.10188,-0.057466,0.12509,-0.037839,0.029537,0.11933,-0.041816,0.023172,0.075005,-0.053169,0.024286,0.084358,-0.071272,-0.02179,-0.0013525,-0.11498,0.010039,-0.05522,-0.15657,0.058167,-0.090018,-0.0057245,-0.034687,0.090433,0.11992,-0.03944,0.095614,0.21631,0.016073,-0.030345,0.25175,-0.0045831,-0.052872,-0.15061,-0.0044343,0.1223,-0.073558,-0.091841,0.28306,0.050094,-0.12408,0.1297,-0.037104,-0.22033,0.14272,-0.11481,-0.090103,0.16192,-0.032616,-0.036553,0.066041,0.025936,-0.069196,0.16333,0.044162,-0.10197,0.16577,5
0.021231,0.059482,-0.00857,0.0082923,0.043534,-0.0013201,0.0056587,0.0072778,0.017705,0.010324,0.00026754,0.011647,0.001413,0.025764,-0.018407,-0.0073918,0.03512,-0.029491,0.017023,-0.0047446,0.0033081,0.026315,-0.037435,0.048328,0.062922,0.028582,0.042751,0.1592,0.37949,0.069271,0.097544,0.71562,0.26563,0.085529,0.84463,0.35796,0.016538,0.047422,-0.028091,-0.08578,0.052836,-0.00076318,-0.061959,0.063745,0.055287,0.01337,0.18157,0.047996,0.032697,0.059567,-0.0099976,0.008387,-0.0040945,0.042179,-0.0084444,0.030065,0.02886,0.0081204,0.040394,0.014468,6
0.0096654,-0.018175,-0.010479,0.0096861,-0.014694,-0.0084214,-0.0010322,-0.0018707,0.0062897,-0.0016594,0.0012907,0.013866,-0.0020368,-0.0083885,-0.0031354,0.0076695,-0.015749,-0.011875,-0.00039965,0.0032885,-0.015636,-0.012677,0.02623,-0.041689,-0.0093453,0.0020646,-0.01156,-0.034755,-0.0093419,-0.027948,-0.045971,-0.058178,-0.0048969,-0.02877,-0.072439,0.0092223,0.0083438,-0.012958,-0.0076697,0.10264,-0.096975,-0.071801,0.015544,-0.03925,-0.009295,0.025344,-0.056036,-0.014538,0.015655,-0.013192,-0.0080721,0.0041603,0.042809,-0.010758,-0.014727,-0.007013,0.0084398,-0.023565,-0.02002,0.02026,4
-0.021429,0.0078844,-0.017009,-0.01797,0.0087374,-0.018501,-0.017847,0.009423,-0.024321,-0.0083652,0.0031234,-0.013225,0.011327,0.059052,0.016885,0.0023786,0.067594,-0.0094719,0.0044037,0.010056,-0.0031054,0.031203,-0.011703,0.0093126,-0.026366,0.0044348,-0.016819,-0.01562,0.011266,-0.053614,0.014638,0.052137,-0.019614,0.029062,0.07642,-0.019788,-0.014315,0.0096239,-0.011365,-0.02228,0.043741,-0.0018334,-0.004678,0.0058599,-0.013757,-0.0045483,0.0066962,-0.013176,-0.030064,0.011104,-0.020724,-0.011812,-0.03464,-0.016993,0.0028378,0.006165,-0.016809,0.0016044,0.011078,-0.01979,4
-0.001464,0.014643,-0.020391,-0.0036039,0.011896,-0.019708,-0.015532,-0.00028774,-0.012983,-0.013817,0.0025014,-0.021665,-0.028461,-0.014359,-0.017444,-0.015499,-0.013634,-0.025081,-0.0044489,0.006763,-0.021327,0.004025,0.0072204,-0.036384,-0.011362,0.011774,-0.015744,0.012804,-0.0080489,-0.014031,0.11794,0.0097282,-0.10153,0.14423,0.0097822,-0.13671,-0.0037324,0.011606,-0.026278,-0.00079024,0.016602,-0.01844,0.11836,0.070641,-0.22132,0.055954,0.010086,-0.2324,0.0054829,0.021584,-0.016757,-0.004291,0.037244,-0.011664,0.031338,0.026526,-0.049069,0.040206,0.033401,-0.056912,4
-0.00022936,-0.030105,0.063789,-0.013543,-0.030656,0.067374,-0.014358,-0.022799,0.070264,-0.0040727,-0.01381,0.050649,-0.029958,-0.021627,0.039341,-0.051244,-0.0018123,0.052322,-0.0078421,-0.0030298,-0.033472,0.0053841,-0.019369,-0.042812,0.020906,-0.050705,0.096495,0.031507,-0.21336,0.11553,0.11516,-0.42719,-0.021276,0.15266,-0.48086,-0.1013,-0.0052427,-0.02243,0.046013,-0.030543,-0.023438,0.04043,-0.075251,-0.054778,0.14086,-0.054193,-0.088753,0.15501,0.011008,-0.044724,0.076865,0.012816,-0.035847,0.061112,-0.019127,-0.036706,0.021988,-0.0069508,-0.016161,0.011406,4
0.07097,-0.052135,0.117,0.04454,-0.041893,0.10749,0.06398,-0.029627,0.049006,0.059814,-0.024202,0.056445,0.049269,-0.010074,0.016572,0.025939,-0.027237,0.019385,0.0085057,-0.018633,0.077694,0.0074355,-0.029302,0.094347,0.049549,-0.053218,0.18287,-0.10078,-0.26744,0.24985,-0.16154,-0.49052,0.34946,-0.19034,-0.56816,0.36848,0.074505,-0.04338,0.07911,0.054683,0.00017154,0.081103,-0.020688,-0.053873,0.073981,0.00067708,-0.039714,0.072373,0.07643,-0.076348,0.1849,0.1132,-0.072379,0.1594,0.10998,-0.063388,0.15005,0.1527,-0.060124,0.15264,5
0.32502,-0.02856,0.027242,0.31485,-0.028744,0.025907,0.30219,-0.01074,0.047853,0.32026,-0.015815,0.064329,0.37624,-0.013342,0.0023184,0.3952,0.0089788,-0.06202,0.45006,0.061611,-0.079122,0.49221,0.08972,-0.11905,0.2864,-0.075764,-0.015279,0.27,-0.077463,0.11777,0.2038,-0.06245,0.080969,0.18649,-0.073345,0.098915,0.3403,-0.0066111,-0.016453,0.31843,0.058038,-0.12644,0.26257,0.058167,-0.16348,0.27512,0.05039,-0.13106,0.31499,-0.047557,0.055864,0.27732,-0.032689,0.11468,0.11661,0.13631,-0.0034711,0.006184,0.12938,0.032085,5
0.2696,-0.031551,-0.14416,0.27979,-0.027142,-0.13965,0.34953,-0.048382,-0.14432,0.37607,-0.025165,-0.10369,0.41087,0.037023,-0.097905,0.47888,0.040514,-0.11429,0.46542,-0.0087553,-0.081301,0.40326,0.00098139,-0.065093,0.34955,-0.048318,-0.14445,0.31739,-0.035071,-0.10131,0.32118,-0.072773,0.037033,0.32976,-0.034448,0.0076661,0.27531,-0.016329,-0.067538,0.27623,-0.072911,0.15923,0.44232,0.051899,0.18555,0.29512,0.064712,0.22739,0.24154,0.014238,-0.19865,0.23408,0.01895,-0.21508,0.57889,-0.12608,-0.044179,0.72955,-0.091178,-0.054375,6
0.37006,0.045854,0.15731,0.36302,0.042636,0.15014,0.30321,0.043716,0.12679,0.27067,0.026016,0.077003,0.18471,-0.029411,0.079664,0.14906,-0.040732,0.10326,0.20987,-0.019814,0.089088,0.26691,-0.032083,0.094145,0.286,0.073236,0.16,0.34992,0.058318,0.051926,0.37217,0.0737,-0.075071,0.36561,0.045766,-0.041718,0.36097,-0.0047034,0.082817,0.35325,-0.00096428,-0.070563,0.13765,-0.10035,-0.14444,0.26397,-0.093106,-0.2257,0.39517,-0.0029085,0.21211,0.37743,-0.065548,0.14041,0.1688,-0.044368,0.11202,0.13654,-0.076118,0.091211,5
0.00078309,-0.010372,0.0062778,0.031376,-0.015049,0.016277,0.036314,-0.012776,0.047197,0.0011906,-0.012941,0.031525,-0.0027686,-0.037654,0.12873,-0.052688,-0.061278,0.2858,-0.20349,-0.083886,0.3279,-0.2542,-0.087868,0.35903,0.066186,0.024664,-0.018602,0.20537,0.33177,-0.1258,0.22775,0.72214,-0.14416,0.23743,0.86466,-0.1522,-0.023896,0.003548,0.069437,0.0093006,-0.021699,0.092212,0.20991,-0.0078822,0.17342,0.20789,-0.017536,0.17594,0.0059487,0.021528,-0.063287,0.0053698,0.039146,0.019277,0.0078065,-0.0078092,0.045001,-0.036083,-0.01643,0.039842,4
-0.035015,0.020644,-0.0060871,-0.025274,0.014574,-0.0046189,-0.012471,0.0021223,0.011747,-0.013496,-0.0041211,0.02689,-0.0098859,-0.018275,0.0086241,-0.01931,0.028337,-0.086331,-0.013064,0.082012,-0.18887,0.018939,0.067844,-0.2222,-0.026208,0.05854,0.0038388,-0.077935,0.12911,0.0086086,-0.052859,0.1055,0.0062292,-0.036255,0.11034,0.019779,-0.037286,0.015257,0.0045683,0.013158,-0.07265,0.013038,-0.0089156,-0.0043925,-0.0065074,-0.035993,-7.86E-05,-0.012751,-0.038548,0.031261,-0.023124,-0.0074129,0.017148,-0.0096033,-0.0039364,0.026176,0.0031557,-0.015096,0.019743,0.0072489,4
0.0018202,-0.00027603,-0.01957,0.0042356,0.00082815,-0.020442,-0.013195,-0.00072771,-0.016018,-0.01358,0.0040442,-0.0078518,-0.011096,-0.0023853,0.00859,0.025959,-0.030079,0.019181,0.047206,-0.061379,0.058904,-0.0057633,-0.029454,0.067032,-0.018163,0.0063058,-0.027953,-0.020542,0.017422,-0.029524,-0.033662,0.028184,-0.021163,-0.034669,0.030305,-0.011877,0.0085788,-0.0039397,-0.017207,-0.016726,0.097322,-0.015128,-0.008374,0.0057676,0.0061481,0.0024631,-0.019477,0.020595,0.0005765,0.0031842,-0.022274,-0.0019429,0.012386,-0.017985,0.00044328,0.0033001,-0.015983,-0.0089708,0.001899,-0.012729,4
-0.055978,0.0051612,-0.022961,-0.049893,0.0070198,-0.026464,-0.044916,0.0076068,-0.040927,-0.050406,0.003016,-0.039951,-0.040359,0.0075944,-0.018711,-0.024166,0.0049094,-0.0073812,-0.011013,-0.0034425,-0.048311,0.037935,-0.031866,-0.06557,-0.049027,0.006122,-0.055364,-0.054639,-0.00078133,-0.094557,-0.093505,0.0011452,-0.1139,-0.083894,-0.0039525,-0.10164,-0.055728,0.00035167,-0.0092311,-0.013342,-0.018326,-0.00081396,-0.028645,-0.0084486,-0.027295,-0.049414,0.0051253,-0.034993,-0.059647,0.0046306,-0.032278,-0.030809,0.0078752,-0.054566,-0.043463,0.011505,-0.060486,-0.054008,0.017457,-0.058791,5
-0.1144,0.0023172,-0.12189,-0.11268,0.011765,-0.12813,-0.11255,0.028189,-0.16689,-0.12471,0.034854,-0.17165,-0.10055,0.016008,-0.13683,-0.10298,0.0081435,-0.129,-0.11101,0.0067596,-0.075269,-0.11264,0.0055443,-0.07385,-0.1364,-0.02934,-0.15541,-0.1947,-0.39457,-0.093397,-0.23541,-0.76716,-0.069216,-0.25364,-0.92371,-0.067339,-0.10825,0.0024093,-0.10147,-0.12529,0.017428,-0.074403,-0.092772,0.0094738,-0.049663,-0.085569,-0.00012803,-0.046147,-0.12001,0.0018512,-0.12112,-0.1507,0.072319,-0.20305,-0.21539,0.078674,-0.32882,-0.21969,0.10496,-0.33287,5
-0.2376,0.11469,-0.38227,-0.23165,0.11314,-0.38049,-0.21931,0.1227,-0.35274,-0.19748,0.13083,-0.3567,-0.2158,0.13461,-0.37277,-0.21159,0.12478,-0.40913,-0.27157,0.11757,-0.42085,-0.29165,0.10746,-0.38406,-0.22385,0.1305,-0.39805,-0.2765,0.21738,-0.45825,-0.36194,0.32241,-0.53784,-0.4613,0.35592,-0.66181,-0.2384,0.11842,-0.38347,-0.25735,0.13899,-0.51757,-0.35804,0.15508,-0.61497,-0.39086,0.18852,-0.61888,-0.24318,0.11432,-0.38889,-0.20077,0.080346,-0.28498,-0.20767,0.050263,-0.18607,-0.22062,0.042034,-0.17679,6
-0.1948,0.098235,-0.28681,-0.20615,0.093276,-0.27759,-0.21139,0.092067,-0.24627,-0.19014,0.082638,-0.24825,-0.20649,0.09701,-0.28575,-0.24924,0.12801,-0.34066,-0.22493,0.13554,-0.36724,-0.22803,0.15494,-0.3772,-0.18412,0.076842,-0.23388,-0.15037,-0.012852,-0.18666,-0.044521,-0.12144,-0.12029,0.073523,-0.12144,-0.006227,-0.19352,0.10545,-0.30555,-0.17395,0.01776,-0.26515,-0.18886,0.076614,-0.25311,-0.17549,0.084636,-0.25945,-0.19098,0.10051,-0.2814,-0.21686,0.076246,-0.34618,-0.25914,0.1273,-0.34083,-0.25135,0.13259,-0.34707,6
-0.019132,0.022742,-0.053533,-0.020046,0.023859,-0.056098,-0.019583,0.017475,-0.080056,-0.02971,0.012071,-0.083081,-0.022898,0.030895,-0.046696,-0.01707,0.0053333,0.048534,0.050082,-0.01088,0.032166,0.043604,-0.0064623,0.045236,-0.014125,0.018498,-0.045827,-0.021333,0.038701,-0.041127,-0.073491,0.091247,-0.090413,-0.13015,0.082152,-0.13938,-0.025556,0.022416,-0.051195,0.033729,-0.00013936,-0.014261,0.072729,0.0053052,0.017522,0.081968,-0.00055218,0.018051,-0.012307,0.017779,-0.04504,0.0041848,0.013821,-0.016347,0.037413,-0.0060592,0.024306,0.040147,-0.022803,0.026178,5
0.10592,0.019325,-0.084444,0.070077,0.019885,-0.08706,0.044231,0.014294,-0.10606,0.082323,0.016189,-0.1009,0.060244,0.030844,-0.19002,0.071002,0.050742,-0.28077,0.10593,0.10185,-0.24211,0.16297,0.091658,-0.27136,0.066792,-0.004283,-0.024057,0.073321,-0.040869,0.075102,0.15115,-0.10325,0.14626,0.16862,-0.10828,0.16951,0.11515,0.022652,-0.13854,-0.0046261,0.11258,-0.06517,-0.0060866,0.03149,0.10086,0.051688,-0.027395,0.15109,0.11906,0.0096412,-0.029226,0.0824,0.030593,-0.10716,0.12521,0.06363,-0.25091,0.18479,0.085165,-0.2657,5
0.19032,0.074237,-0.27649,0.18946,0.080227,-0.27968,0.20799,0.091405,-0.29346,0.19916,0.07594,-0.29649,0.20703,0.08211,-0.30488,0.14916,0.069816,-0.21302,0.055597,0.028664,-0.13857,0.013141,0.040247,-0.12572,0.19044,0.067551,-0.28681,0.18355,0.073937,-0.34852,0.16575,0.11348,-0.41363,0.2113,0.18859,-0.44163,0.19303,0.078476,-0.27188,0.21802,0.13051,-0.42353,0.24004,0.218,-0.59929,0.21335,0.39445,-0.54105,0.18202,0.066341,-0.2734,0.16673,0.043556,-0.17512,0.20223,-0.0022819,-0.10373,0.2141,-0.019464,-0.098774,6
0.10938,0.058075,-0.25674,0.10445,0.043356,-0.26322,0.11767,-0.033615,-0.27256,0.11612,0.0087894,-0.22166,0.14405,0.078969,-0.25381,0.19014,0.17259,-0.364,0.31605,0.24583,-0.48879,0.35818,0.28823,-0.51764,0.11688,0.06794,-0.23597,0.081316,0.10517,-0.2517,0.097011,0.070625,-0.26364,0.056585,-0.027265,-0.21877,0.12396,0.06423,-0.27528,0.14273,-0.016462,-0.1856,0.068238,-0.086905,-0.19425,0.088388,-0.20926,-0.29837,0.086789,0.04792,-0.25349,0.14039,0.10544,-0.31141,0.20198,0.10764,-0.39684,0.21553,0.12086,-0.39555,5
0.026691,-0.016151,0.0022795,0.027557,-0.00044507,-0.0024688,0.032764,0.015241,-0.041339,0.060729,0.0072334,-0.026401,0.066301,0.018881,-0.037897,0.082735,-0.063337,-0.024506,0.033094,-0.1487,0.051379,0.024242,-0.18265,0.075208,0.033588,-0.079041,-0.048078,0.025117,-0.094246,-0.018798,0.0048133,-0.075126,0.054446,0.00071251,-0.021571,0.060593,0.02864,-0.026891,-0.0040399,0.0013734,0.0038478,-0.0195,-0.031491,-0.0090903,-0.049153,-0.030161,-0.012421,-0.047651,0.0098933,-0.044744,0.053784,0.02176,-0.052226,0.042936,0.031873,-0.038633,0.041753,0.036518,-0.04297,0.046567,6
-0.022399,-0.062379,0.18299,0.027532,-0.061788,0.19671,-0.0057104,0.022043,0.29046,0.087037,-0.11695,0.21047,-0.056784,-0.11909,0.39884,-0.056115,-0.15148,0.53292,-0.099547,-0.20895,0.65958,-0.14269,-0.21805,0.67954,-0.056601,0.042759,0.15802,0.034896,0.0749,0.12175,0.086715,0.062342,0.020169,0.10787,0.053007,-0.048092,-0.039968,-0.078345,0.27577,0.094584,0.054396,0.1416,0.25875,0.16906,0.34174,0.18717,0.27689,0.37134,0.0030248,0.0036767,0.054178,0.06226,0.099184,-0.012934,0.019963,0.097202,0.25303,-0.068779,0.028513,0.32686,5
0.033656,-0.16012,0.54076,0.0063414,-0.16042,0.54606,0.045576,-0.16232,0.52354,-0.14547,-0.085401,0.61024,0.013045,-0.13126,0.42539,-0.018146,-0.1209,0.38475,-0.033247,-0.11304,0.40084,-0.020105,-0.1198,0.38723,0.058959,-0.14848,0.5942,0.049276,-0.19802,0.65232,0.020236,-0.24328,0.77776,0.028019,-0.25234,0.85251,0.025157,-0.1355,0.4791,-0.046344,-0.20027,0.51585,-0.21927,-0.17903,0.65077,-0.18939,-0.31277,0.64174,0.041892,-0.16697,0.60508,-0.060172,-0.36125,0.82356,-0.068598,-0.34269,0.72431,-0.013493,-0.30298,0.6486,5
-0.12772,-0.10617,0.37283,-0.13965,-0.10511,0.36323,-0.19806,-0.1429,0.32138,-0.13057,-0.094104,0.36228,-0.14484,-0.085357,0.38161,-0.14803,-0.084603,0.38761,-0.1651,-0.085389,0.37332,-0.16362,-0.084593,0.38252,-0.12743,-0.094835,0.3816,-0.18057,-0.1052,0.36064,-0.19559,-0.0815,0.37437,-0.23966,-0.11851,0.37797,-0.12232,-0.1077,0.39253,-0.21166,-0.17022,0.54268,-0.028091,-0.28625,0.39522,0.026611,-0.28272,0.3934,-0.10965,-0.11437,0.38179,-0.12897,-0.039806,0.37208,-0.22532,-0.092868,0.42249,-0.25238,-0.11063,0.43433,5
-0.059199,-0.019512,0.069298,-0.053483,-0.030482,0.0718,-0.050407,-0.049808,0.073048,-0.067429,-0.076197,0.041502,-0.063514,-0.024521,0.082858,-0.048608,-0.029152,0.088444,-0.051429,-0.0075929,0.04934,-0.059078,-0.0091828,0.032933,-0.076532,-0.0075874,0.055385,-0.031325,0.0014685,0.11194,-0.082153,-0.011971,0.011666,-0.063122,-0.039746,-0.038629,-0.05607,-0.014942,0.071773,-0.070587,-0.004092,0.039151,-0.020319,0.023756,-0.0052249,-0.023094,0.041318,-0.016371,-0.063371,-0.016281,0.050815,-0.034141,-0.026277,0.020542,-0.083026,0.0016361,-0.072165,-0.090827,0.040794,-0.088447,5
-0.08838,0.047514,-0.1342,-0.043644,0.056742,-0.12935,-0.0040561,0.13257,-0.0389,0.052242,0.11756,-0.035277,-0.032117,0.0091597,-0.028209,-0.030387,0.0081891,-0.010917,0.053965,0.12983,-0.23204,0.064587,0.11373,-0.22119,-0.11724,0.036194,-0.18434,-0.18057,0.053744,-0.33883,-0.06755,0.039738,-0.25803,-0.089153,0.072754,-0.22779,-0.084591,0.026584,-0.098357,-0.012065,0.0065964,-0.040962,-0.0010469,-3.14E-05,-0.040053,-0.016796,-0.053126,0.0033667,-0.11872,0.069465,-0.1903,-0.11685,0.094897,-0.24782,0.13206,0.071231,-0.26172,0.14405,0.03522,-0.24037,6
-0.10137,0.08491,-0.22056,-0.16507,0.088247,-0.22734,-0.15153,0.06561,-0.27963,-0.17972,0.094541,-0.356,-0.1097,0.097733,-0.42655,-0.12589,0.13788,-0.55,-0.17762,0.058536,-0.43411,-0.16867,0.085526,-0.45061,-0.050631,0.024947,-0.11405,-0.071247,-0.0017586,-0.047488,-0.11976,0.069376,-0.096967,-0.10133,0.065753,-0.090796,-0.090895,0.10401,-0.29873,-0.12432,0.091053,-0.32404,-0.34437,0.038785,-0.366,-0.33145,0.07938,-0.40498,-0.090327,0.047402,-0.14079,-0.053845,0.04831,-0.17053,-0.1968,0.1386,-0.358,-0.14583,0.19594,-0.37577,6
-0.096014,0.13469,-0.35488,-0.050378,0.12579,-0.35179,-0.068577,0.099081,-0.35749,-0.10849,0.10627,-0.3683,-0.099276,0.10703,-0.22237,-0.053553,0.06146,-0.10877,-0.078133,0.047614,0.040615,-0.093545,0.042901,0.071546,-0.067201,0.1449,-0.49129,-0.015233,0.17936,-0.56152,-0.060225,0.2271,-0.6115,-0.071853,0.25954,-0.64596,-0.1167,0.11703,-0.27875,-0.12202,0.13859,-0.40551,-0.10958,0.20196,-0.55863,-0.18221,0.2404,-0.57581,-0.093236,0.14794,-0.42853,-0.1299,0.098184,-0.37874,-0.053502,0.059722,-0.28169,-0.11478,0.051845,-0.28748,6
-0.20654,0.0657,-0.24067,-0.21394,0.0694,-0.23894,-0.20479,0.083073,-0.24516,-0.18663,0.067494,-0.2259,-0.22561,0.056532,-0.26816,-0.26499,0.075054,-0.32782,-0.27879,0.04967,-0.4394,-0.36176,0.2658,-0.581,-0.19335,0.064326,-0.21544,-0.18913,0.046085,-0.16547,-0.13751,-0.0018701,-0.096469,-0.1319,-0.0067608,-0.086165,-0.21232,0.069119,-0.25374,-0.14754,0.04404,-0.21315,-0.11369,0.028129,-0.17635,-0.096993,0.021286,-0.17983,-0.20128,0.062988,-0.22437,-0.21617,0.078467,-0.31226,-0.25543,0.089004,-0.30922,-0.24698,0.090082,-0.31099,5
-0.015211,0.0071765,-0.062007,-0.021332,0.0053303,-0.059216,-0.038173,0.0038761,-0.045069,-0.033647,0.01911,-0.052273,-0.022991,0.014379,-0.055638,-0.0053793,0.014059,-0.042415,0.048723,0.078452,-0.073973,0.12791,-0.12938,0.034292,-0.033549,0.010158,-0.037313,-0.051378,0.0047269,-0.045571,-0.094679,0.012051,-0.068039,-0.076572,0.034978,-0.06085,-0.010978,0.010961,-0.070659,-0.027092,0.03048,-0.039409,-0.041695,-0.0064312,-0.028351,-0.039209,-0.0088186,-0.028482,-0.011617,0.012352,-0.054655,-0.021103,-0.0018848,-0.01327,-0.029494,-0.019922,0.020952,-0.026471,-0.024992,0.020863,5
0.061528,-0.10862,0.26227,0.068152,-0.10687,0.25563,0.085917,-0.1192,0.21963,0.068905,-0.11364,0.21254,0.069158,-0.10881,0.24869,0.082404,-0.11862,0.2787,0.06249,-0.14081,0.29882,0.069164,-0.16422,0.29348,0.074061,-0.11562,0.22609,0.0604,-0.10201,0.19588,0.02044,-0.11525,0.16723,-0.0067641,-0.12312,0.14708,0.053574,-0.11123,0.27654,0.02154,-0.08243,0.24457,0.27642,0.28149,0.37112,0.20135,0.24518,0.4206,0.060999,-0.11544,0.25889,0.098796,-0.081846,0.27778,0.13969,-0.11646,0.27353,0.13967,-0.1213,0.27423,6
-0.0076414,-0.095908,0.38812,-0.014497,-0.098887,0.39238,-0.018344,-0.098214,0.41397,-0.01912,-0.10291,0.38377,-0.038188,-0.095888,0.38766,-0.044436,-0.072593,0.32167,0.0059244,-0.089932,0.26984,-0.05626,0.013189,0.25135,-0.020064,-0.10076,0.42047,0.01476,-0.11013,0.46566,0.063439,-0.090484,0.46862,0.10325,-0.125,0.50187,-0.0086609,-0.093342,0.36623,-0.0021363,-0.1365,0.45636,-0.1205,-0.48056,0.45369,-0.0071724,-0.46823,0.41476,-0.0028525,-0.095845,0.40045,0.0085352,-0.071439,0.38923,-0.20993,-0.034459,0.39104,-0.24417,0.0011027,0.40336,5
-0.013097,-0.10773,0.40085,-0.013134,-0.10455,0.39533,-0.015591,-0.11251,0.36158,-0.01695,-0.12095,0.35427,-0.0012004,-0.10094,0.38067,-0.017439,-0.10476,0.46887,-0.029444,-0.1043,0.43004,-0.017438,-0.16613,0.49738,0.0016361,-0.10184,0.37974,-0.035422,-0.099309,0.39026,-0.072929,-0.1164,0.40593,-0.11899,-0.12052,0.39159,-0.015485,-0.10899,0.40889,-0.010572,-0.085454,0.35122,-0.060747,-0.1075,0.25569,-0.082653,-0.091719,0.24605,-0.010386,-0.11344,0.40556,-0.041589,-0.13574,0.48543,0.042681,-0.17932,0.67761,0.048578,-0.25562,0.69679,5
-0.0042272,-0.024587,0.12286,-0.010854,-0.026308,0.12594,-0.014196,-0.022031,0.14375,-0.0094327,-0.011006,0.15343,-0.021633,-0.022269,0.12067,-0.028763,-0.021322,0.10727,-0.021548,-0.016244,0.10147,0.038953,-0.065115,0.058084,-0.026196,-0.021377,0.15654,-0.0013585,-0.022805,0.19469,-0.017102,-0.058651,0.17027,0.012354,-0.061637,0.19322,0.00021218,-0.022324,0.10806,-0.020742,-0.026307,0.14643,-0.068781,-0.044944,0.27155,-0.058851,-0.080362,0.28955,-0.0044247,-0.022467,0.13267,-0.073368,-0.10282,0.12998,-0.0043322,-0.046572,0.031355,0.03046,-0.023682,0.0038326,5
0.064707,0.0097758,-0.10608,0.052267,0.011069,-0.10854,0.058129,0.007708,-0.11665,0.10004,0.00061582,-0.11664,0.078134,0.018131,-0.13325,0.054274,0.0064821,-0.15997,0.023702,0.017701,-0.083259,-0.019232,0.052481,-0.070945,0.07165,-0.0061655,-0.058926,0.069169,-0.027373,-0.055369,0.12101,0.00038123,0.014686,0.1106,0.004485,-0.011646,0.065841,0.013705,-0.11294,0.0072214,0.026362,-0.10855,-0.0078107,0.12452,-0.083656,-0.072177,0.11974,0.0055556,0.066674,0.0039394,-0.099934,0.16831,0.10992,-0.18716,0.21423,0.096693,-0.38352,0.23709,0.12923,-0.39344,5
0.26001,0.088258,-0.23249,0.25596,0.085161,-0.22752,0.24228,0.094273,-0.19198,0.21621,0.10998,-0.16213,0.24609,0.092233,-0.24006,0.28202,0.099288,-0.28293,0.3157,0.13437,-0.30084,0.36092,0.14922,-0.33359,0.22533,0.07049,-0.24684,0.21496,0.088031,-0.28895,0.23579,0.0854,-0.35907,0.24471,0.091545,-0.33551,0.26985,0.090502,-0.25925,0.30903,0.13252,-0.37845,0.35983,0.041188,-0.4003,0.48567,0.083341,-0.4172,0.25601,0.08957,-0.21728,0.17653,0.064965,-0.21175,0.135,0.025586,-0.098879,0.13786,0.009652,-0.091267,6
-0.011992,0.056234,-0.073512,-0.0074812,0.045696,-0.069518,-0.0097169,0.023584,-0.041279,-0.013836,0.012839,-0.034332,-0.0076976,0.0058461,-0.037161,-0.022376,0.0076099,-0.02196,-0.029435,-0.040446,-0.081111,-0.032934,-0.08012,-0.07088,0.043312,0.075994,-0.022964,0.20907,0.40168,0.058752,0.13291,0.81307,0.12482,0.069352,0.93595,0.13908,-0.020049,0.051477,-0.071312,0.010693,-0.040955,0.017625,-0.0068084,-0.0095437,-0.0015898,-0.048029,-0.039434,-0.072267,-0.0029541,0.05623,-0.097478,0.017734,0.028004,-0.047261,-0.056763,0.047665,-0.015363,-0.082002,0.042861,-0.016701,4
0.0069737,0.0044246,-0.0050468,0.0092363,0.0070595,-0.0062859,0.0079071,0.0094722,-0.023032,0.0097624,0.0085479,-0.022816,0.0030111,0.0024547,-0.0087671,0.015801,0.00055695,0.0017264,0.019318,0.00082976,0.020589,0.052827,0.051003,0.01601,0.0078579,0.0025831,-0.030604,0.010651,-0.0093278,-0.042535,0.10231,-0.0079271,0.031135,0.17161,0.0155,0.072159,0.0067755,0.0017455,0.00019073,-0.0095385,0.019961,-0.018391,0.01321,0.020475,0.0086391,0.0179,0.013508,0.016966,0.0076419,0.0028019,-0.0054896,0.021337,0.0076166,-0.0025773,-0.016259,0.01616,0.0017722,-0.026946,0.020066,0.0022197,4
0.029102,-0.068626,-0.049084,0.034588,-0.046645,-0.063338,0.10124,-0.028803,-0.15377,0.072371,-0.0060803,-0.11288,0.078778,-0.014487,-0.15978,0.038969,-0.025144,-0.086751,-0.005571,-0.016925,0.003262,-0.040581,-0.072656,0.021702,0.013797,-0.050993,-0.14183,-0.18772,-0.38945,-0.13219,-0.29367,-0.8094,-0.29374,-0.30817,-0.94069,-0.36448,0.023881,-0.07072,-0.044584,-0.010823,-0.038359,-0.022914,0.13601,0.035145,-0.096839,0.14374,0.077007,-0.11165,0.0067489,-0.072211,-0.0045578,0.018237,-0.027056,-0.066037,-0.015573,-0.025526,-0.10563,-0.016075,-0.020974,-0.097346,6
0.073971,0.43751,0.058387,0.065072,0.40811,0.061199,0.05289,0.31643,0.11513,-0.066184,0.27839,0.043062,0.07765,0.45944,0.10975,-0.053567,0.73502,-0.00058937,0.034248,1.1163,0.14029,0.059153,1.2576,0.18661,0.11993,0.39671,0.15435,0.1733,0.86887,0.14042,0.033827,1.0306,0.32393,-0.043207,1.0777,0.35516,0.074755,0.44783,0.032133,0.088077,0.37969,-0.00039887,-0.22098,0.36982,-0.024675,-0.25205,0.35268,-0.033271,0.073287,0.41792,0.032264,0.044925,0.32467,-0.012628,0.21092,0.37891,-0.017511,0.25682,0.45629,0.092968,6
-0.048371,-0.42213,-0.19477,-0.034365,-0.39861,-0.19663,-0.069307,-0.32022,-0.24846,0.049322,-0.28296,-0.20156,-0.11402,-0.47193,-0.18985,-0.0028593,-0.72267,0.0018508,0.048254,-0.84953,-0.23527,0.057834,-0.89051,-0.30906,-0.11506,-0.38305,-0.30439,-0.10082,-0.84194,-0.26956,0.18861,-0.98576,-0.31215,0.31488,-1.0332,-0.34183,-0.049466,-0.43586,-0.14338,-0.010631,-0.36034,-0.16039,0.037191,-0.43075,-0.27376,0.01881,-0.41936,-0.28132,-0.033683,-0.39438,-0.1956,-0.016536,-0.29836,-0.16019,-0.26798,-0.1595,-0.24474,-0.3176,-0.21629,-0.3638,6
-0.058229,0.06399,-0.011685,-0.053892,0.053468,-0.0024805,-0.066937,0.034028,0.045755,-0.056417,0.045481,0.028722,-0.029099,0.07535,0.022225,0.069787,0.11106,-0.18537,0.072257,0.023284,-0.17798,0.064569,0.046525,-0.14154,-0.052528,0.084288,-0.0010607,-0.099207,0.15306,-0.14156,-0.25257,0.26882,-0.30282,-0.33438,0.28779,-0.3332,-0.048517,0.073815,-0.013942,-0.026826,0.048264,0.059148,0.14041,0.038349,0.18237,0.16456,0.034901,0.18929,-0.069753,0.072842,-0.032788,-0.033598,0.01609,0.016935,0.11473,-0.18066,0.16258,0.1112,-0.20849,0.16516,5
-0.0042698,0.024157,-0.045539,0.0096477,0.030737,-0.049429,0.019281,0.066803,-0.053863,0.0045607,0.03693,-0.060751,-0.0012915,0.0043147,0.0035291,-0.084203,-0.041349,0.20719,-0.33603,-0.16589,0.39007,-0.43449,-0.25816,0.40397,0.0050506,0.010065,-0.088791,0.10166,-0.026263,-0.060172,0.29703,-0.10058,0.037681,0.36646,-0.12514,0.046184,-0.010576,0.014559,-0.020992,-0.079195,-0.05849,-0.11112,-0.26387,0.028939,-0.17439,-0.31877,0.046002,-0.17239,-0.00063318,0.024076,-0.07183,-0.019861,0.053085,-0.054134,0.063365,0.0044969,-0.081892,0.055333,0.0038476,-0.079292,5
-0.36155,-0.013093,-0.0042725,-0.3486,-0.015164,-0.0085585,-0.35815,-0.019155,0.014717,-0.34085,-0.020361,0.0044961,-0.35351,-0.023923,0.067318,-0.26333,-0.023004,-0.099115,-0.24104,0.13516,-0.30365,-0.20767,0.18771,-0.36096,-0.37429,-0.0059778,-0.031611,-0.45028,0.010697,-0.078516,-0.62342,0.054435,-0.16937,-0.69587,0.072249,-0.18895,-0.35897,-0.021928,0.015935,-0.30735,0.045202,0.085558,-0.23268,-0.048464,0.078018,-0.24515,-0.062963,0.082958,-0.37249,-0.015194,-0.028122,-0.29909,-0.023131,-0.088875,-0.26404,0.014943,-0.095381,-0.28056,0.013648,-0.087157,5
-0.26162,0.055029,-0.13122,-0.27123,0.05124,-0.12311,-0.26303,0.05154,-0.10811,-0.25239,0.053607,-0.10783,-0.25209,0.050118,-0.17104,-0.27757,0.021755,-0.14359,-0.23171,-0.17956,-0.040899,-0.22948,-0.21619,-0.025066,-0.25348,0.041976,-0.08112,-0.24499,0.0071977,-0.059337,-0.22767,-0.072262,0.015636,-0.19431,-0.086586,0.035767,-0.25922,0.056554,-0.14036,-0.27286,0.034459,-0.18809,-0.053796,0.26006,-0.24189,-0.0081589,0.29694,-0.25318,-0.25837,0.060983,-0.12756,-0.34892,0.043409,-0.10369,-0.66573,0.35844,0.11414,-0.65564,0.41896,0.099108,5
-0.086146,0.022562,-0.083706,-0.10407,0.025706,-0.080458,-0.11358,0.035514,-0.087925,-0.10989,0.035957,-0.085008,-0.11237,0.03857,-0.13019,-0.12026,0.09891,-0.14591,-0.056394,0.1492,-0.20636,-0.022348,0.16573,-0.2347,-0.079233,0.030898,-0.037129,-0.08827,0.025469,-0.033688,-0.059222,0.021828,-0.030534,-0.043405,0.027445,-0.024503,-0.087293,0.033843,-0.11383,-0.081126,0.019178,-0.071387,-0.35254,-0.17602,0.011847,-0.3652,-0.20977,0.011872,-0.074765,0.019263,-0.050907,-0.057573,0.033099,-0.068283,0.18579,-0.27686,-0.31879,0.20765,-0.32454,-0.31813,5
0.18322,0.04794,-0.10921,0.14635,0.056158,-0.12768,0.16394,0.054654,-0.16871,0.21387,0.031445,-0.1477,0.21485,0.085948,-0.24276,0.20968,0.088772,-0.26761,0.40691,0.13296,-0.20357,0.45714,0.12118,-0.14481,0.13156,0.028148,-0.034334,0.10123,0.005985,0.03899,0.12171,-0.049845,0.035434,0.10598,-0.056376,0.061119,0.20335,0.053224,-0.1667,0.20021,0.055495,-0.22267,0.19996,0.08532,-0.26242,0.25848,0.081749,-0.24858,0.1726,0.017929,-0.032442,0.13466,0.034285,-0.061216,0.030316,0.17114,-0.18131,0.076696,0.17848,-0.1776,5
0.063528,0.01754,-0.10478,0.062969,0.016944,-0.10191,0.050501,0.021106,-0.094612,0.036078,0.029221,-0.10906,0.059823,0.019063,-0.088193,0.054211,-0.0021565,-0.13829,-0.13598,-0.097028,-0.17732,-0.17235,-0.08921,-0.21979,0.059654,0.040911,-0.099842,0.068867,0.044558,-0.098153,0.047663,0.088407,-0.068929,0.038619,0.075466,-0.10087,0.066085,0.014582,-0.10254,-0.079828,0.32533,-0.19588,0.18279,0.43498,0.13161,0.10946,0.37039,0.14813,0.066771,0.029378,-0.11069,0.057937,0.013464,-0.05488,-0.014165,0.081106,-0.021809,-0.029428,0.092195,-0.025362,5
0.11576,-0.12116,-0.093923,0.12542,-0.13069,-0.093179,0.083203,-0.18702,-0.13617,-0.019325,-0.18,-0.14624,0.071257,-0.12874,-0.067748,0.10201,-0.17557,0.033675,0.11188,-0.16045,0.06708,0.13166,-0.20416,0.082563,0.12594,-0.12804,-0.16286,0.22581,-0.096104,-0.15054,0.20339,-0.066733,-0.2028,0.21879,-0.026433,-0.21092,0.11004,-0.12582,-0.047043,0.16343,-0.37901,0.010612,-0.18481,-0.45877,-0.35846,-0.14944,-0.3833,-0.38998,0.13538,-0.10055,-0.12392,0.14827,-0.091061,-0.21714,0.37274,-0.25347,-0.186,0.37698,-0.27158,-0.18533,6
0.56559,-0.18539,-0.38192,0.60967,-0.26463,-0.37785,0.7571,-0.59536,-0.067141,0.82995,-0.66584,0.062943,0.73798,-0.68252,-0.013176,0.79617,-0.61034,-0.0023177,0.82953,-0.56933,-0.054911,0.82161,-0.54037,-0.055306,0.68076,-0.67011,-0.12147,0.79083,-0.50425,-0.021668,0.81489,-0.50614,-0.035144,0.80809,-0.49467,-0.042599,0.6244,-0.17047,-0.23553,0.54513,0.12665,0.14753,0.40515,0.29305,0.31992,0.3947,0.28831,0.30624,0.44105,-0.041676,-0.61618,0.50526,0.13143,-0.060559,0.31745,0.35542,-0.060555,0.30369,0.28462,0.098434,6
0.10682,0.034638,0.17733,0.088594,0.10319,0.1752,0.012015,0.40544,-0.078729,0.009249,0.4628,-0.19995,-0.058627,0.4508,-0.16571,-0.23413,0.53609,-0.069325,-0.2168,0.6315,-0.13307,-0.2235,0.64958,-0.16292,0.019585,0.41898,-0.12409,-0.26454,0.34395,-0.35696,-0.25898,0.48415,-0.37483,-0.26302,0.50049,-0.36765,0.022421,0.031555,0.0081729,0.53458,0.12144,-0.27107,0.4557,0.16533,-0.1773,0.39579,0.20309,-0.13111,0.2131,-0.12534,0.40097,0.24721,0.067369,-0.29128,0.53404,0.18288,-0.45242,0.5381,0.29153,-0.60387,6
-0.092193,0.26947,-0.14025,-0.10747,0.27831,-0.14916,-0.11211,0.28816,-0.17863,-0.11335,0.27593,-0.1462,-0.025346,0.29185,-0.16389,0.067394,0.21971,-0.31708,0.083326,0.19989,-0.32933,0.10417,0.21108,-0.31916,-0.073409,0.28269,-0.065537,-0.0089692,0.21599,0.018034,0.029781,0.063473,0.11019,0.03672,0.004537,0.12621,-0.079019,0.2704,-0.14405,-0.39855,0.095317,-0.37858,-0.079177,0.066212,-0.81362,0.0092193,0.051905,-0.83478,-0.094669,0.2716,-0.1144,0.043568,-0.01759,0.14754,0.19663,-0.32563,0.41451,0.24339,-0.36709,0.42495,6
-0.082993,0.11743,0.09798,-0.089234,0.13021,0.099989,-0.054604,0.17686,0.16246,-0.033155,0.15058,0.19493,0.01095,0.18574,0.15575,0.06258,0.18446,0.13471,-0.0087285,0.083517,0.29639,-0.01121,0.051224,0.36172,-0.076132,0.12477,0.2059,-0.057741,0.12644,0.32257,-0.13913,0.10841,0.33129,-0.16028,0.11049,0.34879,-0.069378,0.1618,0.11699,-0.11843,-0.081039,0.37588,0.012663,-0.1057,0.43796,0.042283,-0.10642,0.45563,-0.098148,0.12108,0.080285,-0.16252,0.040489,0.28506,-0.49781,0.015906,0.2456,-0.51365,0.0002352,0.24771,6
0.0968,-0.018325,0.068936,0.13687,-0.043573,0.073516,0.099511,-0.10178,0.062138,0.083397,-0.10172,0.079071,0.026218,-0.087661,0.19282,-0.033086,-0.10554,0.31673,-0.10067,-0.12199,0.22749,-0.16269,-0.14667,0.18548,0.088187,-0.002192,-0.090574,0.1085,0.0024302,-0.23526,0.10713,0.024487,-0.27026,0.15906,0.029566,-0.22029,0.086978,-0.070938,0.11053,0.10594,-0.068604,0.086611,0.047984,-0.23086,0.51984,0.0025665,-0.31468,0.61822,0.095787,-0.000471,0.0049224,-0.074964,0.026396,-0.28345,-0.0068614,-0.020856,-0.11627,-0.08761,-0.058153,-0.081685,5
0.10713,-0.22775,0.5886,0.0902,-0.23046,0.59033,0.05215,-0.24905,0.57628,0.064768,-0.2415,0.56535,0.04158,-0.23161,0.54362,0.020969,-0.24032,0.57291,0.014714,-0.21434,0.74073,0.01624,-0.2032,0.79044,0.13235,-0.24746,0.59172,0.14438,-0.23181,0.57137,0.17608,-0.26965,0.55475,0.14126,-0.28678,0.50862,0.10117,-0.22831,0.56157,0.12185,-0.18835,0.47981,0.19857,-0.19001,0.189,0.19474,-0.11542,0.069649,0.13647,-0.24463,0.60691,0.14022,-0.2009,0.55195,0.38601,-0.0041064,0.53172,0.39921,0.12587,0.57696,6
-0.15856,-0.19403,0.94184,-0.18535,-0.20267,0.94461,-0.20255,-0.20556,1.0017,-0.19062,-0.14296,0.99759,-0.17267,-0.17927,0.8547,-0.10146,-0.069064,0.65988,-0.027806,-0.11154,0.52839,-0.02877,-0.11451,0.50023,-0.26175,-0.13124,1.0613,-0.33287,-0.14929,1.0739,-0.30586,-0.1116,1.0743,-0.28625,-0.064224,1.0295,-0.13606,-0.16602,0.91317,-0.19913,-0.27512,1.1092,-0.34485,-0.3247,1.2885,-0.3117,-0.3683,1.3374,-0.16584,-0.17625,0.96786,0.0037798,-0.29642,1.1666,-0.079815,-0.40026,0.97123,-0.012601,-0.44602,0.8935,5
-0.68299,-0.26549,0.41317,-0.68402,-0.23559,0.39694,-0.6126,-0.18694,0.31729,-0.64323,-0.20637,0.27588,-0.5226,-0.22264,0.3184,-0.50215,-0.23895,0.33259,-0.68747,-0.0096408,0.47139,-0.72373,0.05561,0.50195,-0.63553,-0.26372,0.30468,-0.6456,-0.087266,0.2092,-0.89899,0.074513,0.27477,-0.97194,0.13007,0.31571,-0.66885,-0.25562,0.45157,-0.69395,-0.20635,0.40991,-0.52993,-0.04275,0.19326,-0.50922,-0.060128,0.25534,-0.71946,-0.24013,0.4278,-0.85789,-0.15479,0.29012,-0.92111,-0.18708,0.43936,-0.92119,-0.23578,0.58252,6
-0.089496,0.15476,-0.17551,-0.057102,0.1583,-0.16489,-0.093595,0.20354,-0.16575,-0.096474,0.18256,-0.17025,-0.23677,0.14301,-0.10157,-0.36096,0.065373,0.023423,-0.34533,-0.10051,-0.032518,-0.34011,-0.15581,-0.051151,-0.066433,0.17619,-0.27635,0.054445,0.034258,-0.15547,0.22,-0.079803,-0.23645,0.21326,-0.1415,-0.25914,-0.14336,0.1152,-0.1767,-0.087449,0.10228,-0.19878,-0.25465,-0.062533,0.054104,-0.33345,-0.059562,-0.027182,-0.039154,0.12785,-0.20306,-0.095725,0.15463,-0.24355,-0.16856,0.15126,-0.3618,-0.22199,0.17189,-0.51647,6
0.14656,0.14795,-0.43801,0.14414,0.12489,-0.43584,0.16198,0.043612,-0.40335,0.09966,0.10862,-0.40806,0.12454,0.076063,-0.39648,0.187,0.045455,-0.4136,0.29785,-0.017959,-0.4274,0.3364,-0.042405,-0.43361,0.14975,0.10783,-0.3258,0.08725,0.072752,-0.34624,0.12086,0.052175,-0.3489,0.1433,0.032774,-0.35379,0.16136,0.15182,-0.45697,0.23645,0.22001,-0.5968,0.28897,0.22548,-0.74703,0.31329,0.26467,-0.77334,0.12578,0.1354,-0.44034,0.17357,0.049836,-0.35119,0.13639,0.02227,-0.29957,0.14179,0.017961,-0.30167,6
0.21965,0.093727,-0.24811,0.21524,0.10327,-0.24388,0.18069,0.15131,-0.23931,0.21604,0.11705,-0.26845,0.20246,0.12954,-0.23142,0.21985,0.14075,-0.28508,0.31676,0.24996,-0.39905,0.33334,0.28639,-0.46062,0.21353,0.10124,-0.27918,0.23499,0.081403,-0.22923,0.2864,0.020629,-0.17642,0.33536,0.023986,-0.15432,0.22299,0.085599,-0.24028,0.14749,0.042674,-0.1549,0.082945,0.044034,-0.06778,0.061899,0.016172,-0.056325,0.232,0.098491,-0.24786,0.26176,0.094713,-0.26645,0.31486,0.10717,-0.28229,0.31692,0.10968,-0.28411,6
0.11471,-0.12718,-0.13113,0.12783,-0.11122,-0.15291,0.14157,-0.10969,-0.23597,0.093986,-0.12313,-0.22115,0.095275,-0.16147,-0.16236,-0.026026,-0.0076763,-0.22961,-0.10274,0.23653,-0.20236,-0.098652,0.35397,-0.14301,0.075325,-0.10908,-0.25064,0.09399,0.05118,-0.43057,-0.024119,0.30807,-0.51221,-0.095937,0.4077,-0.52963,0.11869,-0.13787,-0.090903,0.16665,-0.095115,-0.14018,0.18376,-0.10191,-0.3108,0.16988,-0.072598,-0.32102,0.10183,-0.13054,-0.13221,0.07839,-0.05062,-0.19114,0.086006,-0.063069,-0.29408,0.066121,-0.065463,-0.2914,6
-0.052937,0.2255,-0.095352,-0.053437,0.21585,-0.076257,-0.011775,0.21095,-0.0179,-0.029714,0.1865,-0.016277,0.057987,0.30654,-0.085624,0.14448,0.13437,0.031431,0.073906,-0.14807,-0.043874,0.043183,-0.26752,-0.07194,-0.015994,0.24679,0.0092366,-0.15292,0.17845,0.032372,-0.15627,0.045491,-0.029435,-0.14146,-0.025483,-0.027516,-0.046342,0.244,-0.086589,-0.020275,0.1705,-0.088232,-0.092904,0.21594,0.00095224,-0.084028,0.21856,-0.0019505,-0.067082,0.23161,-0.12409,-0.0072372,0.12762,-0.11985,-0.17453,0.19568,0.025109,-0.1756,0.19984,0.025005,5
0.07827,-0.021121,-0.030264,0.088578,-0.012131,-0.039362,0.0081294,0.0054747,-0.035066,0.0323,0.016037,-0.026831,0.037734,0.038937,0.028089,0.11874,0.032461,0.12396,0.20746,-0.081056,0.34334,0.22986,-0.12525,0.38863,-0.025084,-0.034085,-0.12335,0.043972,-0.06497,-0.10084,0.058127,-0.10444,-0.04946,0.052982,-0.12909,-0.071583,0.10385,-0.028981,-0.037045,0.086685,-0.028019,0.059631,0.21221,-0.04436,0.015276,0.18778,-0.051712,0.026588,0.072032,-0.0013947,-0.020648,0.043594,0.012127,0.057669,0.22426,-0.063294,0.079166,0.20479,-0.089351,0.096583,5
-0.060975,-0.016199,0.04363,-0.05886,-0.028825,0.042821,-0.04017,-0.08785,0.022935,-0.035322,-0.062818,0.042251,-0.04017,-0.08785,0.022935,-0.028946,-0.089892,-0.062788,-0.10691,0.075697,-0.30121,-0.1191,0.15342,-0.32628,-0.031572,-0.02911,0.033444,0.0057363,-0.054486,0.075646,0.12265,-0.12036,0.098133,0.16992,-0.14279,0.1198,-0.069567,-0.025813,0.05532,-0.085268,0.028697,0.018812,0.07919,0.091518,0.084801,0.13342,0.070084,0.083098,-0.069515,-0.044735,0.012247,-0.12647,0.004441,-0.097794,-0.20074,0.015561,-0.16022,-0.20737,0.035752,-0.16253,5
-0.25339,0.20182,-0.28515,-0.26016,0.21182,-0.28426,-0.29085,0.28701,-0.24246,-0.2797,0.26283,-0.22989,-0.3081,0.27499,-0.25092,-0.44234,0.52359,-0.03888,-0.4646,0.5828,0.37191,-0.50986,0.61289,0.44714,-0.25589,0.20406,-0.33659,-0.27239,0.54883,-0.34297,-0.34948,0.94719,-0.22869,-0.36439,1.0776,-0.17805,-0.28458,0.24209,-0.29213,-0.41614,0.17619,-0.13401,-0.44772,0.22417,-0.33195,-0.49041,0.26449,-0.33923,-0.21927,0.213,-0.25949,-0.36208,0.27178,0.067278,-0.52018,0.38025,0.17435,-0.39812,0.3573,0.18249,6
-0.17582,-0.23318,-0.010989,-0.17569,-0.23519,-0.012117,-0.1311,-0.27353,-0.074312,-0.14267,-0.26672,-0.11232,-0.14838,-0.28926,-0.063248,-0.036149,-0.54131,-0.25146,0.081272,-0.75885,-0.51029,0.10983,-0.88758,-0.62713,-0.13352,-0.25372,0.032623,-0.080435,-0.61978,0.10562,0.024796,-1.0425,0.064152,0.061443,-1.1797,0.039685,-0.15246,-0.28518,-0.0067854,-0.077526,-0.18492,-0.2364,-0.18668,-0.10986,-0.30858,-0.18337,-0.096349,-0.31,-0.19244,-0.24772,-0.017711,-0.10711,-0.29179,-0.31718,0.028488,-0.39149,-0.50281,-0.081857,-0.36171,-0.52139,6
0.077891,0.095306,0.16163,0.081369,0.090509,0.16161,0.08285,0.089345,0.17542,0.092215,0.083762,0.18737,0.068001,0.061698,0.18197,0.054054,0.064161,0.15675,-0.046583,0.10498,0.095494,-0.059137,0.16455,0.10219,0.07387,0.093016,0.16188,-0.024011,0.14551,0.074571,-0.17946,0.24095,-0.002485,-0.27023,0.24528,-0.071131,0.070392,0.086269,0.17545,0.16839,0.01707,0.10927,0.1463,-0.1279,0.30385,0.1401,-0.15288,0.30648,0.085917,0.089153,0.1428,0.25255,0.010264,0.15507,0.15975,0.3497,0.49342,0.24115,0.29954,0.49986,6
0.36533,-0.13435,0.25177,0.37022,-0.13271,0.25664,0.37431,-0.094512,0.28214,0.3803,-0.035508,0.31198,0.4033,-0.032495,0.30772,0.39949,-0.030986,0.30594,0.45095,-0.064111,0.35016,0.45035,-0.12948,0.36306,0.35728,-0.08118,0.28733,0.36598,-0.11394,0.2975,0.45872,-0.1567,0.32388,0.52271,-0.15365,0.36481,0.36915,-0.099626,0.23102,0.31091,-0.15952,0.31999,0.24363,-0.16673,0.35441,0.22951,-0.161,0.36538,0.34988,-0.11483,0.2853,0.30417,-0.059258,0.26601,0.38062,-0.40663,0.0024981,0.2856,-0.35837,0.0054312,6
0.22741,-0.11908,0.46184,0.21619,-0.11969,0.45995,0.17278,-0.16627,0.43323,0.16113,-0.20253,0.38777,0.18078,-0.18712,0.42728,0.21786,-0.19014,0.48438,0.29096,-0.20296,0.5522,0.31618,-0.17236,0.57815,0.23577,-0.16431,0.44231,0.38528,-0.15826,0.56006,0.44512,-0.162,0.57746,0.44249,-0.14526,0.57756,0.23129,-0.14,0.46905,0.28441,-0.05186,0.53044,0.37568,-0.023011,0.48602,0.37735,0.053694,0.6068,0.25079,-0.13202,0.44413,0.19637,-0.12346,0.37947,0.30142,-0.091481,0.33259,0.31887,-0.095045,0.32208,6
-0.073261,-0.026029,-0.21769,-0.084602,-0.01777,-0.22888,-0.087727,-0.014648,-0.2781,-0.080184,-0.010439,-0.2993,-0.10285,-0.076326,-0.29146,-0.13807,-0.0046119,-0.36623,-0.22695,0.15176,-0.51138,-0.21938,0.30302,-0.64286,-0.060747,0.0031995,-0.22515,-0.025972,0.044116,-0.14016,0.040775,0.01833,-0.0071273,0.057292,0.01614,0.012677,-0.083677,-0.02264,-0.22101,6.18E-05,-0.030777,-0.22162,-0.18734,0.17371,0.1185,-0.10992,0.07508,0.0061889,-0.06073,-0.022553,-0.18011,-0.05722,0.070249,-0.17053,-0.13383,0.062718,-0.26753,-0.126,0.059766,-0.27286,5
-0.42144,0.4362,-0.74279,-0.42297,0.4493,-0.74119,-0.44186,0.52466,-0.68859,-0.45423,0.49269,-0.64733,-0.43274,0.56141,-0.68078,-0.41075,0.51219,-0.52622,-0.14213,0.55868,-0.4832,-0.060427,0.47079,-0.37043,-0.50227,0.49465,-0.70404,-0.83599,0.57839,-0.94349,-1.0614,0.92533,-0.91884,-1.0927,1.0373,-0.88543,-0.4075,0.46012,-0.76302,-0.61672,0.46967,-0.88211,-0.58844,0.28846,-1.247,-0.66111,0.30874,-1.2626,-0.43677,0.45575,-0.7357,-0.29964,0.27729,-0.50922,-0.11073,0.27779,-0.18256,-0.075718,0.21819,-0.13991,6
-0.44015,0.066902,-0.53051,-0.44078,0.049301,-0.51369,-0.4195,0.0055697,-0.50251,-0.39684,0.0091325,-0.55181,-0.41098,-0.028133,-0.55953,-0.44121,0.017116,-0.67495,-0.67147,0.24273,-0.59821,-0.74822,0.31793,-0.57263,-0.36371,-0.0095282,-0.49789,-0.038201,-0.10861,-0.30144,0.18828,-0.43315,-0.38039,0.24494,-0.55249,-0.39237,-0.44553,0.056481,-0.52922,-0.27269,-0.045076,-0.37886,-0.14145,-0.10244,-0.25127,-0.11033,-0.11637,-0.2556,-0.44031,0.050946,-0.55276,-0.57109,0.17008,-0.73472,-0.66247,0.13087,-0.98683,-0.68135,0.19763,-1.0316,5
0.010693,-0.0023817,-0.18436,0.012619,0.0027238,-0.18237,-0.021747,0.017366,-0.16525,-0.019643,0.061213,-0.1146,-0.023352,0.020119,-0.16457,0.12612,0.08494,-0.33396,0.28579,0.00881,-0.30618,0.33901,-0.016567,-0.29695,-0.11169,0.0033543,-0.19358,-0.30767,-0.016475,-0.29561,-0.43659,-0.084268,-0.34149,-0.46422,-0.078753,-0.35523,-0.011234,0.029316,-0.27875,0.067115,0.068758,-0.15005,0.11597,0.094611,-0.069254,0.12637,0.054547,-0.039025,0.043765,-0.0094674,-0.086059,-0.09212,0.091163,-0.12053,-0.116,0.58818,0.15561,-0.10412,0.52162,0.17823,6
0.10832,-0.10742,0.39636,0.11396,-0.13111,0.39345,0.19709,-0.20917,0.38005,0.23074,-0.19172,0.39296,0.17653,-0.10303,0.39429,0.01157,-0.22639,0.54379,-0.22009,-0.53907,0.44836,-0.27951,-0.63189,0.43992,0.26687,-0.1329,0.40664,0.24647,-0.079505,0.35933,0.058773,0.072291,0.32666,-0.015587,0.13478,0.32435,0.1229,-0.1467,0.48799,-0.073693,-0.094018,0.22413,-0.20801,-0.13311,0.02034,-0.22785,-0.070337,-0.013983,0.062399,-0.10682,0.28742,0.27394,-0.26158,0.3701,0.32461,-0.73096,0.13545,0.31909,-0.66202,0.11241,6
0.369,-0.11753,0.38729,0.37015,-0.097762,0.38721,0.36025,-0.027497,0.37204,0.31229,-0.066147,0.33625,0.34378,-0.15485,0.3787,0.35346,-0.15144,0.47013,0.42502,-0.17298,0.57247,0.43143,-0.18919,0.56519,0.36554,-0.087025,0.38373,0.59724,-0.095932,0.55218,0.96876,-0.14033,0.66699,1.0914,-0.19258,0.67454,0.3569,-0.11248,0.38682,0.38436,-0.1538,0.49901,0.45187,-0.18806,0.62831,0.45547,-0.22018,0.63402,0.3881,-0.11187,0.40834,0.30363,-0.10957,0.39444,0.46845,0.15343,0.57581,0.3903,0.13026,0.61973,6
0.11119,-0.10012,0.34798,0.10572,-0.10195,0.34756,0.10758,-0.11353,0.34,0.1318,-0.10854,0.31356,0.10474,-0.087702,0.33528,0.09427,-0.095741,0.25877,0.090137,-0.022386,0.10288,0.108,-0.0013994,0.060018,0.10511,-0.097414,0.37144,-0.051535,-0.18434,0.25656,-0.26214,-0.19291,0.12564,-0.34001,-0.2008,0.077544,0.1116,-0.097385,0.34495,0.14915,-0.066936,0.35325,0.16567,-0.094462,0.32417,0.17651,-0.087924,0.31978,0.11222,-0.10233,0.35231,0.18884,-0.062541,0.39184,0.011078,-0.39603,0.27012,0.090792,-0.39385,0.22903,5
0.33156,-0.050935,0.056085,0.33988,-0.045682,0.051112,0.34235,-0.037349,0.029938,0.31119,-0.032083,0.039143,0.33581,-0.064393,0.048628,0.32587,-0.064702,0.064493,0.2558,-0.11141,0.11017,0.24239,-0.13755,0.16115,0.32495,-0.040805,0.0051584,0.35534,-0.03966,0.018161,0.38509,-0.11361,0.032435,0.37094,-0.094204,0.054743,0.33147,-0.054574,0.07135,0.25657,-0.043963,0.033856,0.17923,-0.045509,0.035965,0.15729,-0.046229,0.040557,0.32725,-0.050037,0.051136,0.29905,-0.066589,0.064795,0.31803,-0.041061,-0.0087252,0.30772,-0.030448,-0.010046,5
0.18562,-0.061492,0.15808,0.1856,-0.062015,0.15864,0.17955,-0.062939,0.1635,0.19526,-0.060428,0.15484,0.1925,-0.038391,0.18793,0.2236,-0.014354,0.10226,0.30647,0.053089,0.083216,0.32668,0.074869,0.038886,0.18952,-0.059985,0.17821,0.19308,-0.068338,0.21024,0.19766,-0.067474,0.22038,0.28697,-0.053229,0.24291,0.1848,-0.06226,0.15372,0.19954,-0.053224,0.21211,0.3917,-0.02001,0.1943,0.42033,-0.017279,0.18839,0.18847,-0.058164,0.16101,0.13389,-0.062265,0.1665,0.061395,0.031844,0.036012,0.053855,0.049149,0.035708,5
0.043186,-0.1748,0.27473,0.033369,-0.17486,0.23738,-0.0014677,-0.22977,0.21145,-0.053173,-0.23777,0.24715,0.036838,-0.24315,0.22641,0.059544,-0.27451,0.29261,-0.090488,-0.1554,0.31368,-0.14368,-0.1059,0.34958,-0.030131,-0.16474,0.14018,-0.033242,-0.081411,0.062557,-0.12177,-0.0045703,0.016027,-0.22965,-0.00012231,-0.031511,0.069139,-0.19071,0.30826,0.049153,-0.18359,0.28718,-0.067673,0.058961,0.084492,0.019924,0.10155,0.12689,0.038235,-0.16643,0.26871,-0.045979,-0.19251,0.14983,-0.11001,-0.18786,0.27034,-0.13655,-0.21062,0.28638,6
0.057899,0.039068,0.0068402,0.019548,0.066336,0.0052772,-0.068357,0.17477,0.19459,0.037235,0.14125,0.24562,0.050293,0.18998,0.013814,-0.004191,0.19904,-0.010448,0.015854,0.016292,0.084841,0.0035721,-0.042066,0.098945,-0.18786,0.035207,0.1813,-0.40683,0.18692,0.1816,-0.17379,0.12789,0.25284,-0.071506,0.080588,0.28972,0.10947,0.11773,-0.036266,0.0023707,0.058907,0.01885,0.16792,-0.073524,0.2767,0.11808,-0.12946,0.38362,0.0020666,0.073077,0.031569,0.053064,0.099459,0.1871,0.23049,0.074781,0.41596,0.30732,0.058884,0.55515,6
-0.41579,-0.12823,0.060717,-0.40583,-0.1699,0.10482,-0.29768,-0.25906,0.067769,-0.29039,-0.22165,0.11512,-0.33109,-0.1415,0.053589,-0.25683,-0.057783,-0.0093689,-0.14205,0.0042666,-0.13024,-0.10379,0.02495,-0.17055,-0.28759,-0.030059,0.14328,-0.17307,-0.20794,0.087177,-0.36579,-0.19647,0.031528,-0.41942,-0.19895,0.0089307,-0.4262,-0.14079,0.031501,-0.47175,-0.13075,0.034574,-0.81459,-0.1614,0.045149,-0.88364,-0.19873,-0.047628,-0.41166,-0.13513,0.079052,-0.16425,0.17817,-0.067169,-0.30104,0.10109,-0.018974,-0.28932,0.06429,-0.082868,6
-0.40467,0.10111,0.31512,-0.36467,0.094112,0.31483,-0.3443,0.074707,0.23875,-0.31554,0.064701,0.18432,-0.31527,0.067442,0.29313,-0.44117,0.0092974,0.4648,-0.49643,-0.082621,0.52515,-0.58133,-0.087582,0.51745,-0.22438,0.013894,0.16972,-0.21704,-0.0057057,0.22251,-0.316,0.078259,0.28063,-0.38536,0.081579,0.25676,-0.42933,0.023676,0.39091,-0.2508,0.09764,0.12656,0.0084523,0.1158,0.012912,0.1073,0.17228,0.027202,-0.40823,0.037236,0.18009,-0.60454,-0.27917,0.22879,-0.66875,-0.20451,0.21656,-0.63737,-0.11095,0.14388,6
-0.061862,-0.0027618,0.0028546,-0.08231,0.013916,0.0093935,-0.069162,0.082521,0.011871,-0.1287,0.08816,-0.038522,-0.069162,0.082521,0.011872,-0.051292,0.069863,-0.015825,-0.039747,0.062523,0.004638,0.034447,0.033995,0.057711,-0.027889,-0.035965,0.045737,0.058456,-0.06302,0.083013,0.22012,-0.16033,0.039343,0.32453,-0.15188,0.073063,-0.0822,0.038674,-0.029326,-0.15318,-0.032332,0.18641,-0.11485,-0.027852,0.11011,-0.13117,-0.024594,0.056452,-0.027122,0.025504,0.07358,-0.0080606,0.022703,0.085887,0.077344,-0.054852,-0.079552,0.017443,-0.099059,-0.09485,4
0.055493,0.03287,-0.22273,0.068629,0.029681,-0.22157,0.067484,0.030017,-0.20835,0.044426,0.037167,-0.22659,-0.11403,-0.10046,-0.14232,-0.056543,-0.10941,-0.24402,0.010728,-0.086288,-0.32256,0.060105,-0.029025,-0.369,0.042399,0.046201,-0.1674,0.051856,0.045477,-0.15895,0.037634,0.021594,-0.17008,0.046749,0.047615,-0.16846,0.026724,0.023402,-0.26166,0.08768,0.070517,-0.29958,0.0063337,-0.067673,-0.086018,-0.028153,-0.10619,-0.081531,0.08419,0.034537,-0.19941,0.06469,0.050117,-0.22375,0.028189,0.054237,-0.26081,0.00041406,0.064196,-0.26292,5
0.067593,0.12186,-0.34726,0.061024,0.12404,-0.34787,0.03621,0.12254,-0.36103,0.040745,0.094442,-0.33962,0.060398,0.1161,-0.38156,0.053568,0.13475,-0.40997,0.05693,0.11768,-0.38096,0.019228,0.063225,-0.36364,0.061745,0.12123,-0.36776,0.1139,0.17393,-0.35288,0.019049,0.41336,-0.39241,-0.018527,0.44648,-0.32919,0.072181,0.12246,-0.33353,0.12416,0.15331,-0.42394,0.088936,0.17013,-0.592,0.068835,0.21157,-0.61746,0.072706,0.11408,-0.35009,0.091327,0.079133,-0.24073,-0.024334,0.12981,-0.28212,-0.032414,0.14517,-0.28179,6
0.018748,0.14618,-0.38765,0.032578,0.14582,-0.38931,0.045109,0.14839,-0.38116,0.036424,0.14687,-0.37784,0.043207,0.13409,-0.38644,0.061901,0.13974,-0.30597,0.042593,0.13686,-0.29378,0.047814,0.13424,-0.28659,0.048687,0.1562,-0.46648,0.06678,0.2246,-0.47004,-0.0035934,0.29295,-0.3376,-0.052425,0.3065,-0.40099,0.013639,0.12501,-0.36613,-0.026306,0.093616,-0.28917,0.1244,0.14232,-0.25339,0.1425,0.16441,-0.24763,0.013779,0.14643,-0.41871,0.031517,0.20941,-0.51709,0.1211,0.1498,-0.5187,0.1107,0.13952,-0.51583,6
0.0049151,0.060308,-0.1707,0.0074782,0.057295,-0.16961,0.030428,0.048731,-0.165,0.02165,0.05826,-0.17227,0.0057398,0.034647,-0.16553,0.018202,0.053715,-0.13348,0.020288,0.081115,-0.17042,0.023485,0.11312,-0.18727,0.017247,0.07452,-0.13446,-0.039286,0.067641,-0.19063,0.0028725,-0.15383,-0.21386,-0.0040441,-0.16927,-0.15088,-0.0025702,0.057612,-0.16973,0.035078,0.018055,-0.20258,0.011492,0.042617,-0.17538,0.0043753,0.020874,-0.1792,0.0010474,0.055532,-0.17773,0.0067682,-0.042679,-0.099622,-0.0035524,-0.0048962,0.011291,-0.0055663,-0.01835,0.016695,6
-0.0087097,-0.012421,-0.016543,-0.014682,-0.0095018,-0.01569,-0.029179,-0.0023305,-0.019093,-0.016553,0.0048408,-0.017699,-0.012081,0.015911,-0.018397,-0.066634,0.029978,-0.035691,-0.036225,0.00464,-0.0018897,-0.036235,0.0047737,-0.0017824,-0.024975,-0.018913,-0.0019872,0.042622,-0.020669,0.035714,-0.031309,0.19927,0.022586,-0.031158,0.19926,0.022504,-0.0019242,-0.0038846,-0.024549,-0.016708,0.033171,0.015616,-0.0066106,-0.012584,0.063664,0.0093193,-0.024559,0.069523,-0.0048582,-0.005411,5.22E-05,-0.00047521,0.010627,0.0093367,-0.030422,0.0048766,0.032326,-0.03238,0.0018048,0.0343,4
-0.014574,-0.0023059,-0.014585,-0.018428,-0.0067194,-0.0093496,-0.023956,-0.0088186,0.017741,-0.0012037,-0.00085397,0.022367,-0.016104,-0.0027317,0.02114,0.017776,-0.033745,-0.10779,0.034024,0.013586,-0.12893,0.0503,0.0038182,-0.12267,-0.033169,-0.023776,0.032616,-0.15711,-0.12732,-0.0037441,0.022781,-0.41477,-0.043436,0.067155,-0.47945,-0.10959,-0.012441,0.011951,-0.033257,0.009149,-0.027885,-0.0099943,-0.05765,-0.036548,0.024626,-0.063499,-0.056605,0.03202,-0.012439,0.006925,-0.0013783,-0.040845,0.02192,0.011831,0.047966,-0.016692,-0.00196,0.068224,-0.029337,-0.0043576,4
-0.0039651,-0.0031658,0.012396,-0.0060082,-0.0021727,0.010406,-0.0086117,-0.0019674,0.0016348,-0.002235,-0.0017087,-0.0017624,0.000168,0.00071877,0.0013726,-0.015959,-0.024145,0.054934,-0.070135,-0.058938,0.043766,-0.081221,-0.081833,0.03037,0.0036829,-0.0044991,0.011291,0.034994,-0.017503,0.050513,0.039125,0.0083706,0.035819,0.027229,0.0086862,0.024757,-0.0015167,-0.0040165,0.015473,0.050621,-0.052344,-0.0025556,-0.022787,-0.01405,-0.062186,-0.044542,0.0099047,-0.074861,-0.0059083,-0.0078681,0.014142,-0.0043871,-0.0091594,-0.0031588,-0.043248,0.0042591,0.04477,-0.052945,-0.010508,0.058203,4
0.0058678,0.0071629,-0.015465,0.0052905,0.0040388,-0.014003,0.0033213,-0.0026831,-0.006604,0.0032291,0.0017181,0.00063872,0.0020111,0.0011134,-0.0022817,0.011596,0.0026747,-0.016738,0.013056,0.051515,0.011626,-0.010535,0.06347,0.012295,-0.0028167,0.00075708,-0.0035026,-0.010714,0.0030464,-0.019478,-0.011424,-0.0017316,-0.019196,-0.0058926,-0.0073394,-0.014279,0.0075432,0.0088806,-0.019062,-0.043256,0.060839,-0.01806,0.0047124,0.011272,0.047511,0.022043,-0.017537,0.061605,0.0063972,0.011483,-0.016247,-0.0033965,-0.0041294,-0.0017273,0.018564,-0.0015796,-0.033749,0.026338,0.0083525,-0.044583,4
0.042034,0.0082473,-0.010486,0.026239,0.011625,-0.01469,0.013566,0.0096168,-0.044768,0.027901,0.0044671,-0.048404,0.023967,0.02671,-0.073626,0.019058,0.019929,-0.054044,0.066606,0.017066,-0.055913,0.045459,0.036371,-0.026447,0.027785,-0.00077313,0.001946,0.027149,-0.012698,0.03366,0.054567,0.0060187,0.054802,0.061284,0.048468,0.064185,0.043823,0.0087636,-0.032445,0.02515,-0.0079237,-0.00070953,-0.044754,-0.0080065,0.023512,-0.044501,-0.011026,0.025537,0.052534,0.0012566,0.022514,0.061385,0.060334,-0.064107,0.083971,0.063084,-0.23077,0.11145,0.10342,-0.24606,5
0.24609,0.053799,-0.18459,0.22742,0.055419,-0.1873,0.22726,0.068359,-0.17055,0.24551,0.040991,-0.15948,0.26942,0.053482,-0.23417,0.23641,0.066629,-0.25563,0.23582,0.072403,-0.26112,0.25481,0.067602,-0.27179,0.2237,0.035813,-0.12369,0.23595,0.029334,-0.059749,0.20161,-0.015111,-0.11575,0.2539,-0.048162,-0.041974,0.26359,0.067219,-0.2278,0.23822,0.096598,-0.34145,0.18973,0.12745,-0.5161,0.20722,0.17305,-0.52904,0.23615,0.027933,-0.14985,0.20448,0.020048,-0.091016,0.11714,0.17517,-0.13217,0.14141,0.27047,-0.070075,5
0.16108,0.035798,-0.20714,0.17277,0.035168,-0.20006,0.17322,0.044472,-0.18179,0.15213,0.049032,-0.19514,0.14532,0.037452,-0.16109,0.1781,0.043845,-0.1937,0.1712,0.049592,-0.18697,0.19545,0.059854,-0.2009,0.16579,0.039488,-0.23428,0.18836,0.072883,-0.2748,0.22893,0.1129,-0.21278,0.20187,0.12011,-0.28143,0.15239,0.034666,-0.19452,0.17185,-2.25E-05,-0.1194,0.18943,-0.017294,-0.050555,0.17527,-0.02866,-0.053266,0.16221,0.048697,-0.2228,0.17413,0.0036678,-0.29301,0.27546,-0.10814,-0.22465,0.26462,-0.20172,-0.28502,5
0.039332,0.023076,-0.050142,0.066462,0.020772,-0.05008,0.10358,0.012012,-0.054704,0.05845,0.026581,-0.048196,0.058106,0.0010293,0.018612,0.051314,-0.013401,0.050979,0.022417,-0.01449,0.047972,0.006493,-0.033631,0.054715,0.068281,0.04472,-0.090487,0.046976,0.025551,-0.13823,0.020838,0.019954,-0.16746,-0.00098795,0.020109,-0.19624,0.025595,0.020836,-0.0039828,0.034148,0.071812,-0.017431,0.04038,0.032872,-0.053026,0.0099257,0.039753,-0.055323,0.031566,0.040007,-0.091007,0.012533,0.02748,-0.019989,-0.0029879,-0.0027156,0.03155,-0.036238,-0.015353,0.031427,5
0.0141,-0.0018613,-0.007951,0.015906,-0.00051862,-0.0082915,0.016995,0.0025307,-0.010875,0.015563,0.00058143,-0.0056283,0.014878,0.00114,-0.0064461,0.014387,0.0018287,-0.011002,0.016843,0.00010973,-0.0097015,0.0073131,0.0072131,-0.0039361,0.012003,0.0036954,-0.012385,0.015661,-0.0013521,0.00246,0.010611,-0.0023943,0.012816,0.011817,-0.020238,0.024758,0.014242,-0.0042331,-0.0030997,0.0092795,-0.0036579,0.00088644,0.0036123,-0.006132,0.0044566,0.00099775,-0.0070195,0.004904,0.012181,-0.00029591,-0.010195,0.020429,-0.00037396,-0.0052702,0.027478,-0.0023239,-0.0015157,0.02684,-0.0038216,-0.0012265,4
0.0022954,-0.0081725,-0.0026021,0.0071456,-0.0070806,-0.0031381,0.016962,-0.0024559,-0.0038946,0.0026153,-0.008817,0.0054541,0.013365,-0.010578,0.0049443,0.0040285,0.0062563,0.024172,-0.0018746,0.0022304,0.016174,-0.0030384,0.0023322,0.016531,0.0027194,0.0051197,-0.004909,0.00021333,0.0038537,-0.0080857,-0.0048617,-0.001899,-0.010029,-0.012068,-0.0023662,-0.0084209,0.0020094,-0.010514,0.003634,0.00080261,-0.0097882,0.007278,-0.0006718,-0.01213,0.010523,-0.0055905,-0.012974,0.011524,-0.0025505,-0.0049591,-0.0079696,-0.0052378,0.00085515,-0.00075841,-0.0076014,-0.007021,0.0027891,-0.012818,-0.0084984,0.003971,4
0.043552,0.0033619,0.064087,0.064997,0.011213,0.03876,0.033145,0.0029533,-0.0061855,0.033005,-0.009439,-0.0015829,0.10857,-0.0071138,0.094659,0.14832,-0.043095,0.12528,0.1205,-0.066045,0.16744,0.092296,-0.05014,0.19284,0.0045408,0.016265,-0.053364,0.00086248,0.03967,-0.10867,-0.050102,0.0022324,-0.097201,-0.054695,0.015869,-0.074987,0.066786,-0.021314,0.13722,0.084656,-0.04012,0.10617,0.10363,-0.0063512,0.090246,0.064905,-0.013232,0.1126,0.020687,-0.015552,0.0097032,0.049708,0.040762,-0.0068883,0.084185,0.0080576,-0.047204,0.047229,-0.0034775,-0.027676,5
0.04222,-0.13044,0.10563,0.048565,-0.12367,0.11105,0.050134,-0.081737,0.17092,0.052727,-0.06641,0.19644,0.049775,-0.078764,0.17493,0.087513,-0.081115,0.21812,0.13159,-0.1494,0.27041,0.1645,-0.16991,0.2682,-0.018982,-0.041195,0.19613,-0.11092,-0.037342,0.1805,-0.1524,-0.032314,0.17838,-0.17311,-0.034607,0.17637,0.056275,-0.098824,0.05721,0.06161,-0.1757,0.23368,0.062512,-0.13078,0.38299,0.048754,-0.1483,0.42018,0.037618,-0.060376,0.17055,-0.014319,-0.11166,0.1357,-0.067966,-0.055506,0.13665,-0.083843,-0.043804,0.15408,5
-0.12713,-0.086957,0.21293,-0.12786,-0.085212,0.21434,-0.14756,-0.1039,0.22882,-0.08667,-0.075133,0.21225,-0.14756,-0.1039,0.22882,-0.14763,-0.1031,0.22883,-0.14763,-0.10231,0.2289,-0.14758,-0.1021,0.22891,-0.11694,-0.061735,0.19264,-0.098972,-0.063185,0.19366,-0.046118,-0.067086,0.2086,-0.022752,-0.08227,0.21178,-0.12859,-0.10116,0.20136,-0.16079,0.0096847,0.042525,-0.19189,-0.065112,-0.11079,-0.19116,-0.052839,-0.13436,-0.11832,-0.090631,0.21165,0.1083,-0.017125,0.40369,-0.079429,0.069185,0.39788,-0.085965,0.091592,0.4061,5
-0.071205,-0.018765,0.10123,-0.082851,-0.02208,0.10472,-0.12029,-0.032548,0.10347,-0.13092,-0.049761,0.086315,-0.12029,-0.032548,0.10347,-0.12036,-0.031771,0.10348,-0.12036,-0.030992,0.10356,-0.12033,-0.03089,0.10356,-0.1074,-0.038518,0.10915,-0.17232,-0.037156,0.12986,-0.26555,-0.0081487,0.1588,-0.29706,-3.25E-05,0.17715,-0.070516,-0.021217,0.10096,0.0022296,0.00048512,0.062639,0.089138,0.026583,0.016925,0.10332,0.023172,0.002439,-0.066934,-0.019705,0.096864,-0.12692,-0.018201,0.14452,-0.11199,0.0027248,0.15201,-0.078002,0.023741,0.10403,5
-0.056107,-0.0098888,0.07566,-0.05205,-0.0029953,0.08176,-0.029183,0.054097,0.1204,-0.037602,0.028318,0.10413,-0.029183,0.054097,0.1204,-0.029255,0.054952,0.12045,-0.029254,0.055808,0.12056,-0.029212,0.055977,0.12057,-0.022189,-0.024972,0.078452,0.070647,-0.031257,0.06904,0.16307,-0.075741,0.029325,0.19657,-0.063208,0.0035307,-0.065928,0.0067322,0.067005,-0.084011,0.02336,0.034706,-0.24145,0.098411,0.37384,-0.26996,0.11508,0.43432,-0.051083,-0.0085965,0.088248,-0.1575,-0.023201,-0.13775,0.17611,-0.026865,0.084715,0.14328,-0.033203,0.1103,5
0.021336,-0.0030708,-0.014053,0.018705,-0.015331,-0.014739,-0.00039236,-0.075105,-0.012869,-0.011528,-0.059972,-1.17E-05,-0.00039233,-0.075105,-0.012869,-0.000449,-0.074434,-0.012844,-0.00044835,-0.073762,-0.01277,-0.00039771,-0.073557,-0.012759,-2.11E-05,0.0015578,0.016526,-0.064327,0.030947,-0.015823,-0.20393,0.16038,-0.018567,-0.26854,0.20295,0.014353,0.028271,-0.02072,-0.022044,-0.016886,-0.028615,-0.013819,0.080428,-0.053865,-0.23774,0.174,0.055431,-0.21509,0.01799,-0.0015346,-0.019723,0.0064158,-0.012725,0.010517,-0.0063972,0.047887,0.074872,0.0062694,0.028759,0.059304,4
-0.042344,0.0049803,0.02731,-0.036321,0.015765,0.031637,-0.0051455,0.077146,0.04671,-0.0028851,0.061114,0.037019,-0.0051455,0.077146,0.04671,-0.0051936,0.077716,0.046705,-0.0051932,0.078286,0.046755,-0.0051798,0.07834,0.046758,-0.0091631,-0.0045246,0.0083787,0.023725,-0.027856,0.033356,0.12286,-0.12806,0.047392,0.17576,-0.16685,0.015223,-0.042482,0.039154,0.032337,0.11567,0.069056,0.062977,-0.11741,0.1341,0.038664,-0.20334,0.046397,-0.017667,-0.047374,-0.0037023,0.038231,-0.12884,0.032124,-0.033815,-0.098799,0.017202,-0.06909,-0.093869,0.011249,-0.072719,4
0.0029699,0.0092407,0.012284,0.004478,0.0045848,0.0083692,0.014142,-0.00828,0.0063322,0.012826,-0.008817,0.00068879,0.014142,-0.0082801,0.0063322,0.014088,-0.0076351,0.0063729,-0.06718,0.037468,-0.10785,-0.067157,0.037561,-0.10784,-0.0013514,-0.0087018,0.013819,0.01017,-0.0059898,0.010221,0.012706,-0.025075,0.001256,0.01521,-0.022459,-0.004323,0.0025613,-0.013151,0.036267,0.0080258,-0.0012394,0.024861,0.075395,0.016022,-0.009835,0.077207,0.011987,-0.014172,0.00082174,0.013991,-0.01729,-0.0004891,0.002125,0.0060806,0.0060869,0.019948,0.011977,0.0044873,0.010907,0.014548,5
0.061106,-0.028107,-0.012472,0.056113,-0.021996,-0.014652,0.026857,-0.043596,-0.052867,0.017511,-0.0078464,-0.0093782,0.026857,-0.043596,-0.052867,0.026821,-0.04317,-0.052852,0.037699,-0.062313,-0.019898,0.037715,-0.06225,-0.019895,0.0079377,-0.00041366,0.0028689,0.012466,-0.0013935,0.0050552,0.018724,0.0011858,-0.0047154,0.013499,0.0023009,-0.0024958,0.071722,-0.032472,-0.035789,-0.25035,-0.032674,-0.019506,0.031295,-0.05956,-0.02783,0.11642,0.016886,0.051504,0.057132,-0.011645,0.01838,-0.002287,0.011627,0.015038,0.018339,-0.13624,-0.15031,0.081681,-0.1993,-0.10985,4
-0.063159,0.01476,-1.53E-05,-0.059842,0.011862,0.0074637,-0.044185,0.035741,0.074893,-0.025462,-0.0030654,0.059497,-0.044185,0.035741,0.074893,-0.044225,0.036209,0.074926,-0.061358,0.034481,0.095445,-0.061322,0.034624,0.095453,-0.01712,0.0049985,-0.007323,-0.028357,0.019367,-0.025619,-0.027018,0.055463,-0.037192,-0.033636,0.04134,-0.029984,-0.075935,0.028971,0.0013757,0.14768,-0.043647,-0.036533,0.082443,-0.11851,-0.083358,0.01285,-0.22041,-0.18013,-0.053736,0.0019166,-0.0095346,-0.025122,-0.010023,-0.01122,-0.040049,-0.023592,0.026798,-0.031208,-0.029862,0.05031,4
-0.045306,0.051297,0.033295,-0.038331,0.037871,0.025554,0.00036593,-0.0059221,-0.016001,0.0093404,0.011035,-0.030115,0.00036594,-0.0059221,-0.016001,0.00032537,-0.0054415,-0.015995,-0.0023983,0.012945,-0.056408,-0.0023775,0.013029,-0.056403,-0.0027335,-0.012277,0.0070615,0.0243,-0.029736,0.032936,0.037458,-0.048695,0.04113,0.04034,-0.039187,0.047531,-0.049945,0.015088,0.067044,-0.055931,0.056522,0.027098,-0.048573,0.013845,0.13124,-0.043188,-0.015548,0.14507,-0.057045,0.043878,-0.024162,0.035095,0.017918,-0.0010939,-0.10396,-0.054081,-0.016416,-0.17266,-0.024697,0.00015998,5
0.01225,-0.046078,-0.020796,0.0071104,-0.027698,-0.015878,-0.011095,0.046071,-0.019737,-0.037046,0.024084,0.0069466,-0.011095,0.046071,-0.019737,-0.011121,0.046377,-0.019787,-0.0022661,0.037753,-0.0078247,-0.0016457,0.059955,-0.050576,-0.020588,0.021735,0.0092089,-0.05081,0.064511,-0.0021546,-0.047454,0.035052,0.018715,-0.038354,0.031134,0.018015,0.015575,-0.0084468,-0.050393,-0.13837,-0.0094115,0.29201,-0.054567,0.22011,0.045093,-0.046449,0.28229,0.018077,0.021493,-0.038532,0.03876,-0.016369,-0.024584,0.013052,0.067725,-0.0059144,0.0074959,0.11686,-0.023081,-0.0053475,4
-0.0071036,-0.0061412,0.18867,-0.039706,-0.019398,0.1993,-0.10406,-0.069107,0.1788,-0.036849,-0.077389,0.18855,-0.10406,-0.069107,0.1788,-0.14646,-0.020686,0.02981,-0.13746,-0.025459,0.035287,-0.1526,-0.041305,0.088152,0.082658,-0.12837,0.21947,0.21208,-0.17907,0.39875,0.31556,-0.20098,0.46959,0.36254,-0.19994,0.49828,-0.036859,-0.019241,0.13764,0.13446,0.073363,-0.2687,-0.10554,-0.069417,0.26662,-0.063279,-0.17017,0.33358,0.045714,-0.066465,0.20493,0.09968,-0.078731,0.22733,-0.022357,-0.0017755,0.27933,-0.0055613,0.14995,0.23712,5
-0.10922,-0.10936,0.33398,-0.15347,-0.10719,0.32599,-0.12134,-0.088007,0.30119,-0.09374,-0.089839,0.26144,-0.022923,-0.0565,0.075819,-0.10262,-0.074257,0.15392,-0.10832,-0.090964,0.22239,-0.10596,-0.11955,0.22652,-0.11284,-0.1051,0.38702,-0.18283,-0.12728,0.40106,-0.25687,-0.090044,0.286,-0.31317,-0.149,0.2256,-0.080754,-0.089566,0.32913,-0.19766,-0.27401,0.58325,-0.046774,-0.34944,0.33316,0.011353,-0.28329,0.27225,-0.14036,-0.11136,0.36134,-0.11801,-0.13957,0.49169,-0.24967,-0.10319,0.39505,-0.19451,-0.16932,0.41226,5
-0.079435,-0.096198,0.19397,-0.067393,-0.10911,0.20661,-0.070979,-0.141,0.25261,-0.1143,-0.079573,0.30065,-0.048884,-0.026941,0.26752,0.0059831,-0.032458,0.23557,0.0096377,-0.02627,0.19832,-0.021893,-0.19432,0.18082,-0.20922,-0.016138,0.13053,-0.33524,0.033322,-0.057581,-0.36149,0.097556,-0.01971,-0.35203,0.14336,-0.012997,-0.049627,-0.080087,0.25299,-0.066302,-0.016934,0.15716,-0.10729,-0.056741,0.16498,-0.12218,-0.083542,0.17203,-0.11323,-0.048332,0.15718,-0.043265,-0.03349,0.25408,-0.068434,-0.012033,0.14856,-0.13852,-0.068142,0.12379,5
-0.023816,-0.028506,0.036829,-0.01795,-0.017133,0.045535,-0.024121,0.039129,0.080279,-0.043729,-0.0078116,0.054479,-0.0026305,-0.041617,0.026158,-0.003425,-0.040981,0.025831,-0.0037781,-0.040474,0.025468,-0.0046676,-0.042349,0.024571,-0.054635,0.017779,0.043088,0.017865,0.00084102,0.049902,0.0096281,-0.039891,0.047807,0.0052541,-0.039834,0.059723,-0.010719,-0.0058569,0.040899,-0.0043071,0.0069091,0.0088744,-0.013338,0.0077159,0.027881,-0.021984,-0.0092657,0.062224,-0.048235,-0.01695,0.046103,-0.04308,-0.027483,0.023788,-0.0019783,-0.012231,0.025233,0.036561,-0.014544,0.036523,5
0.013726,0.0031283,-0.01111,0.020483,-0.0019454,-0.014082,0.012488,-0.027863,-0.038801,0.010456,-0.0032995,-0.02125,-0.00093699,0.042736,0.03131,-0.00087951,0.043016,0.031461,-0.00078809,0.043311,0.031526,-0.00093701,0.042736,0.031347,0.045856,-0.032341,-0.017594,-0.017874,0.0057982,-0.027691,-0.00084795,0.026313,-0.021705,-0.0041898,0.020021,-0.015907,0.00244,-0.0072569,-0.025333,0.0047682,-0.018224,-0.004843,-0.006821,-0.017311,-0.011819,-0.027051,-0.015971,-0.032052,0.031851,-0.012166,-0.01591,0.013211,0.018919,-0.01427,-0.0039707,0.01664,0.008595,0.017241,0.01189,0.060574,6
-0.0354,0.054132,0.038862,-0.030318,0.042801,0.037174,0.0071846,0.028934,0.021153,-0.0048302,0.0059343,-0.0053861,0.0098522,0.030063,0.024357,0.0099807,0.030688,0.024695,0.010185,0.031347,0.024841,0.0098522,0.030063,0.024441,-0.015,0.032019,0.018482,0.10128,0.007553,0.013387,0.10242,-0.0011625,0.0061753,0.087071,0.003877,0.01585,-0.033153,-0.0027642,0.061587,0.022197,0.029705,-0.0030212,0.01399,0.14358,0.051618,0.056021,0.19187,0.012671,-0.03817,0.053838,-0.018592,-0.03723,0.031559,-0.1409,-0.0034446,-0.0080251,-0.10248,-0.0048428,0.0013896,-0.13774,4
-0.00086062,0.011384,0.080138,0.010263,0.012813,0.067267,0.014831,-0.043071,0.0043869,0.026006,0.0063552,-0.027876,-0.14902,-0.11605,0.078784,-0.14279,-0.10399,0.12761,-0.085464,-0.086621,0.06548,-0.018744,0.05954,0.004209,0.10762,-0.035117,0.062988,0.12673,-0.05892,0.11218,0.18806,-0.089294,0.087696,0.23144,-0.095587,0.084259,-0.052698,0.020145,0.057132,-0.076996,-0.031199,0.16472,0.026329,-0.039717,0.075311,-0.018599,-0.050307,0.076823,0.052352,-0.024528,0.096776,-0.10392,-0.058021,0.050038,0.1056,-0.072181,-0.0456,0.050226,-0.025289,-0.099431,5
0.023363,0.0081576,-0.027334,0.022141,0.0086458,-0.023323,0.027867,0.014989,0.0025923,0.039678,0.0016367,0.011251,0.0095732,-0.026286,-0.023583,0.0093936,-0.040819,-0.071076,0.03139,-0.0044796,-0.065785,0.026211,0.04994,-0.026708,0.01732,-0.017257,0.0049279,0.0019,-0.022631,0.0061822,-0.0097984,6.22E-05,-0.010678,-0.009769,0.0063963,-0.027771,0.015583,0.01478,-0.045826,0.03623,-0.0065615,-0.044349,0.017918,-0.088295,-0.023085,0.021374,-0.10344,-0.01618,0.024128,0.0058743,-0.011811,0.082987,0.042031,-0.073397,-0.072202,-0.048442,0.080734,-0.09283,-0.087761,0.090791,4
-0.010441,-0.0044957,0.014603,-0.0049302,-0.0012594,0.011446,0.0059022,0.0023218,-0.011002,-0.0035733,0.0020622,-0.010979,-0.011165,-0.0040808,0.014189,-0.0046123,0.0038043,0.041707,-0.024644,-0.027351,0.034465,0.0078131,-0.015148,0.022756,0.0053177,0.0018089,-0.0046737,0.0050982,-0.0017821,0.0018992,0.0049282,-0.0025677,0.01685,0.021121,0.01032,0.032987,-0.012612,-0.015991,0.030089,-0.038929,-0.0012131,0.023817,-0.019019,0.082757,0.017009,-0.017688,0.092724,0.012228,-0.013562,-0.0031337,0.0064757,0.018237,-0.0028005,-0.0037203,-0.00060458,0.0086344,-0.016516,-0.0062452,0.019092,-0.018511,4
-0.010875,0.025057,-0.073732,-0.0090857,0.022546,-0.072754,-0.032501,0.015041,-0.058036,-0.038198,0.0083241,-0.062407,-0.0011578,0.023226,-0.055528,-0.0097844,0.0051824,-0.060038,0.0043637,0.029292,-0.076897,-0.02755,0.0067626,-0.087208,-0.028493,0.033869,-0.089913,-0.012726,0.034132,-0.083021,-0.0088113,0.0072637,-0.090103,-0.023304,-0.0064244,-0.086994,-0.0026671,0.025262,-0.070483,0.026981,0.0074192,-0.061224,0.0045465,0.00033677,-0.024247,-0.0038309,-0.028261,-0.0066528,-0.014227,0.031179,-0.083142,-0.03435,0.03079,-0.034866,0.050646,0.00053239,-0.029415,0.057643,-0.013552,-0.027024,5
-0.018347,0.0098529,-0.12227,-0.0035841,0.015666,-0.11921,0.018279,0.036596,-0.085452,-0.017173,0.02618,-0.067625,0.03396,0.00257,-0.085916,0.057244,-0.0095406,-0.05157,0.015587,-0.0087765,0.032202,-0.002418,0.0050762,0.048093,-0.033998,0.062133,-0.095225,-0.032862,0.094712,-0.15666,-0.086583,0.11835,-0.16225,-0.11232,0.12677,-0.19521,-0.015903,0.011752,-0.10757,-0.047367,0.025695,-0.022171,0.02355,-0.035158,-0.081481,0.026224,-0.017009,-0.094965,-0.034442,0.036208,-0.13028,-0.039448,0.017825,-0.080436,-0.0078779,0.031149,0.0011327,-0.0042401,-0.010584,0.04608,5
