0.64255,0.12304,2.2415,0.67095,0.18398,2.3062,0.70284,0.58326,2.3507,0.67799,0.74777,2.3225,0.53259,0.48123,2.3653,0.47261,0.2814,2.297,0.59443,0.19543,2.0843,0.62983,0.1516,2.0344,0.82672,0.42733,2.2392,0.84918,0.21792,2.1487,0.66996,0.16596,2.0608,0.61076,0.17001,2.0511,0.56751,0.067694,2.2449,0.57379,-0.36723,2.287,0.5741,-0.71091,2.2551,0.56785,-0.80208,2.1862,0.69974,0.043087,2.2017,0.74028,-0.36594,2.2409,0.72928,-0.71091,2.2369,0.7165,-0.79851,2.1573
0.64234,0.12358,2.2413,0.67068,0.18461,2.3059,0.70211,0.58375,2.3497,0.67761,0.74837,2.3229,0.53253,0.48163,2.3649,0.47208,0.28,2.2961,0.5974,0.19361,2.0841,0.64028,0.15488,2.0344,0.82548,0.4281,2.2394,0.84858,0.21654,2.1489,0.67263,0.16585,2.0621,0.612,0.17095,2.0539,0.56753,0.068352,2.2448,0.57358,-0.36733,2.2868,0.57416,-0.71026,2.2562,0.57013,-0.80145,2.1832,0.69935,0.044119,2.2017,0.73993,-0.3661,2.2412,0.72926,-0.7142,2.2356,0.71731,-0.80092,2.1605
0.63846,0.12509,2.2434,0.66682,0.18635,2.3077,0.70089,0.58667,2.3505,0.67519,0.75009,2.3237,0.52994,0.4797,2.3631,0.46967,0.27526,2.2968,0.59922,0.18994,2.0843,0.64172,0.15382,2.0391,0.82473,0.43101,2.2412,0.85081,0.21521,2.1542,0.66914,0.16444,2.0654,0.61255,0.16991,2.0568,0.56216,0.063495,2.2458,0.57296,-0.36904,2.2731,0.57365,-0.71047,2.255,0.56982,-0.80041,2.1847,0.69562,0.052568,2.2062,0.73214,-0.36856,2.2363,0.7302,-0.71133,2.2339,0.71876,-0.7989,2.1575
0.64061,0.13181,2.2452,0.66515,0.19464,2.3086,0.69546,0.58903,2.3339,0.67086,0.75415,2.3032,0.52492,0.4841,2.3511,0.46634,0.27418,2.2873,0.59975,0.17226,2.0832,0.63714,0.1486,2.0409,0.83219,0.4425,2.2492,0.8587,0.22227,2.1695,0.67686,0.15804,2.0714,0.61706,0.15811,2.0572,0.5622,0.066983,2.2455,0.57669,-0.36879,2.2632,0.57722,-0.70973,2.2627,0.57689,-0.7958,2.213,0.70162,0.05786,2.213,0.73455,-0.37247,2.2464,0.7399,-0.71768,2.251,0.72896,-0.7992,2.1943
0.64489,0.13734,2.2174,0.6668,0.20226,2.2762,0.6956,0.58647,2.2755,0.66191,0.75148,2.2448,0.52006,0.4855,2.2988,0.47095,0.25444,2.2388,0.61534,0.16445,2.0417,0.63687,0.15867,2.0143,0.83358,0.44584,2.2103,0.86378,0.22546,2.1461,0.67095,0.15765,2.0466,0.61659,0.15897,2.034,0.56424,0.071278,2.2196,0.5809,-0.36755,2.2244,0.578,-0.7074,2.2604,0.57963,-0.79381,2.2227,0.70985,0.061638,2.1921,0.74023,-0.36821,2.2388,0.74279,-0.71948,2.2574,0.73387,-0.80096,2.2137
0.57555,0.14018,2.1202,0.59302,0.21165,2.1467,0.59127,0.5747,2.1115,0.54108,0.73314,2.0975,0.4285,0.48398,2.1875,0.39211,0.28814,2.2199,0.42167,0.2464,2.0161,0.44454,0.26068,1.9621,0.72362,0.4387,2.0444,0.78153,0.22774,1.9912,0.61014,0.20394,1.8989,0.56018,0.21097,1.8799,0.50515,0.072407,2.1432,0.49893,-0.31076,2.0233,0.53267,-0.66369,1.9736,0.49202,-0.70765,1.885,0.64106,0.065096,2.0954,0.70907,-0.35122,2.1822,0.74631,-0.71844,2.2594,0.73842,-0.80264,2.226
0.35767,0.14633,1.9115,0.38041,0.21525,1.9464,0.37244,0.58814,1.9523,0.28291,0.72116,1.9538,0.23017,0.47513,2.0257,0.17967,0.33683,2.1147,0.18003,0.28092,1.8547,0.18015,0.26229,1.7728,0.49498,0.45681,1.85,0.61139,0.26564,1.7992,0.45382,0.17521,1.7176,0.39591,0.16539,1.6964,0.29274,0.076043,1.9419,0.34372,-0.28885,1.9442,0.49985,-0.6641,1.9179,0.54966,-0.69092,1.8116,0.41867,0.079806,1.8644,0.40316,-0.30237,1.7257,0.52845,-0.63754,1.7628,0.47737,-0.67757,1.6806
0.092989,0.14267,1.7174,0.12935,0.20967,1.754,0.10094,0.58082,1.7892,0.0086131,0.70193,1.853,0.0065772,0.46472,1.8471,-0.025979,0.2446,1.8093,-0.047394,0.079771,1.8807,-0.054532,0.024829,1.9093,0.16518,0.41619,1.6343,0.21553,0.22047,1.5045,-0.00098325,0.15842,1.5125,-0.079577,0.15436,1.5312,0.058102,0.051253,1.7704,0.12222,-0.4168,1.7596,0.39979,-0.63138,1.789,0.40807,-0.71711,1.7703,0.12497,0.073698,1.633,0.094004,-0.30614,1.5464,0.21552,-0.66289,1.4047,0.14215,-0.70323,1.3435
-0.090996,0.22685,1.7586,-0.082381,0.289,1.8137,-0.12664,0.65081,1.8449,-0.19954,0.78268,1.9228,-0.26635,0.55215,1.929,-0.055733,0.41339,1.9188,-0.28914,0.32265,1.8697,-0.38675,0.23151,1.8152,-0.025944,0.65757,1.875,-0.12561,0.4651,1.717,-0.3248,0.43142,1.8548,-0.40061,0.44829,1.9319,-0.14989,0.14434,1.6815,-0.21456,-0.28895,1.7331,-0.24701,-0.57917,1.7498,-0.27194,-0.65178,1.707,-0.016753,0.13885,1.7971,-0.08975,-0.30941,1.6048,0.053556,-0.5458,1.4727,0.078256,-0.62855,1.489
-0.30664,0.10017,1.9285,-0.33091,0.16568,1.9867,-0.30622,0.56204,2.041,-0.26428,0.70434,2.1295,-0.39892,0.43378,1.8943,-0.5162,0.23382,1.8031,-0.61867,0.28327,1.9901,-0.65282,0.29976,2.0572,-0.16937,0.48201,2.0393,-0.12051,0.23394,2.0415,-0.22948,0.20987,2.2098,-0.27343,0.23213,2.2626,-0.36079,0.028319,1.8501,-0.3733,-0.31638,1.9709,-0.60827,-0.46987,1.8587,-0.49397,-0.47183,1.8289,-0.2491,0.025569,1.9638,-0.39913,-0.39734,1.8398,-0.25491,-0.65064,1.8422,-0.32158,-0.57504,1.7806
-0.50324,0.14544,2.2099,-0.51696,0.20633,2.2577,-0.43062,0.52345,2.2577,-0.44768,0.71637,2.3865,-0.60961,0.46777,2.1815,-0.75859,0.2816,2.087,-0.6788,0.43618,2.0007,-0.6522,0.4877,1.9767,-0.31453,0.46109,2.3549,-0.29599,0.27495,2.2919,-0.41237,0.27729,2.4619,-0.45633,0.29955,2.5147,-0.59136,0.073514,2.1583,-0.67102,-0.28733,2.2174,-0.74078,-0.5693,2.2004,-0.75336,-0.46488,2.1798,-0.44736,0.062805,2.2428,-0.57518,-0.28984,2.213,-0.49185,-0.51521,2.0217,-0.47348,-0.54212,1.9414
-0.57843,0.10884,2.4368,-0.57061,0.1812,2.5027,-0.52656,0.6173,2.5495,-0.55508,0.75966,2.6502,-0.70878,0.46559,2.4849,-0.84921,0.25802,2.5113,-0.81399,0.44099,2.4627,-0.80225,0.50199,2.4512,-0.40652,0.43708,2.4828,-0.35648,0.25401,2.4015,-0.46645,0.32175,2.5429,-0.51041,0.34401,2.5957,-0.65785,0.051381,2.4129,-0.71084,-0.31164,2.3962,-0.76745,-0.57747,2.2704,-0.74987,-0.4853,2.2811,-0.51256,0.032896,2.4259,-0.57847,-0.29386,2.565,-0.63568,-0.57475,2.5011,-0.63987,-0.64687,2.4541
-0.56166,0.10034,2.8144,-0.56179,0.171,2.8679,-0.49978,0.55312,2.8588,-0.53436,0.70293,2.935,-0.64373,0.47035,2.8202,-0.78563,0.25675,2.8149,-0.69919,0.025457,2.7281,-0.7282,-0.055076,2.7244,-0.38844,0.46884,2.874,-0.3965,0.2293,2.7524,-0.36697,0.054139,2.8783,-0.3675,0.012202,2.9486,-0.62635,0.043008,2.8062,-0.64562,-0.41857,2.9133,-0.81511,-0.61139,2.7583,-0.83083,-0.63432,2.6766,-0.51128,0.045369,2.8113,-0.55121,-0.32085,2.8727,-0.64637,-0.63488,2.8216,-0.62698,-0.67341,2.7297
-0.48613,0.1291,3.0872,-0.4766,0.20442,3.1381,-0.42283,0.61624,3.1282,-0.40954,0.76677,3.2181,-0.60967,0.46246,3.1062,-0.77904,0.26882,3.1062,-0.72669,0.032782,3.0669,-0.71052,-0.047217,3.0559,-0.3256,0.48735,3.1095,-0.2975,0.23434,3.0356,-0.31191,0.044428,3.0042,-0.31671,-0.018875,2.9985,-0.56478,0.05576,3.0985,-0.563,-0.40794,3.0374,-0.7005,-0.70826,2.8356,-0.71078,-0.8195,2.859,-0.42491,0.071691,3.0593,-0.65529,-0.33044,3.2323,-0.61496,-0.68351,3.3651,-0.61422,-0.7217,3.2708
-0.39314,0.027749,3.2661,-0.37321,0.092968,3.3254,-0.3418,0.4913,3.3642,-0.29853,0.64125,3.4452,-0.49701,0.41219,3.4191,-0.41515,0.23902,3.2169,-0.24982,0.042023,3.2347,-0.21545,0.034969,3.2847,-0.20981,0.30911,3.3281,-0.44116,0.24123,3.3954,-0.28338,0.14165,3.5612,-0.26981,0.17462,3.6108,-0.46468,-0.033319,3.233,-0.33864,-0.49703,3.3323,-0.56411,-0.79525,3.2693,-0.49778,-0.88277,3.2967,-0.33918,-0.047045,3.2645,-0.46956,-0.4702,3.4864,-0.57527,-0.73653,3.4192,-0.51433,-0.83191,3.3915
-0.19249,0.086103,3.3587,-0.20187,0.1632,3.4126,-0.13377,0.57773,3.4253,-0.13872,0.73802,3.4879,-0.23838,0.46115,3.2975,-0.36972,0.25962,3.1703,-0.21772,0.14195,3.1649,-0.16127,0.11748,3.1688,-0.0017814,0.39554,3.3892,-0.051368,0.19675,3.5222,0.13193,0.17616,3.5628,0.18941,0.19729,3.5557,-0.2442,0.035409,3.2849,-0.16377,-0.41414,3.3705,-0.16524,-0.80149,3.3941,-0.08352,-0.86985,3.4118,-0.15673,-0.019282,3.4067,-0.23181,-0.46808,3.4318,-0.50234,-0.74402,3.4832,-0.50772,-0.84997,3.5329
0.03393,0.076835,3.3752,-0.0067673,0.13367,3.4088,0.0096449,0.44535,3.383,0.070293,0.65628,3.398,-0.094946,0.40174,3.2804,-0.14869,0.16805,3.1889,0.086374,0.20303,3.1898,0.1396,0.23643,3.2142,0.121,0.37581,3.4985,0.16009,0.13145,3.4639,0.33785,0.20207,3.4234,0.38648,0.22776,3.3949,0.00034796,-0.00075537,3.3114,-0.029057,-0.48091,3.3634,-0.12586,-0.81217,3.4148,-0.09707,-0.89138,3.4343,0.078584,-0.01358,3.429,0.17013,-0.45721,3.4038,0.080363,-0.8269,3.4842,0.15422,-0.88693,3.4788
0.22581,0.15166,3.3012,0.18789,0.21405,3.3352,0.17995,0.55603,3.3036,0.24619,0.71555,3.3102,0.07557,0.42068,3.1981,0.05359,0.20187,3.1203,0.23726,0.26278,3.0961,0.31362,0.29454,3.1093,0.34535,0.44653,3.4271,0.38417,0.18817,3.3778,0.57724,0.17761,3.3763,0.64159,0.17409,3.3805,0.18294,0.061319,3.2308,0.099764,-0.42555,3.3041,-0.081525,-0.75856,3.393,-0.022253,-0.79742,3.32,0.29264,0.058708,3.3609,0.40474,-0.42217,3.3422,0.48376,-0.75989,3.3512,0.5442,-0.85092,3.3092
0.47576,0.077973,3.1371,0.47131,0.14575,3.1662,0.48407,0.49248,3.1465,0.47583,0.67124,3.1247,0.2937,0.38868,3.1039,0.18999,0.1809,3.1479,0.28247,0.066289,3.0062,0.31188,0.076459,2.9519,0.64842,0.39147,3.1739,0.70416,0.16225,3.0284,0.60246,0.27054,2.8882,0.652,0.24863,2.8973,0.39097,-0.0059755,3.1161,0.48041,-0.4196,2.9791,0.40314,-0.75736,3.152,0.45598,-0.84888,3.1431,0.55949,0.0013873,3.1461,0.60235,-0.44655,3.1732,0.53759,-0.76401,3.2881,0.55292,-0.86991,3.2759
0.55955,0.14341,2.8909,0.55967,0.21095,2.9255,0.55092,0.56905,2.9214,0.53682,0.74488,2.9297,0.37515,0.45319,2.9205,0.30239,0.2788,2.9797,0.3473,0.18582,2.8005,0.36748,0.18252,2.7413,0.72515,0.44547,2.9035,0.81811,0.23574,2.8733,0.68393,0.29302,2.7062,0.66155,0.31665,2.6797,0.48254,0.065293,2.8835,0.65574,-0.40344,2.8709,0.64748,-0.7461,2.8421,0.69164,-0.828,2.7931,0.6383,0.065437,2.8849,0.72776,-0.31163,2.9396,0.65284,-0.63834,3.1341,0.64921,-0.67667,3.0405
0.63265,0.15847,2.5953,0.62261,0.22002,2.6425,0.60711,0.56896,2.6452,0.58654,0.73561,2.6339,0.44375,0.4599,2.6191,0.39545,0.22563,2.5343,0.53088,0.27694,2.39,0.53061,0.33017,2.3843,0.80204,0.46572,2.6697,0.89177,0.28276,2.6892,0.82226,0.14496,2.5313,0.78556,0.15292,2.481,0.56146,0.07379,2.5689,0.61145,-0.41908,2.6741,0.67382,-0.71395,2.776,0.6869,-0.75031,2.683,0.71299,0.0791,2.6001,0.75218,-0.3637,2.4628,0.81076,-0.74123,2.4969,0.82735,-0.80735,2.4407
0.62965,0.15738,2.2539,0.63807,0.21799,2.3091,0.63315,0.57796,2.3265,0.61844,0.73619,2.3174,0.47266,0.51529,2.361,0.41189,0.27333,2.3044,0.48292,0.19119,2.129,0.51274,0.21603,2.0803,0.80883,0.43266,2.2864,0.91602,0.27158,2.279,0.81688,0.15516,2.0897,0.80546,0.17994,2.033,0.55762,0.085004,2.2451,0.58858,-0.36336,2.1792,0.67241,-0.66036,2.4168,0.65779,-0.69586,2.3242,0.70018,0.07628,2.2299,0.74416,-0.38055,2.1266,0.80574,-0.7109,2.1524,0.80457,-0.78578,2.1065
0.56105,0.17545,2.0443,0.58966,0.23833,2.092,0.58435,0.60031,2.0975,0.54088,0.76006,2.0896,0.42405,0.51706,2.1873,0.38498,0.3187,2.2285,0.38033,0.19999,2.0606,0.39261,0.21007,1.9998,0.72228,0.47211,2.0021,0.76112,0.25414,1.8882,0.60414,0.29554,1.7671,0.58575,0.32934,1.7702,0.48903,0.10505,2.0558,0.51566,-0.28012,1.9097,0.54718,-0.60281,1.8366,0.50187,-0.63968,1.7561,0.6253,0.10207,2.0104,0.70062,-0.33152,2.0049,0.7942,-0.70361,2.1161,0.80756,-0.78553,2.0944
0.35938,0.16951,1.7322,0.39364,0.22508,1.7827,0.38794,0.5706,1.8098,0.31842,0.72078,1.828,0.26902,0.46778,1.847,0.19154,0.24451,1.7324,0.16079,0.37931,1.5831,0.16668,0.33212,1.6312,0.50024,0.45183,1.6755,0.60006,0.27865,1.5973,0.42429,0.21743,1.5146,0.36527,0.23056,1.4972,0.29781,0.092326,1.7723,0.32759,-0.27687,1.6877,0.4555,-0.57067,1.6427,0.52344,-0.59866,1.5554,0.40797,0.094746,1.6538,0.34262,-0.28142,1.4871,0.48167,-0.54666,1.4937,0.48205,-0.63096,1.4965
0.18497,0.13168,1.543,0.22372,0.20145,1.5961,0.19376,0.59292,1.6392,0.12969,0.74727,1.6682,0.081182,0.49306,1.681,0.0079019,0.30711,1.6367,-0.036503,0.4667,1.5241,-0.051305,0.5199,1.4912,0.32014,0.41953,1.4569,0.38294,0.24298,1.384,0.13018,0.21907,1.3515,0.067214,0.21893,1.3519,0.12322,0.071029,1.5572,0.075831,-0.3035,1.5536,0.37495,-0.57284,1.5598,0.31695,-0.60946,1.4884,0.24159,0.071591,1.4991,0.16914,-0.2884,1.3969,0.33366,-0.65277,1.312,0.27799,-0.68754,1.2413
0.0026413,0.021751,1.4969,0.0026756,0.10808,1.549,0.13711,0.60137,1.582,0.0023614,0.67935,1.6859,0.039995,0.51724,1.406,-0.033219,0.35996,1.5728,-0.082225,0.23994,1.7011,-0.09856,0.19994,1.7485,0.1529,0.47835,1.4642,0.0084651,0.3077,1.3068,-0.20921,0.32286,1.4131,-0.24873,0.36054,1.4436,-0.05755,0.0023506,1.4866,-0.11222,-0.36266,1.5451,0.046918,-0.71294,1.403,0.098263,-0.73373,1.3132,0.030781,-0.017232,1.4821,0.091958,-0.37915,1.3861,0.39611,-0.63355,1.2957,0.45198,-0.64282,1.222
-0.2227,0.056703,1.5206,-0.2282,0.13565,1.5801,-0.20788,0.58132,1.6,-0.34381,0.65999,1.7044,-0.28275,0.40016,1.4575,-0.11467,0.32226,1.6138,-0.24324,0.27645,1.3776,-0.29651,0.30398,1.317,-0.1921,0.45831,1.4823,-0.33721,0.25387,1.383,-0.16238,0.22426,1.5604,-0.19776,0.25743,1.6006,-0.2475,0.0071934,1.4545,-0.2555,-0.30396,1.6516,-0.5185,-0.38248,1.5128,-0.42203,-0.40341,1.4559,-0.20075,0.0049109,1.5688,-0.3721,-0.31413,1.4536,-0.10983,-0.53946,1.3227,-0.095606,-0.57485,1.2313
-0.43824,0.16746,1.7064,-0.46942,0.23668,1.7549,-0.42921,0.62413,1.7864,-0.5658,0.70317,1.8911,-0.52219,0.45031,1.6313,-0.61788,0.28422,1.5861,-0.74363,0.23884,1.7107,-0.78555,0.22371,1.7569,-0.27258,0.53775,1.8641,-0.24837,0.35892,1.9039,-0.2982,0.17709,1.929,-0.31481,0.11647,1.942,-0.50189,0.094628,1.6421,-0.3998,-0.26601,1.6803,-0.6867,-0.33018,1.6842,-0.58701,-0.36472,1.6418,-0.38108,0.084891,1.7434,-0.44388,-0.39254,1.6087,-0.253,-0.60795,1.4705,-0.1946,-0.64498,1.3999
-0.55266,0.11478,1.9105,-0.55552,0.1681,1.9645,-0.50588,0.4966,1.9969,-0.61655,0.59119,2.127,-0.70799,0.44339,1.9648,-0.86408,0.23733,1.9691,-0.91683,0.09567,2.0743,-0.93442,0.048449,2.1141,-0.41639,0.46273,2.024,-0.34385,0.21531,1.9602,-0.35606,0.074555,2.077,-0.39148,0.10776,2.1173,-0.62836,0.054173,1.8777,-0.70065,-0.31268,1.8335,-0.66326,-0.038379,1.7038,-0.64697,-0.07242,1.6125,-0.49141,0.045296,1.9096,-0.57284,-0.29478,2.0315,-0.68783,-0.54621,2.1076,-0.62947,-0.48581,2.0311
-0.59791,0.12236,2.1608,-0.59504,0.18471,2.2185,-0.57951,0.54694,2.2171,-0.69028,0.64162,2.3472,-0.76105,0.44553,2.1945,-0.87821,0.26061,2.2341,-0.80669,0.050465,2.0844,-0.7356,0.024618,2.0448,-0.43134,0.43607,2.1927,-0.37978,0.2611,2.1045,-0.47821,0.287,1.9274,-0.51103,0.29564,1.873,-0.68386,0.055137,2.1553,-0.74447,-0.31333,2.1265,-0.46228,-0.38877,2.134,-0.57102,-0.39242,2.102,-0.51786,0.042702,2.1408,-0.60525,-0.29391,2.2638,-0.67692,-0.57762,2.2667,-0.66604,-0.52013,2.2066
-0.58279,0.13105,2.601,-0.58433,0.20873,2.6427,-0.56942,0.60995,2.6152,-0.61794,0.69782,2.7949,-0.69428,0.46769,2.5981,-0.86671,0.28525,2.5686,-0.68616,0.10862,2.4949,-0.61509,0.082775,2.4553,-0.42705,0.46343,2.6235,-0.37265,0.24443,2.6529,-0.38791,0.30675,2.4583,-0.39299,0.32752,2.398,-0.65459,0.075289,2.5788,-0.60048,-0.29336,2.5508,-0.67712,-0.54955,2.3619,-0.66891,-0.58847,2.2718,-0.51472,0.063266,2.6147,-0.76402,-0.28556,2.7095,-0.8319,-0.56779,2.7184,-0.78691,-0.5625,2.6147
-0.51765,0.087511,2.925,-0.51419,0.16207,2.9823,-0.45189,0.58969,3.0305,-0.41502,0.75345,3.1073,-0.52836,0.45037,2.8922,-0.44868,0.2181,2.7787,-0.46922,0.033612,2.8154,-0.39815,0.0077742,2.7758,-0.34873,0.43975,2.9216,-0.33865,0.20024,2.8439,-0.35395,0.26273,2.6487,-0.35905,0.28356,2.5883,-0.56477,0.04604,2.9535,-0.49092,-0.35419,2.8954,-0.68016,-0.68809,2.7769,-0.65853,-0.77516,2.7466,-0.49285,0.013069,2.8612,-0.63404,-0.41551,3.0233,-0.36831,-0.52587,2.9488,-0.47456,-0.52836,2.9102
-0.36738,0.09994,3.1226,-0.36559,0.17335,3.1787,-0.29693,0.58421,3.2012,-0.27943,0.75448,3.2601,-0.40211,0.46797,3.0524,-0.40338,0.24518,2.9156,-0.24565,0.18293,3.0207,-0.19308,0.16218,3.0604,-0.19377,0.43427,3.0923,-0.3713,0.33811,2.8995,-0.40255,0.38684,2.7015,-0.41297,0.40308,2.6402,-0.42184,0.053321,3.083,-0.56837,-0.4259,3.1431,-0.74974,-0.74277,2.9877,-0.73929,-0.82575,3.0093,-0.32885,0.037091,3.1413,-0.38545,-0.43896,3.196,-0.41327,-0.80849,3.24,-0.39469,-0.84421,3.1507
-0.21836,0.05787,3.2667,-0.21065,0.14053,3.316,-0.21343,0.57006,3.294,-0.16484,0.7335,3.3623,-0.28293,0.44216,3.2057,-0.26564,0.20774,3.0749,-0.10232,0.18304,3.169,-0.053285,0.20203,3.236,-0.11028,0.42012,3.185,-0.28838,0.32364,2.9917,-0.31906,0.37314,2.7932,-0.32929,0.38964,2.7316,-0.26606,0.020329,3.2298,-0.29797,-0.48117,3.2623,-0.42333,-0.81429,3.2697,-0.38945,-0.89017,3.2708,-0.17346,-0.00084613,3.2959,-0.18289,-0.4534,3.4315,-0.31029,-0.80421,3.4788,-0.27881,-0.88206,3.473
-0.087598,0.061878,3.3559,-0.08779,0.13659,3.3977,-0.10513,0.51925,3.3628,-0.059635,0.68569,3.4195,-0.19161,0.38661,3.2701,-0.22511,0.15806,3.1733,-0.01679,0.15762,3.2142,0.040249,0.21519,3.2401,-0.0019811,0.36931,3.2538,-0.18052,0.27259,3.06,-0.21077,0.32268,2.8611,-0.22085,0.33937,2.7994,-0.12897,-0.021623,3.2828,-0.14274,-0.49083,3.3199,-0.37641,-0.78662,3.3295,-0.35651,-0.86311,3.3043,-0.032869,-0.020219,3.4274,-0.0098914,-0.46933,3.4981,-0.10525,-0.81542,3.6391,-0.11252,-0.85446,3.5499
-0.01168,0.10124,3.3484,-0.034443,0.16952,3.3772,-0.041517,0.53107,3.3672,0.012284,0.68584,3.3429,-0.17239,0.39422,3.2843,-0.26645,0.18235,3.2218,-0.068348,0.15581,3.1561,-0.012258,0.1811,3.1432,0.12883,0.4205,3.4754,0.12918,0.16624,3.3799,0.19178,0.028505,3.2437,0.22791,0.0041907,3.1983,-0.072732,0.021571,3.2944,-0.034762,-0.4469,3.2289,-0.17692,-0.78981,3.3253,-0.13135,-0.86133,3.2881,0.061392,0.019669,3.3884,0.07691,-0.37382,3.4573,-0.054827,-0.73245,3.5435,-0.0086657,-0.76996,3.4666
0.030526,0.089159,3.1655,0.019925,0.15582,3.2071,0.015168,0.51747,3.198,-0.0042214,0.67802,3.1497,-0.16691,0.38764,3.155,-0.22738,0.15924,3.0859,-0.082413,0.10803,2.9526,-0.046366,0.10895,2.936,0.1823,0.40459,3.229,0.26576,0.23733,3.2564,0.082174,0.17111,3.0656,0.061785,0.14914,3.0101,-0.042402,0.0047745,3.1388,0.0087756,-0.45465,3.1562,-0.028301,-0.77249,3.2719,-0.010789,-0.80915,3.1834,0.10901,0.013859,3.1753,0.14592,-0.42923,3.1725,0.065705,-0.72327,3.4045,0.083217,-0.75994,3.316
0.071764,0.11733,2.9911,0.058847,0.18474,3.0229,0.035371,0.53283,2.9967,0.022949,0.69693,2.9708,-0.1156,0.39304,2.9707,-0.12627,0.15678,2.8848,0.03243,0.19307,2.7641,0.048884,0.22567,2.752,0.22545,0.44335,3.044,0.30686,0.25298,3.1026,0.11573,0.20122,2.915,0.051796,0.22866,2.7421,0.0057903,0.030723,2.9771,-0.011989,-0.44663,3.1031,-0.011861,-0.76447,3.2442,0.0055103,-0.80278,3.1563,0.1507,0.045146,2.9999,0.1798,-0.388,2.8488,0.17424,-0.76743,2.92,0.21329,-0.84178,2.8458
0.12928,0.13204,2.6587,0.13175,0.19262,2.7081,0.13649,0.54193,2.7218,0.10588,0.71872,2.7191,-0.056614,0.43916,2.7425,-0.099568,0.21008,2.6617,0.054318,0.22293,2.4684,0.046645,0.20596,2.4573,0.30899,0.41829,2.7268,0.39189,0.2101,2.6908,0.3068,0.16817,2.5073,0.29156,0.17988,2.4829,0.051128,0.054462,2.6357,0.049852,-0.39647,2.5943,0.062795,-0.6941,2.8393,0.067977,-0.80168,2.8692,0.20451,0.04817,2.651,0.1884,-0.40416,2.551,0.22195,-0.76091,2.6216,0.22232,-0.83576,2.5733
0.13355,0.15238,2.4466,0.14837,0.21571,2.5026,0.14828,0.59226,2.5257,0.13067,0.75866,2.5057,-0.027339,0.47644,2.5523,-0.1046,0.30098,2.6077,-0.083593,0.17802,2.4449,-0.074937,0.11842,2.4256,0.30035,0.4538,2.4542,0.35377,0.23104,2.375,0.21762,0.27399,2.2294,0.20685,0.2933,2.2061,0.05964,0.082957,2.4371,0.076481,-0.36912,2.2717,0.1155,-0.70828,2.2255,0.119,-0.77988,2.1401,0.20282,0.076198,2.426,0.18899,-0.4323,2.4059,0.20688,-0.79347,2.5598,0.24217,-0.8676,2.5671
0.11522,0.14826,2.1786,0.13359,0.20706,2.2375,0.13775,0.57822,2.2818,0.11451,0.74324,2.2651,-0.023342,0.4739,2.3098,-0.14068,0.3428,2.3643,-0.077222,0.29442,2.1004,-0.068576,0.23489,2.0812,0.2903,0.44825,2.1993,0.34845,0.23738,2.1254,0.19936,0.28504,1.991,0.16666,0.30489,1.9714,0.042896,0.076178,2.1733,0.087998,-0.35314,2.051,0.12319,-0.71348,2.0969,0.13863,-0.79995,2.0667,0.18041,0.080404,2.146,0.18785,-0.34679,1.9862,0.25333,-0.71318,2.1127,0.2361,-0.79364,2.0611
0.1124,0.16806,2.0696,0.12505,0.23113,2.13,0.13376,0.61784,2.1647,0.10632,0.78175,2.1643,-0.020285,0.46713,2.1167,-0.076824,0.27541,2.121,-0.05267,0.42372,1.9843,-0.044618,0.47315,1.9433,0.27793,0.48536,2.0639,0.3412,0.27043,2.0038,0.17313,0.29894,1.8971,0.12243,0.33031,1.8696,0.040639,0.096327,2.0766,0.0691,-0.37556,2.0407,0.13147,-0.7245,2.0807,0.12517,-0.80434,2.0626,0.17828,0.10468,2.0279,0.17294,-0.30424,1.8734,0.23409,-0.6099,1.7496,0.21737,-0.64331,1.6605
0.086173,0.15782,1.9358,0.12639,0.2251,1.9814,0.13272,0.61857,1.9949,0.04464,0.76441,2.0372,-0.015038,0.47464,2.0009,-0.050607,0.22191,2.0357,-0.1314,0.34018,1.8908,-0.15833,0.3796,1.8471,0.17447,0.44675,1.8331,0.21857,0.25496,1.7286,0.030089,0.23536,1.7568,-0.038299,0.24439,1.7899,0.030329,0.077306,1.9888,0.0077998,-0.34154,1.9405,0.17077,-0.70823,1.9737,0.13321,-0.78358,1.9903,0.12251,0.084186,1.8561,0.13176,-0.32761,1.7539,0.22883,-0.60803,1.683,0.17198,-0.64317,1.6133
0.10662,0.18664,1.9313,0.14208,0.25327,1.981,0.10166,0.63976,2.0394,0.098995,0.80387,2.1273,-0.046004,0.49573,2.0453,-0.078256,0.25637,1.9138,-0.097238,0.21384,1.7111,-0.10357,0.19966,1.6482,0.11362,0.52069,1.8838,0.036895,0.29087,1.7541,-0.099192,0.26096,1.8759,-0.17067,0.26724,1.9153,0.068913,0.090515,1.8377,0.024775,-0.37619,2.0343,0.13306,-0.71522,1.9398,0.082011,-0.78365,1.9925,0.14622,0.10968,1.9783,0.11261,-0.31652,1.7752,0.22191,-0.60804,1.6874,0.15853,-0.64348,1.6243
0.09287,0.067863,2.068,0.080309,0.12939,2.1278,0.16595,0.49279,2.1766,0.19548,0.68211,2.3468,0.011495,0.46084,2.0971,-0.10013,0.27066,2.0159,-0.034236,0.12749,1.8886,-0.01227,0.07976,1.8508,0.10238,0.52397,2.1576,0.16443,0.34721,2.0792,0.019082,0.36854,2.2168,-0.053195,0.37465,2.257,0.060355,0.020243,2.0163,-0.012991,-0.37254,2.1015,0.12628,-0.7232,1.9575,0.091998,-0.7943,1.9777,0.10593,0.017683,2.095,-0.031852,-0.43249,2.076,0.0066497,-0.6559,1.8307,0.047,-0.69083,1.751
0.023684,0.071493,2.2582,0.045115,0.12851,2.3237,0.15279,0.50341,2.3761,0.15448,0.69679,2.5454,-0.046881,0.46074,2.3268,-0.20516,0.29156,2.2633,-0.16396,0.15796,2.1149,-0.15022,0.11343,2.07,0.039105,0.53705,2.3501,0.21273,0.34231,2.3527,0.21874,0.20279,2.4737,0.14603,0.21877,2.5044,-0.0081469,0.041079,2.2376,-0.12894,-0.39775,2.3522,-0.16784,-0.72514,2.3275,-0.16797,-0.75777,2.2375,0.038807,0.042636,2.2558,0.070386,-0.37852,2.1788,0.1015,-0.69686,1.9752,0.10137,-0.72949,1.8852
0.0229,0.10767,2.5684,0.051569,0.16687,2.6206,0.091942,0.51903,2.6098,0.078143,0.6999,2.7581,-0.1343,0.42922,2.6952,-0.20247,0.23842,2.7353,-0.17377,0.034674,2.5583,-0.1642,-0.03324,2.5038,0.20799,0.3911,2.5643,0.22824,0.20852,2.4744,0.14028,0.21198,2.6336,0.094992,0.21703,2.6207,-0.070841,0.029938,2.5896,-0.10345,-0.40427,2.5397,-0.15513,-0.724,2.3745,-0.15588,-0.801,2.4002,0.091214,0.017677,2.5249,0.097676,-0.37116,2.662,-0.00094345,-0.73353,2.5535,-0.030447,-0.76774,2.4693
0.098012,0.10045,2.8337,0.11599,0.16034,2.8647,0.10989,0.47262,2.8475,0.047472,0.63147,2.9151,-0.051336,0.43643,2.9331,-0.10308,0.18223,2.9448,-0.089073,0.011959,2.8394,-0.084403,-0.044797,2.8088,0.23867,0.3853,2.7943,0.262,0.16504,2.7204,0.15184,0.19311,2.8636,0.11658,0.18978,2.8511,0.024786,0.03541,2.8704,0.076417,-0.43778,2.8944,-0.098271,-0.75689,2.7983,-0.13443,-0.794,2.718,0.16451,0.015057,2.7908,0.10973,-0.374,2.9141,-0.0016004,-0.75496,2.8068,-0.037758,-0.79207,2.7265
0.23759,0.088117,3.1332,0.24461,0.14712,3.1826,0.33174,0.52636,3.2372,0.34073,0.69659,3.3102,0.28762,0.43456,3.1077,0.32867,0.19425,3.016,0.18317,0.16681,3.2188,0.18412,0.15541,3.2804,0.42046,0.25591,3.0915,0.38569,0.09492,2.962,0.33068,0.19735,3.1054,0.2584,0.20346,3.1456,0.18923,0.032209,3.0477,0.29863,-0.44847,3.0934,0.081597,-0.72635,2.9629,0.084069,-0.80488,2.9418,0.25443,-0.0016994,3.1801,0.21807,-0.44415,3.2916,0.10533,-0.71867,3.3032,0.15423,-0.8172,3.299
0.3976,0.12766,3.2206,0.40462,0.19079,3.2751,0.43536,0.55456,3.2825,0.47239,0.72164,3.3518,0.37109,0.4659,3.1646,0.34938,0.25214,3.0368,0.54956,0.25685,3.1027,0.60302,0.28458,3.1206,0.52408,0.28412,3.1367,0.46468,0.12393,3.0185,0.37728,0.18387,3.1667,0.32862,0.17378,3.1632,0.35726,0.07562,3.1473,0.46837,-0.42131,3.2043,0.50219,-0.7928,3.264,0.56839,-0.87676,3.2905,0.42042,0.027762,3.2665,0.40908,-0.46198,3.2649,0.18072,-0.78305,3.3328,0.17917,-0.865,3.3194
0.57908,0.083015,3.2053,0.54355,0.14851,3.2502,0.51383,0.53921,3.259,0.60981,0.67753,3.2567,0.44791,0.38004,3.1714,0.4046,0.13935,3.0831,0.59801,0.164,3.0398,0.6535,0.20046,3.0419,0.70984,0.36537,3.3419,0.75407,0.12386,3.2242,0.67538,0.11841,3.387,0.62784,0.12623,3.3718,0.53357,0.0020789,3.1314,0.62196,-0.47409,3.2189,0.52615,-0.81648,3.3132,0.57894,-0.89134,3.3209,0.64431,-0.010143,3.2551,0.75937,-0.44,3.2581,0.57229,-0.74054,3.4284,0.61587,-0.84125,3.437
0.6631,0.087821,3.1237,0.65931,0.15343,3.1751,0.66794,0.51313,3.1586,0.63986,0.70394,3.1478,0.48801,0.40229,3.1317,0.43052,0.17058,3.1118,0.62203,0.1922,2.9451,0.67756,0.22927,2.9468,0.84122,0.38781,3.1616,0.91505,0.20887,3.1695,0.74613,0.12885,3.2071,0.68983,0.10218,3.2242,0.5851,0.012203,3.1037,0.62693,-0.45181,3.1004,0.60243,-0.78695,3.3015,0.62741,-0.88177,3.3211,0.74061,0.0084605,3.1231,0.83705,-0.45385,3.1155,0.92519,-0.77759,3.1935,0.94639,-0.86598,3.1459
0.60867,0.099677,3.026,0.63317,0.16762,3.0736,0.61998,0.54518,3.0676,0.56969,0.71625,3.0537,0.43946,0.4286,3.128,0.39269,0.24642,3.1806,0.42547,0.1647,2.9199,0.48311,0.1965,2.9056,0.73649,0.40411,2.9718,0.82565,0.19094,2.9492,0.65646,0.13817,2.8391,0.59702,0.14582,2.821,0.53826,0.027786,3.0389,0.55069,-0.42012,2.9602,0.57063,-0.78415,3.0321,0.54938,-0.85997,2.985,0.67361,0.029677,2.9934,0.80908,-0.43747,3.0618,0.92694,-0.77998,3.1595,0.95333,-0.86626,3.1358
0.49537,0.07935,2.908,0.51441,0.15028,2.9552,0.48142,0.52896,2.9401,0.42226,0.69526,2.9172,0.31326,0.40783,2.9957,0.26666,0.20997,3.0256,0.24777,0.11007,2.8287,0.24213,0.080227,2.774,0.607,0.38462,2.8543,0.7088,0.17825,2.8244,0.51709,0.11475,2.7296,0.4683,0.11745,2.6905,0.43289,0.0024089,2.9291,0.4621,-0.43683,2.9056,0.53272,-0.77208,3.0062,0.52813,-0.8564,2.9806,0.56081,0.01428,2.8712,0.60936,-0.4209,2.7748,0.73591,-0.7535,2.9472,0.73882,-0.83304,2.9326
0.36247,0.12543,2.6975,0.37117,0.19347,2.745,0.35635,0.55838,2.7239,0.34019,0.72767,2.7264,0.19168,0.43549,2.7397,0.15101,0.22109,2.6974,0.24753,0.23389,2.5087,0.26538,0.24331,2.5,0.5196,0.41552,2.6684,0.61388,0.21869,2.6634,0.48547,0.16797,2.5141,0.42989,0.16435,2.4856,0.29179,0.044196,2.7021,0.31689,-0.32255,2.7993,0.46033,-0.6704,2.9306,0.44249,-0.70691,2.8447,0.43526,0.057355,2.679,0.35132,-0.4275,2.5499,0.29397,-0.74872,2.5404,0.25879,-0.81572,2.4618
0.24501,0.12174,2.468,0.26918,0.18903,2.5149,0.27571,0.56335,2.5042,0.25688,0.72865,2.4963,0.10807,0.45371,2.5624,0.060191,0.22459,2.5343,0.11042,0.15956,2.3455,0.13177,0.2046,2.3141,0.40248,0.41465,2.4276,0.4733,0.19412,2.3853,0.33523,0.12618,2.2543,0.30247,0.15176,2.2345,0.17154,0.053698,2.4789,0.13492,-0.39719,2.4247,0.19536,-0.73988,2.6118,0.167,-0.81629,2.5878,0.30929,0.046211,2.4423,0.24754,-0.39752,2.4226,0.26456,-0.75983,2.524,0.24047,-0.82964,2.4794
0.14205,0.16758,2.2284,0.15864,0.23059,2.2835,0.18696,0.60204,2.2898,0.18817,0.76643,2.2788,0.0080298,0.51475,2.2994,-0.063331,0.33364,2.3988,-0.07036,0.22009,2.1896,-0.10598,0.20323,2.1411,0.33271,0.45762,2.226,0.38381,0.24034,2.1995,0.24681,0.20113,2.055,0.19836,0.22548,2.0287,0.061182,0.099398,2.2252,-0.010262,-0.35287,2.1437,-0.071618,-0.7067,2.153,-0.092955,-0.8016,2.1041,0.20635,0.088762,2.203,0.19085,-0.3577,2.1823,0.19752,-0.69189,2.3919,0.21712,-0.79729,2.4109
0.12238,0.16333,2.0174,0.1159,0.22627,2.0738,0.13621,0.59126,2.0789,0.16905,0.74948,2.0472,-0.027716,0.49083,2.033,-0.10833,0.26296,1.9691,0.0087428,0.28924,1.8036,0.03072,0.31495,1.794,0.31285,0.4543,2.0878,0.35096,0.26387,2.076,0.25701,0.20111,1.89,0.24247,0.2312,1.8371,0.043913,0.091106,1.9859,-0.017509,-0.35227,2.0275,-0.077098,-0.71627,2.1273,-0.095887,-0.80181,2.1037,0.19568,0.080952,2.0216,0.16357,-0.28609,1.8804,0.11607,-0.66221,1.9065,0.13092,-0.69634,1.8197
0.17112,0.15731,1.7533,0.15989,0.21834,1.8138,0.18234,0.59186,1.8457,0.24417,0.74336,1.8326,0.02463,0.48997,1.7903,-0.045035,0.26502,1.7356,0.15681,0.35282,1.5813,0.20938,0.38672,1.5772,0.35799,0.4751,1.8772,0.45554,0.31637,1.9005,0.35031,0.2447,1.6587,0.33655,0.30158,1.599,0.089956,0.084608,1.7113,0.064736,-0.33102,1.6815,-0.039907,-0.64583,1.8973,-0.017743,-0.67887,1.8118,0.24881,0.076529,1.7564,0.21421,-0.29698,1.6642,0.19125,-0.7018,1.7056,0.21295,-0.74313,1.6215
0.21099,0.21856,1.5868,0.20946,0.26628,1.6454,0.21071,0.57622,1.6527,0.27294,0.73294,1.6565,0.048998,0.49296,1.6499,-0.029698,0.31234,1.6377,0.14662,0.33217,1.4332,0.23017,0.32106,1.4433,0.38663,0.50199,1.6602,0.47545,0.33321,1.6594,0.33521,0.32114,1.4265,0.31089,0.37194,1.3988,0.13724,0.1436,1.5671,0.19004,-0.25914,1.474,0.14511,-0.63856,1.3606,0.14701,-0.67146,1.2723,0.28455,0.14414,1.5771,0.27548,-0.23476,1.5129,0.26944,-0.52506,1.5738,0.27356,-0.44619,1.5871
0.25736,0.13001,1.4443,0.25621,0.18421,1.5044,0.25293,0.54399,1.5354,0.31572,0.70006,1.5361,0.082021,0.4486,1.5048,0.013977,0.26904,1.4852,0.14304,0.31687,1.3096,0.22765,0.31047,1.3053,0.42197,0.46066,1.5146,0.53385,0.30631,1.5117,0.39192,0.31669,1.3325,0.3526,0.3153,1.2835,0.18326,0.05375,1.4183,0.24779,-0.31501,1.3307,0.066997,-0.6698,1.3679,0.06848,-0.70225,1.2796,0.33325,0.06379,1.4299,0.35793,-0.30745,1.3314,0.3945,-0.65729,1.5141,0.39515,-0.67632,1.4301
0.2892,0.16975,1.4118,0.30384,0.22517,1.4676,0.26773,0.55562,1.4805,0.33063,0.71197,1.4812,0.10337,0.47703,1.5407,0.077694,0.27979,1.5141,0.24596,0.3187,1.3065,0.32684,0.29249,1.3058,0.45731,0.46961,1.3981,0.53618,0.29571,1.3523,0.34312,0.37293,1.1831,0.27877,0.39866,1.1313,0.20937,0.090715,1.3982,0.2187,-0.28734,1.3383,0.19378,-0.69422,1.3491,0.16143,-0.73963,1.2685,0.3803,0.093076,1.3874,0.40078,-0.27989,1.2987,0.56594,-0.65399,1.291,0.54047,-0.69147,1.2125
0.29638,0.14312,1.418,0.3404,0.19994,1.4425,0.33182,0.50279,1.3638,0.39481,0.65934,1.3643,0.21338,0.47566,1.5352,0.12357,0.29758,1.4934,0.16155,0.31225,1.2923,0.24245,0.28604,1.2916,0.41559,0.41939,1.3054,0.50557,0.2535,1.2446,0.24807,0.27273,1.2553,0.16223,0.27914,1.2635,0.23976,0.077634,1.4766,0.22517,-0.29874,1.4122,0.31869,-0.69391,1.4311,0.26235,-0.74001,1.3789,0.34707,0.066316,1.3651,0.39392,-0.30838,1.3084,0.59258,-0.66512,1.2643,0.54786,-0.70228,1.21
0.266,0.13781,1.4628,0.30502,0.20075,1.4719,0.27386,0.49791,1.387,0.3369,0.65461,1.3875,0.22622,0.56723,1.6084,0.11768,0.3392,1.5231,0.27278,0.27396,1.3122,0.35362,0.24777,1.3115,0.41424,0.50523,1.3432,0.32037,0.30586,1.3171,0.14871,0.27142,1.3811,0.091489,0.25994,1.407,0.21761,0.087601,1.4969,0.2159,-0.34003,1.6405,0.33659,-0.66196,1.5868,0.26913,-0.70511,1.5384,0.31387,0.091869,1.4454,0.30138,-0.2861,1.4009,0.52579,-0.60661,1.2667,0.4605,-0.64433,1.2181
0.22181,0.21214,1.6311,0.22562,0.27796,1.6863,0.18218,0.64511,1.7055,0.24538,0.8022,1.7059,0.10912,0.68929,1.8073,0.047712,0.44129,1.736,0.16893,0.37333,1.5033,0.24994,0.34708,1.5026,0.35302,0.55405,1.7224,0.22424,0.37069,1.565,0.02509,0.26644,1.6805,0.066391,0.22367,1.7414,0.17262,0.13527,1.5802,0.24031,-0.35756,1.6785,0.34798,-0.63467,1.621,0.27881,-0.58962,1.5517,0.27758,0.13688,1.6725,0.088189,-0.32542,1.5964,0.21646,-0.57745,1.4727,0.29227,-0.57697,1.4483
0.099617,0.12239,1.7548,0.076764,0.18748,1.8045,0.15105,0.5483,1.8577,0.20969,0.70788,1.8596,0.0055139,0.46396,1.737,-0.033932,0.26888,1.6318,0.087864,0.4167,1.6266,0.16895,0.39043,1.6259,0.28708,0.44054,1.9832,0.14259,0.28652,1.8055,-0.0395,0.19576,1.9527,0.0018448,0.15294,2.0137,0.021502,0.06019,1.6955,-0.10247,-0.27635,1.8035,-0.14426,-0.60392,1.7554,-0.088214,-0.63978,1.6894,0.16214,0.04931,1.7736,0.22217,-0.32441,1.7461,0.35991,-0.68689,1.6069,0.42329,-0.72823,1.5327
-0.067907,0.11832,1.9446,-0.08222,0.18627,2.0054,-0.081047,0.59491,2.0541,-0.069479,0.76868,2.1089,-0.20854,0.43076,1.933,-0.30832,0.2381,1.8792,-0.128,0.3002,1.8848,-0.046812,0.2739,1.8841,-0.011745,0.54551,2.0194,-0.036867,0.36098,1.947,-0.16371,0.35522,2.1594,-0.12232,0.31234,2.2205,-0.11903,0.052802,1.8897,-0.20476,-0.30718,1.9544,-0.22617,-0.60334,1.8413,-0.20321,-0.63584,1.7565,-0.018059,0.05877,1.9688,-0.059584,-0.3661,1.962,0.15883,-0.57655,1.7283,0.18179,-0.60906,1.6435
-0.19151,0.17411,2.1373,-0.19498,0.23054,2.1917,-0.17962,0.55084,2.1781,-0.17289,0.72352,2.2454,-0.35924,0.48188,2.1762,-0.46023,0.2749,2.2181,-0.44419,0.093125,2.2645,-0.36297,0.06681,2.2638,-0.078399,0.54543,2.2152,0.025693,0.3072,2.1883,-0.012339,0.13009,2.1105,0.02907,0.087202,2.1716,-0.25985,0.10699,2.1126,-0.25163,-0.32919,2.1576,-0.25657,-0.58858,1.881,-0.23705,-0.66627,1.853,-0.12555,0.11019,2.1375,-0.19412,-0.39772,2.1242,-0.23778,-0.67988,2.1813,-0.21632,-0.6422,2.1146
-0.30347,0.11903,2.3613,-0.31044,0.18935,2.4198,-0.32131,0.59975,2.4454,-0.26572,0.76103,2.5232,-0.41545,0.46988,2.3931,-0.54203,0.24366,2.3913,-0.58057,0.071385,2.4544,-0.49936,0.045073,2.4537,-0.14638,0.47236,2.4167,-0.071474,0.22498,2.4216,-0.18234,0.044819,2.3029,-0.2193,-0.015234,2.2679,-0.36529,0.057711,2.3388,-0.46132,-0.43207,2.3398,-0.41849,-0.62443,2.0515,-0.41147,-0.65743,1.9642,-0.23771,0.059817,2.3607,-0.38647,-0.38257,2.416,-0.37411,-0.67347,2.3235,-0.39543,-0.721,2.2633
-0.36289,0.13738,2.6383,-0.37036,0.21236,2.6894,-0.37525,0.62975,2.6932,-0.31212,0.78786,2.7739,-0.49028,0.47722,2.6545,-0.62278,0.26075,2.6293,-0.46501,0.053662,2.5987,-0.38363,0.027293,2.598,-0.19267,0.48497,2.6905,-0.12998,0.24957,2.6965,-0.25401,0.061658,2.5639,-0.29535,-0.00097837,2.5242,-0.43595,0.06814,2.6262,-0.48662,-0.41499,2.6155,-0.40666,-0.69047,2.3569,-0.39702,-0.7249,2.2704,-0.28725,0.075878,2.6393,-0.4959,-0.37711,2.751,-0.5915,-0.78027,2.777,-0.55656,-0.77413,2.6754
-0.38048,0.07929,2.8386,-0.36626,0.14245,2.9035,-0.30611,0.5563,2.9731,-0.33454,0.7291,3.0127,-0.38359,0.4787,2.8651,-0.55057,0.31213,2.9503,-0.58298,0.0625,2.8668,-0.5014,0.036067,2.8661,-0.20389,0.38457,2.827,-0.18232,0.18742,2.7563,-0.31951,0.024389,2.6211,-0.36524,-0.029956,2.5806,-0.43718,0.019017,2.862,-0.48611,-0.48272,2.8515,-0.49951,-0.74725,2.6903,-0.42219,-0.72809,2.6921,-0.3386,0.027691,2.7859,-0.48248,-0.44108,2.9255,-0.59637,-0.78684,2.7779,-0.59369,-0.86585,2.7878
-0.30414,0.10614,3.0335,-0.28966,0.18479,3.0891,-0.24422,0.64516,3.129,-0.18301,0.79754,3.2314,-0.30343,0.51632,3.0268,-0.24295,0.28962,2.8839,-0.39415,0.099173,2.9669,-0.44455,0.03569,2.9991,-0.16685,0.4804,3.0009,-0.19608,0.24826,2.8567,-0.32819,0.089772,2.7358,-0.37223,0.036943,2.7002,-0.3433,0.068972,3.0505,-0.4455,-0.43604,3.0687,-0.58918,-0.74358,2.8632,-0.58864,-0.82291,2.8551,-0.2714,0.050893,3.0099,-0.27895,-0.41562,3.1083,-0.30747,-0.73496,3.1378,-0.31881,-0.76783,3.0507
-0.14573,0.069895,3.1777,-0.13475,0.14818,3.2351,-0.14195,0.58419,3.2422,-0.072639,0.73981,3.327,-0.19264,0.45343,3.1518,-0.13167,0.2144,3.0362,-0.33137,0.1061,3.1531,-0.39794,0.070003,3.1967,-0.061421,0.41375,3.1193,-0.092638,0.18416,2.9804,-0.22421,0.02999,2.8617,-0.26807,-0.021398,2.8267,-0.18316,0.042003,3.1911,-0.33762,-0.44887,3.2282,-0.31891,-0.74412,3.2277,-0.33577,-0.77839,3.1419,-0.11157,0.027315,3.1556,-0.062977,-0.42699,3.384,-0.33709,-0.70748,3.2694,-0.29194,-0.80474,3.2564
0.0011952,0.081879,3.2947,0.0081773,0.15777,3.3493,-0.010171,0.57757,3.3389,0.049356,0.74075,3.4111,-0.078028,0.45921,3.2456,-0.032953,0.21796,3.1402,-0.24189,0.075368,3.1963,-0.31154,0.027837,3.2196,0.070354,0.40713,3.216,0.039136,0.17754,3.0771,-0.092434,0.023377,2.9584,-0.13629,-0.028012,2.9234,-0.034699,0.03542,3.2602,-0.086666,-0.45893,3.3024,-0.29703,-0.79758,3.222,-0.26668,-0.87118,3.228,0.038172,0.038266,3.3183,0.059317,-0.4386,3.4965,-0.041288,-0.8054,3.5755,-0.010378,-0.87635,3.5559
0.14849,0.10792,3.4,0.11448,0.1796,3.424,0.10151,0.55876,3.3913,0.2143,0.69134,3.4004,0.021137,0.39618,3.2937,-0.099942,0.18779,3.2293,0.084988,0.14572,3.174,0.14472,0.1581,3.181,0.28991,0.39168,3.5429,0.33013,0.13563,3.5018,0.45188,0.21331,3.3582,0.40953,0.18778,3.3906,0.10219,0.0074827,3.3262,0.18153,-0.44699,3.2997,0.069374,-0.80662,3.3913,0.12133,-0.86307,3.3694,0.21499,0.025439,3.4692,0.075349,-0.47213,3.4969,0.0076181,-0.81329,3.5102,0.037293,-0.87711,3.5478
0.26381,0.10777,3.3118,0.24653,0.17622,3.338,0.23753,0.53308,3.3235,0.25892,0.70291,3.3178,0.098526,0.40948,3.2631,0.014856,0.1737,3.2374,0.17334,0.14803,3.1141,0.19977,0.17134,3.1025,0.41804,0.40229,3.4144,0.43869,0.16943,3.3332,0.51197,0.16564,3.1395,0.5326,0.10508,3.1371,0.19632,0.029441,3.2725,0.30847,-0.43706,3.2812,0.29561,-0.79816,3.3206,0.34219,-0.87303,3.3052,0.34025,0.025629,3.3418,0.35412,-0.36816,3.3285,0.19028,-0.67297,3.5082,0.22621,-0.70953,3.4298
0.33454,0.10334,3.2254,0.32171,0.16743,3.2631,0.29609,0.51555,3.2591,0.29661,0.69385,3.2209,0.14541,0.39121,3.2166,0.10122,0.17896,3.1616,0.25932,0.19319,3.0234,0.27959,0.20529,3.0034,0.49774,0.40928,3.2828,0.479,0.17004,3.1474,0.25341,0.1885,3.0308,0.17822,0.19465,2.9965,0.26683,0.020474,3.1977,0.30953,-0.46343,3.2356,0.30996,-0.79163,3.3297,0.34395,-0.87577,3.3218,0.41802,0.027478,3.2325,0.47907,-0.43882,3.1607,0.47069,-0.79113,3.3311,0.50915,-0.877,3.3067
0.40822,0.082505,3.0411,0.41085,0.14921,3.0839,0.38245,0.50791,3.0812,0.33323,0.68311,3.0663,0.20563,0.3931,3.1201,0.16416,0.18014,3.1068,0.2752,0.18776,2.8784,0.30419,0.21446,2.8278,0.54658,0.39217,3.0571,0.65944,0.19918,2.9986,0.55722,0.11156,2.8446,0.51145,0.12296,2.801,0.33956,0.0012288,3.0402,0.39618,-0.45314,3.0128,0.40317,-0.76568,3.2427,0.38777,-0.80078,3.1575,0.48579,0.012309,3.0225,0.57626,-0.43034,2.9702,0.69194,-0.7754,3.0033,0.69338,-0.85423,2.9605
0.36022,0.10691,2.9396,0.38044,0.17716,2.9742,0.34586,0.54247,2.9632,0.26973,0.69653,2.9404,0.18196,0.42242,3.0526,0.14027,0.26303,3.1285,0.14454,0.1662,2.8909,0.17344,0.19282,2.8404,0.4596,0.40823,2.8638,0.56705,0.21581,2.7731,0.39969,0.15457,2.682,0.3446,0.16299,2.6505,0.30039,0.032367,2.9622,0.26722,-0.39882,2.8551,0.30605,-0.78336,2.9508,0.25162,-0.84559,2.8943,0.42344,0.041057,2.9031,0.55438,-0.42566,2.9101,0.68682,-0.77023,2.9842,0.69744,-0.84961,2.9518
0.16952,0.099884,2.791,0.18924,0.17129,2.8275,0.16197,0.55249,2.8335,0.072392,0.697,2.8275,0.033617,0.42744,2.8854,-0.02985,0.28223,3.0256,-0.058687,0.16596,2.845,-0.09439,0.18326,2.7841,0.28246,0.4106,2.7194,0.3968,0.21749,2.6608,0.21203,0.14844,2.5753,0.14959,0.15526,2.5631,0.11679,0.024514,2.8205,0.13593,-0.41955,2.7442,0.20382,-0.76981,2.7894,0.17916,-0.83819,2.7578,0.22634,0.039313,2.7456,0.29464,-0.43098,2.6888,0.528,-0.71846,2.8295,0.56182,-0.81156,2.8383
0.012849,0.15315,2.646,0.038162,0.22063,2.6896,0.012211,0.59322,2.7061,-0.08353,0.73691,2.7119,-0.13899,0.44429,2.7598,-0.16173,0.18872,2.677,-0.18208,0.30296,2.5076,-0.18341,0.28405,2.5538,0.12564,0.45238,2.5745,0.2542,0.24282,2.5361,0.070395,0.18878,2.4399,0.0087004,0.19999,2.4271,-0.045945,0.076331,2.6738,0.11531,-0.41543,2.7091,0.19592,-0.79776,2.7646,0.1697,-0.86312,2.7284,0.070181,0.078682,2.5871,0.0033706,-0.37891,2.5005,0.039474,-0.76828,2.5088,-0.015811,-0.81945,2.4813
-0.13243,0.15267,2.5031,-0.10172,0.21848,2.5498,-0.10151,0.60104,2.5711,-0.19375,0.74717,2.5769,-0.24091,0.43688,2.6001,-0.25019,0.22194,2.5271,-0.38331,0.18656,2.3766,-0.38454,0.21952,2.3217,0.0117,0.45916,2.4449,0.10015,0.24624,2.3572,-0.10563,0.1898,2.3027,-0.16318,0.19476,2.2751,-0.19075,0.072594,2.5395,-0.061005,-0.42878,2.5751,0.12905,-0.76915,2.7162,0.091471,-0.82513,2.6749,-0.082075,0.084042,2.442,-0.13597,-0.37095,2.3744,-0.095123,-0.74913,2.4147,-0.15072,-0.82104,2.4032
-0.29212,0.17027,2.3235,-0.26145,0.24096,2.3688,-0.26706,0.63345,2.3685,-0.36645,0.77991,2.3912,-0.41434,0.47369,2.4115,-0.46655,0.24886,2.4113,-0.4963,0.078267,2.4853,-0.50622,0.021403,2.5146,-0.1694,0.47258,2.251,-0.10564,0.26226,2.18,-0.3194,0.2571,2.1223,-0.37943,0.27911,2.1221,-0.35024,0.095994,2.3595,-0.41351,-0.34642,2.2855,-0.45253,-0.67369,2.2701,-0.4986,-0.70839,2.1972,-0.24176,0.099008,2.2692,-0.2025,-0.37494,2.2967,-0.12362,-0.75136,2.3974,-0.14956,-0.82429,2.3817
-0.43812,0.16275,2.1801,-0.41171,0.2253,2.2323,-0.39644,0.59469,2.2387,-0.46305,0.75344,2.2456,-0.56055,0.4661,2.2715,-0.59533,0.22521,2.1685,-0.67022,0.14858,2.3168,-0.69519,0.12304,2.3708,-0.26885,0.44401,2.1421,-0.22011,0.23897,2.0768,-0.39942,0.2303,1.9888,-0.41731,0.23807,1.9767,-0.51011,0.080426,2.2082,-0.55132,-0.32347,2.1244,-0.56137,-0.62026,2.1504,-0.54852,-0.56988,2.091,-0.38119,0.089267,2.1258,-0.38875,-0.3372,2.037,-0.27753,-0.67562,2.2091,-0.29293,-0.78089,2.1999
-0.46101,0.21974,2.016,-0.45786,0.2797,2.073,-0.47291,0.63263,2.077,-0.50012,0.80256,2.0854,-0.65429,0.5106,2.0732,-0.6878,0.28216,1.9986,-0.57138,0.39654,1.8447,-0.5646,0.39551,1.8434,-0.30213,0.49613,2.0359,-0.22457,0.27765,2.032,-0.36889,0.28898,1.7986,-0.41421,0.30146,1.7551,-0.53873,0.14121,2.0006,-0.59467,-0.2629,2.0404,-0.59172,-0.57591,2.1106,-0.60013,-0.60915,2.0243,-0.37981,0.14227,2.0028,-0.42739,-0.23963,1.8642,-0.4663,-0.53833,1.8478,-0.47471,-0.57157,1.7615
-0.45663,0.18308,1.8469,-0.46503,0.24435,1.9036,-0.46128,0.60289,1.9062,-0.44371,0.77559,1.9222,-0.62662,0.48195,1.8696,-0.71242,0.29357,1.8459,-0.51267,0.28749,1.6824,-0.44609,0.28547,1.6325,-0.29018,0.49164,1.9229,-0.22816,0.27855,1.9369,-0.30172,0.23248,1.7149,-0.34705,0.24496,1.6715,-0.53282,0.10687,1.8257,-0.53279,-0.27087,1.7453,-0.53735,-0.57181,1.7334,-0.53677,-0.50363,1.6937,-0.37857,0.1088,1.8417,-0.45516,-0.31755,1.7585,-0.45589,-0.61414,1.7848,-0.45351,-0.50753,1.7795
-0.44014,0.22493,1.728,-0.4545,0.28283,1.78,-0.44058,0.60957,1.7639,-0.4333,0.78123,1.769,-0.60948,0.51235,1.7186,-0.71889,0.33516,1.6798,-0.55856,0.29116,1.5658,-0.50511,0.27649,1.5324,-0.29028,0.51289,1.8129,-0.22942,0.34617,1.8645,-0.28806,0.27202,1.6289,-0.33337,0.28449,1.5855,-0.51196,0.15156,1.696,-0.50998,-0.22508,1.613,-0.60379,-0.59629,1.4466,-0.58682,-0.63868,1.3576,-0.36854,0.14754,1.7404,-0.4072,-0.23341,1.7209,-0.46286,-0.52898,1.709,-0.43866,-0.4572,1.731
-0.37374,0.20633,1.6254,-0.40055,0.26136,1.6417,-0.39311,0.54175,1.5972,-0.38596,0.71343,1.6024,-0.49169,0.43957,1.4959,-0.51117,0.2595,1.4004,-0.32247,0.29395,1.4129,-0.25958,0.30543,1.4217,-0.25718,0.49598,1.7302,-0.28133,0.41611,1.8779,-0.19264,0.26463,1.6697,-0.2379,0.27709,1.6263,-0.4179,0.11249,1.557,-0.4728,-0.26519,1.5244,-0.43604,-0.55879,1.4433,-0.4582,-0.45617,1.4623,-0.32447,0.11019,1.6978,-0.28599,-0.26838,1.6401,-0.36594,-0.55481,1.6582,-0.34953,-0.4777,1.66
-0.28686,0.16627,1.5949,-0.31112,0.23877,1.6062,-0.29083,0.59685,1.538,-0.30001,0.7721,1.5807,-0.35903,0.46191,1.4664,-0.27583,0.28443,1.4187,-0.097815,0.27239,1.5122,-0.038477,0.26838,1.5479,-0.15482,0.55153,1.6703,-0.13918,0.31815,1.7609,-0.12788,0.31711,1.5061,-0.17311,0.32956,1.4627,-0.33388,0.11424,1.5872,-0.33724,-0.26673,1.5568,-0.51737,-0.48849,1.4372,-0.43447,-0.46536,1.4636,-0.2399,0.11764,1.6115,-0.19914,-0.25064,1.688,-0.23463,-0.64268,1.5602,-0.17728,-0.68735,1.499
-0.11068,0.061188,1.6415,-0.10782,0.14458,1.6684,-0.15836,0.56668,1.6644,-0.12843,0.72989,1.7624,-0.22913,0.43178,1.6345,-0.066379,0.25333,1.507,0.07435,0.27355,1.7102,0.12126,0.28028,1.7825,-0.082419,0.41941,1.5729,0.068385,0.28998,1.716,-0.094869,0.19671,1.5204,-0.14009,0.20916,1.477,-0.15043,0.011255,1.6677,-0.095221,-0.34735,1.5376,-0.2527,-0.60167,1.4992,-0.19576,-0.65522,1.4891,-0.063673,0.034125,1.6097,-0.018814,-0.33952,1.6556,-0.24439,-0.67468,1.6002,-0.28456,-0.69549,1.5171
-0.028402,0.074512,1.7115,-0.011229,0.1582,1.7393,-0.042197,0.58656,1.7683,-0.047061,0.71812,1.9249,-0.093745,0.5445,1.8097,-0.0017245,0.37264,1.6085,0.18969,0.32218,1.7655,0.15316,0.27408,1.8109,0.049162,0.47565,1.6796,0.061954,0.29781,1.5754,-0.094497,0.39942,1.5112,-0.1397,0.41186,1.4678,-0.061203,0.033831,1.7346,0.12807,-0.30895,1.7508,0.12574,-0.68824,1.6138,0.071472,-0.72443,1.548,0.0057564,0.031174,1.6783,0.14862,-0.31298,1.7427,0.066594,-0.67585,1.5855,0.012322,-0.71204,1.5197
0.10853,0.12183,1.851,0.13104,0.18691,1.8736,0.11762,0.53225,1.8859,0.098525,0.66796,2.0358,-0.036892,0.48482,2.0628,-0.074692,0.23223,2.0912,0.093501,0.27353,1.8818,0.2068,0.27096,1.7175,0.17873,0.4887,1.8337,0.31168,0.2805,1.7976,0.15623,0.35917,1.6702,0.11104,0.37161,1.6268,0.059501,0.043715,1.8851,0.02485,-0.35652,1.8277,-0.094969,-0.60018,1.6776,-0.15589,-0.63624,1.6179,0.15258,0.067783,1.7989,0.25887,-0.34067,1.878,0.23491,-0.65689,1.8385,0.25993,-0.74676,1.8862
0.28468,0.15601,2.0735,0.30377,0.22217,2.1298,0.33555,0.62921,2.2026,0.29897,0.79691,2.2789,0.16618,0.4898,2.1815,0.077136,0.26566,2.1829,0.077028,0.085264,2.2382,0.018419,0.060293,2.2353,0.42319,0.47777,2.104,0.55308,0.25456,2.0947,0.36259,0.27694,2.1039,0.31745,0.28937,2.0606,0.21791,0.083117,2.0917,0.34975,-0.37438,2.0043,0.26314,-0.71243,1.9296,0.21564,-0.76313,1.8926,0.34296,0.10231,2.0229,0.32194,-0.35594,2.1118,0.241,-0.66696,1.967,0.21777,-0.69861,1.8832
0.44137,0.14386,2.3037,0.46048,0.21445,2.3572,0.44617,0.62346,2.3954,0.4142,0.78872,2.4862,0.32586,0.51483,2.3988,0.23402,0.28602,2.4006,0.30134,0.11554,2.4482,0.32379,0.058715,2.4687,0.54777,0.51229,2.2989,0.67403,0.28391,2.2886,0.50027,0.11767,2.1722,0.45512,0.1301,2.1289,0.38986,0.072418,2.3239,0.49947,-0.40455,2.2755,0.36845,-0.67893,1.9866,0.38831,-0.75359,2.0019,0.49168,0.099233,2.2578,0.48278,-0.39541,2.3874,0.49517,-0.77559,2.3142,0.46071,-0.80847,2.2347
0.56674,0.13327,2.4907,0.59666,0.19683,2.5417,0.58636,0.57443,2.5824,0.58053,0.74846,2.6811,0.45021,0.49539,2.5962,0.40121,0.25178,2.6517,0.39743,0.063162,2.6811,0.39617,0.00029039,2.6954,0.65274,0.48939,2.4545,0.75828,0.26683,2.3672,0.61812,0.045765,2.3477,0.57299,0.058187,2.3045,0.51557,0.062345,2.5191,0.58188,-0.39663,2.5024,0.50963,-0.72681,2.342,0.46166,-0.75971,2.2699,0.61316,0.073102,2.4323,0.74037,-0.40862,2.5512,0.77721,-0.74684,2.4963,0.72925,-0.77974,2.4243
0.68747,0.095072,2.6732,0.70082,0.15955,2.7318,0.69737,0.56204,2.7899,0.69155,0.75272,2.8565,0.58517,0.49113,2.7329,0.49085,0.25164,2.7556,0.51734,0.076831,2.8211,0.52616,0.018562,2.8475,0.79874,0.44784,2.6633,0.94794,0.23525,2.6068,0.81383,0.01005,2.5888,0.76873,0.022465,2.5456,0.63226,0.043881,2.6809,0.6854,-0.46461,2.6947,0.62729,-0.74272,2.5305,0.60539,-0.77451,2.4464,0.73556,0.042877,2.6387,0.78587,-0.42433,2.7546,0.83055,-0.7583,2.6071,0.80864,-0.79009,2.523
0.75198,0.11939,2.8826,0.74981,0.19096,2.9376,0.72231,0.59606,2.9525,0.74936,0.76529,3.0626,0.57874,0.41537,2.9087,0.52523,0.22957,2.8665,0.58007,0.038291,2.896,0.59834,-0.02547,2.9103,0.84056,0.49475,2.9086,0.99266,0.28659,2.9305,0.83415,0.085204,2.8605,0.78901,0.097628,2.8172,0.69084,0.04948,2.8702,0.77886,-0.44212,2.9898,0.86031,-0.78353,2.9954,0.85574,-0.81679,2.9091,0.82126,0.066767,2.876,0.85508,-0.43879,2.9098,0.85828,-0.7599,2.6557,0.85371,-0.79316,2.5694
0.75336,0.10011,3.0402,0.75764,0.17855,3.0965,0.75572,0.64595,3.1279,0.75665,0.81435,3.2204,0.58366,0.3902,3.047,0.55469,0.16481,3.005,0.58405,-0.02456,3.0235,0.59384,-0.087683,3.0342,0.80968,0.5013,3.048,0.96105,0.2941,3.0783,0.83279,0.083272,2.9738,0.78757,0.095722,2.9305,0.69445,0.039462,3.0181,0.68961,-0.3359,3.0774,0.82758,-0.71476,3.021,0.82013,-0.74776,2.9347,0.81177,0.047558,3.0459,0.81265,-0.44123,3.1192,0.96665,-0.7152,3.0006,0.9592,-0.7482,2.9143
0.70987,0.11037,3.1611,0.70582,0.18973,3.2197,0.70651,0.63698,3.2409,0.71343,0.80611,3.3318,0.56616,0.40089,3.1305,0.55399,0.20165,3.04,0.58243,0.011703,3.0588,0.59191,-0.051611,3.0696,0.75089,0.50803,3.1635,0.90548,0.3299,3.2542,0.80396,0.12859,3.1039,0.75865,0.14106,3.0605,0.66455,0.052169,3.1199,0.60981,-0.32218,3.1626,0.76149,-0.68031,3.2469,0.76761,-0.71354,3.1605,0.75747,0.056259,3.1824,0.72954,-0.42933,3.155,0.83181,-0.70383,3.0494,0.83793,-0.73706,2.963
0.60968,0.031879,3.2707,0.61799,0.10725,3.3275,0.60763,0.53487,3.3504,0.61449,0.71064,3.4281,0.49119,0.32869,3.2168,0.54771,0.12491,3.0823,0.42883,0.13804,3.263,0.38702,0.17895,3.2368,0.63652,0.42917,3.2149,0.62404,0.20321,3.0524,0.62848,-0.056463,3.0848,0.62996,-0.14302,3.1002,0.57199,-0.010855,3.2888,0.71333,-0.46776,3.372,0.7762,-0.80742,3.2879,0.7643,-0.84053,3.202,0.64991,-0.0068819,3.2356,0.58088,-0.46542,3.2899,0.79336,-0.77597,3.165,0.76736,-0.84815,3.1851
0.48074,0.10723,3.2832,0.48752,0.17671,3.3451,0.48323,0.58547,3.377,0.46346,0.75968,3.4425,0.3668,0.37929,3.2434,0.42331,0.17551,3.1089,0.31205,0.25131,3.3222,0.27497,0.27658,3.3979,0.53192,0.44232,3.2368,0.60008,0.22782,3.1059,0.41255,0.17465,3.1513,0.36709,0.18717,3.1077,0.44038,0.014438,3.3306,0.54392,-0.46595,3.3509,0.78832,-0.7863,3.3679,0.77763,-0.81869,3.2816,0.51795,0.047464,3.1996,0.3886,-0.43713,3.252,0.4495,-0.83319,3.2819,0.38255,-0.87709,3.2802
0.3169,0.091262,3.2944,0.35709,0.1575,3.3331,0.33916,0.52125,3.3285,0.31731,0.69656,3.3839,0.22083,0.37886,3.4109,0.27284,0.14505,3.2991,0.15264,0.14651,3.4392,0.11258,0.14699,3.4904,0.42405,0.39024,3.2135,0.49294,0.1678,3.1244,0.27274,0.1624,3.131,0.20999,0.17575,3.1338,0.26222,0.00087729,3.3614,0.21633,-0.41304,3.3226,0.45966,-0.70874,3.4296,0.4817,-0.81071,3.4521,0.35176,0.0103,3.2133,0.31853,-0.47078,3.249,0.43219,-0.8294,3.3026,0.38451,-0.89187,3.3094
0.16506,0.12341,3.2441,0.19452,0.18839,3.2883,0.1845,0.54873,3.2817,0.19305,0.72563,3.3179,0.046758,0.44514,3.3254,0.011434,0.1911,3.3137,-0.088681,0.069757,3.4157,-0.12205,0.029309,3.4543,0.29269,0.41207,3.1651,0.36522,0.20421,3.1047,0.15518,0.20218,3.0527,0.096412,0.22548,3.0418,0.10645,0.052417,3.2763,0.059782,-0.44478,3.2809,0.041525,-0.7776,3.353,-0.0032781,-0.81242,3.2797,0.21701,0.056157,3.1943,0.20991,-0.44905,3.1593,0.35055,-0.79201,3.2984,0.31514,-0.87537,3.281
0.093931,0.11248,3.1632,0.11709,0.17447,3.2124,0.11447,0.52541,3.2027,0.086298,0.69487,3.1655,-0.060865,0.43271,3.2737,-0.10378,0.18391,3.1821,-0.1324,0.12163,2.9854,-0.15683,0.13635,2.9279,0.24781,0.38949,3.1339,0.32555,0.17146,3.1049,0.15974,0.17136,2.9878,0.11041,0.19052,2.9603,0.019989,0.036185,3.1766,0.0060852,-0.45136,3.2474,0.034342,-0.79833,3.3475,0.0067545,-0.87639,3.331,0.16009,0.040996,3.1314,0.13495,-0.4112,2.9824,0.19944,-0.77032,3.1351,0.18409,-0.86218,3.1321
0.073927,0.13864,2.9194,0.072728,0.19822,2.977,0.065811,0.55301,2.9841,0.067355,0.72332,2.9502,-0.10819,0.43658,2.9639,-0.15712,0.20948,2.8996,-0.03402,0.28251,2.7526,-0.047359,0.26373,2.7462,0.24278,0.41947,2.9596,0.32659,0.20858,2.952,0.21655,0.19479,2.7772,0.19558,0.20018,2.7639,0.0026165,0.056644,2.899,0.012151,-0.44475,2.9944,0.041987,-0.75874,3.2251,0.041549,-0.79163,3.1386,0.14834,0.06462,2.9093,0.15952,-0.3895,2.7815,0.1978,-0.76879,2.7816,0.17506,-0.8377,2.7332
0.022013,0.13039,2.7213,0.036217,0.19243,2.7754,0.032023,0.5489,2.7706,0.016894,0.71539,2.7553,-0.15519,0.43339,2.8078,-0.21158,0.21817,2.8036,-0.13179,0.16087,2.6207,-0.1093,0.18383,2.5652,0.18858,0.4131,2.7166,0.2461,0.18455,2.6615,0.10818,0.16643,2.5103,0.08326,0.19009,2.5039,-0.050157,0.048145,2.727,-0.083521,-0.39461,2.6288,-0.046947,-0.73087,2.8305,-0.074702,-0.82075,2.8064,0.092057,0.05273,2.6934,0.14112,-0.4102,2.68,0.19669,-0.77352,2.7657,0.17639,-0.84168,2.7312
-0.12019,0.17398,2.4996,-0.10329,0.23595,2.5556,-0.10687,0.59941,2.5636,-0.11273,0.76952,2.5579,-0.26897,0.49701,2.5835,-0.3764,0.36071,2.6871,-0.32585,0.24461,2.4528,-0.30265,0.26705,2.3974,0.042915,0.4569,2.4821,0.1165,0.24075,2.4345,-0.045133,0.24813,2.3111,-0.085073,0.26517,2.2948,-0.18905,0.1042,2.5055,-0.21193,-0.36706,2.4322,-0.2121,-0.7356,2.4297,-0.23232,-0.80675,2.3837,-0.057868,0.10022,2.4645,-0.0053408,-0.38821,2.4596,0.11866,-0.71502,2.6448,0.09449,-0.74801,2.5621
-0.21485,0.16441,2.312,-0.20987,0.22454,2.371,-0.21968,0.58614,2.3845,-0.23135,0.75172,2.3657,-0.3895,0.45957,2.3784,-0.43546,0.21998,2.3033,-0.33702,0.29726,2.1394,-0.33047,0.31784,2.1319,-0.049131,0.45157,2.3384,0.037679,0.23366,2.3206,-0.091998,0.21796,2.1614,-0.14031,0.21978,2.1193,-0.28813,0.090029,2.2986,-0.29068,-0.3932,2.3121,-0.24101,-0.75125,2.3989,-0.23354,-0.79611,2.303,-0.14024,0.089343,2.2946,-0.1799,-0.34891,2.1473,-0.17235,-0.72199,2.2062,-0.1863,-0.79197,2.1548
-0.2669,0.20485,2.1405,-0.26635,0.26229,2.2016,-0.2702,0.62042,2.2256,-0.27024,0.78995,2.2174,-0.4349,0.50466,2.2037,-0.48501,0.27548,2.1462,-0.36067,0.34646,1.9994,-0.34908,0.37314,1.9918,-0.096864,0.49599,2.1953,-0.026447,0.27976,2.1699,-0.14312,0.26953,1.9997,-0.18717,0.27338,1.9532,-0.33808,0.13192,2.1306,-0.33382,-0.33882,2.1214,-0.25318,-0.67699,2.3111,-0.26205,-0.68307,2.2055,-0.19338,0.12938,2.1168,-0.28402,-0.30461,2.0375,-0.2695,-0.64329,1.9871,-0.27126,-0.6753,1.9005
-0.32731,0.18799,1.9759,-0.31875,0.24739,2.036,-0.31469,0.61171,2.0571,-0.30323,0.77883,2.0435,-0.49011,0.50548,2.054,-0.54913,0.27583,2.0052,-0.4566,0.30409,1.8215,-0.45573,0.32086,1.8245,-0.15842,0.47878,2.0043,-0.09039,0.26252,1.9762,-0.22992,0.28148,1.7871,-0.23764,0.29562,1.7803,-0.40265,0.11655,1.9663,-0.45364,-0.27501,1.8561,-0.4895,-0.57176,1.8778,-0.5423,-0.50109,1.8187,-0.25615,0.11219,1.9528,-0.29089,-0.32598,1.9087,-0.28418,-0.62682,1.9433,-0.29527,-0.659,1.8574
-0.38216,0.17952,1.821,-0.39104,0.24136,1.876,-0.37646,0.59492,1.8699,-0.31344,0.75477,1.8714,-0.5423,0.48715,1.8222,-0.64705,0.28933,1.7823,-0.51747,0.27721,1.6225,-0.51038,0.28122,1.625,-0.20355,0.4745,1.8886,-0.15465,0.27826,1.8949,-0.27941,0.26635,1.6541,-0.32161,0.2956,1.6156,-0.45992,0.10908,1.7972,-0.50317,-0.26752,1.7232,-0.53787,-0.56655,1.6768,-0.57504,-0.47315,1.642,-0.30678,0.099117,1.8226,-0.3189,-0.29172,1.7688,-0.32193,-0.57281,1.8512,-0.30562,-0.60679,1.7668
-0.35154,0.22156,1.7463,-0.38247,0.27466,1.78,-0.37367,0.58791,1.7547,-0.28506,0.73775,1.7679,-0.48723,0.47207,1.659,-0.54297,0.28915,1.5844,-0.34075,0.31091,1.5206,-0.28887,0.34833,1.5227,-0.21824,0.49473,1.8626,-0.15749,0.36977,1.9727,-0.17945,0.28105,1.7111,-0.22156,0.31025,1.6728,-0.40107,0.13143,1.6808,-0.49629,-0.23889,1.6903,-0.53236,-0.53703,1.6722,-0.5707,-0.44807,1.6282,-0.29475,0.12906,1.8033,-0.27017,-0.24919,1.7342,-0.30558,-0.54619,1.7356,-0.25594,-0.58252,1.6665
-0.20588,0.21088,1.71,-0.22583,0.27169,1.7488,-0.14498,0.58575,1.7859,-0.057023,0.73594,1.7981,-0.30172,0.55872,1.6088,-0.33412,0.31065,1.5216,-0.10334,0.31733,1.5746,-0.05292,0.3504,1.5959,0.0050621,0.50134,1.8969,-0.026302,0.27235,1.8212,-0.05247,0.32168,1.5924,-0.094557,0.35086,1.5541,-0.28493,0.14591,1.6668,-0.34119,-0.24028,1.641,-0.50475,-0.48897,1.6438,-0.53348,-0.40808,1.5806,-0.15372,0.12677,1.7178,-0.11826,-0.26897,1.7302,-0.14499,-0.58122,1.6826,-0.087772,-0.61861,1.62
0.027344,0.11358,1.6832,0.0065722,0.18502,1.7195,0.063258,0.57226,1.7519,0.14915,0.72195,1.8305,-0.036551,0.46114,1.6182,-0.10817,0.27384,1.5209,0.088477,0.24651,1.556,0.12118,0.29544,1.5812,0.2133,0.48784,1.8629,0.21009,0.2267,1.8583,0.072563,0.21412,1.6191,0.013739,0.22188,1.5349,-0.040789,0.072547,1.6577,0.13263,-0.31346,1.5907,-0.064944,-0.59375,1.5886,-0.13089,-0.61922,1.5535,0.085958,0.041834,1.6887,-0.015652,-0.3433,1.7406,0.19019,-0.55613,1.6775,0.089693,-0.57567,1.6473
0.1799,0.12808,1.6687,0.15229,0.2068,1.702,0.2123,0.60822,1.7421,0.25954,0.77791,1.7985,0.1724,0.46034,1.5939,0.084164,0.30455,1.4887,0.27941,0.2766,1.571,0.31212,0.32553,1.5962,0.36234,0.52381,1.8531,0.37441,0.26541,1.8803,0.23124,0.28851,1.6455,0.099354,0.3187,1.4526,0.13416,0.08238,1.6641,0.297,-0.26024,1.6092,0.38092,-0.64751,1.5085,0.44994,-0.69729,1.4538,0.23141,0.080581,1.6647,0.10863,-0.29158,1.7161,-0.025555,-0.55723,1.7021,0.040916,-0.59525,1.6496
0.34719,0.1734,1.7245,0.33302,0.254,1.7654,0.40109,0.66838,1.7813,0.38145,0.84166,1.7922,0.31033,0.53656,1.7225,0.42662,0.31212,1.6185,0.60576,0.23774,1.5819,0.63847,0.28666,1.6071,0.55113,0.58396,1.8923,0.5378,0.37377,1.7057,0.39199,0.27669,1.4941,0.34988,0.30588,1.4558,0.28131,0.10723,1.7617,0.33024,-0.26497,1.8119,0.17033,-0.62419,1.697,0.070302,-0.63224,1.6608,0.40156,0.10886,1.671,0.43461,-0.29809,1.6933,0.45377,-0.63332,1.485,0.50083,-0.67059,1.4143
0.48746,0.20585,1.8725,0.48735,0.27154,1.9247,0.51939,0.64321,1.9307,0.45067,0.71599,1.8253,0.37256,0.47556,1.994,0.28764,0.28169,1.9981,0.35038,0.096773,1.9755,0.37129,0.035134,1.9726,0.66943,0.5588,2.0417,0.70833,0.3373,1.8756,0.54504,0.2713,1.6645,0.50291,0.3005,1.6262,0.40747,0.11657,1.9028,0.50553,-0.29683,2.0157,0.54242,-0.59149,2.0103,0.51285,-0.59208,1.9373,0.55552,0.13783,1.816,0.55236,-0.24865,1.7678,0.49265,-0.53549,1.5965,0.50219,-0.56926,1.5107
0.62415,0.18431,2.0587,0.63449,0.24301,2.1015,0.71778,0.55169,2.0791,0.72312,0.64077,1.9666,0.53821,0.51101,2.1504,0.41543,0.27763,2.1459,0.40898,0.08437,2.1618,0.40683,0.019948,2.1716,0.86782,0.46727,2.1901,0.80694,0.29958,1.9676,0.77769,0.1225,1.876,0.76794,0.063479,1.8501,0.5339,0.10279,2.0981,0.57311,-0.28602,2.2328,0.59189,-0.63276,2.001,0.60497,-0.61474,1.8966,0.67557,0.1046,2.0139,0.71138,-0.36117,2.118,0.66275,-0.6032,1.8804,0.64883,-0.70902,1.8787
0.74671,0.18091,2.2705,0.77314,0.24662,2.3119,0.78112,0.60743,2.3068,0.70335,0.75546,2.407,0.58866,0.50988,2.3992,0.53616,0.28358,2.3722,0.58719,0.10944,2.2676,0.6042,0.051394,2.2373,0.85657,0.55825,2.2628,0.90892,0.3551,2.1421,0.88635,0.16095,2.1186,0.87882,0.096231,2.1154,0.67257,0.10539,2.2777,0.76169,-0.35393,2.2748,0.64037,-0.65708,2.0111,0.60052,-0.69145,1.9346,0.80821,0.1302,2.2425,0.89288,-0.36629,2.3356,0.96273,-0.73415,2.3318,0.92288,-0.76852,2.2554
0.83844,0.098944,2.5157,0.84305,0.16656,2.5661,0.82863,0.55715,2.611,0.77625,0.72622,2.6653,0.67685,0.38742,2.5495,0.61124,0.20532,2.4939,0.64966,0.021722,2.4244,0.66247,-0.039478,2.4058,0.92252,0.46285,2.5261,1.0667,0.24098,2.5071,1.1824,0.084751,2.4707,1.2209,0.032675,2.4632,0.78232,0.024659,2.5112,0.87699,-0.40029,2.5909,0.79765,-0.69303,2.2977,0.80188,-0.79277,2.3273,0.89729,0.059637,2.4885,0.97547,-0.32097,2.5227,1.0004,-0.70749,2.3824,0.98637,-0.73975,2.2966
0.85076,0.1232,2.7537,0.8406,0.18908,2.8128,0.83605,0.58444,2.8579,0.78402,0.75341,2.9164,0.6816,0.42246,2.7323,0.64773,0.23726,2.6521,0.68023,0.052333,2.6934,0.69106,-0.0093096,2.7117,0.94702,0.49753,2.7994,0.99795,0.29415,2.7272,0.91754,0.071908,2.6682,0.89074,-0.0021725,2.6531,0.79101,0.06014,2.7167,0.8345,-0.41457,2.8984,0.91066,-0.78597,2.9371,0.92522,-0.81799,2.8513,0.91571,0.061384,2.757,0.97721,-0.42149,2.6792,1.0008,-0.73032,2.4358,1.0154,-0.76234,2.3501
0.82728,0.12829,2.9997,0.80709,0.19659,3.0541,0.79814,0.59474,3.0745,0.6841,0.72786,3.1459,0.65534,0.33974,2.924,0.62664,0.14651,2.8891,0.64467,-0.04611,2.9035,0.65069,-0.11032,2.9129,0.86339,0.5056,3.0288,0.98583,0.3454,2.9912,0.90542,0.12316,2.9322,0.87862,0.049077,2.9171,0.77996,0.041442,2.9191,0.74283,-0.33152,3.0199,0.88857,-0.7085,2.9931,0.91508,-0.74152,2.9106,0.87818,0.054171,3.0497,0.87752,-0.46001,3.0806,1.0276,-0.75652,2.8788,1.0541,-0.78953,2.7963
0.72246,0.16119,3.1822,0.70307,0.22808,3.236,0.7137,0.61805,3.2459,0.61867,0.76872,3.2941,0.57722,0.39518,3.1089,0.56147,0.20921,3.016,0.57047,0.07529,3.1445,0.57347,0.030651,3.192,0.80897,0.52107,3.2151,0.96633,0.33191,3.2856,1.0439,0.15662,3.311,1.1022,0.17082,3.3342,0.66923,0.07471,3.0917,0.72793,-0.40858,3.2505,0.79352,-0.75916,3.4147,0.82189,-0.79291,3.3331,0.78343,0.075606,3.2404,0.73578,-0.4257,3.1536,0.92373,-0.77093,3.0302,0.92816,-0.8495,3.0255
0.60107,0.089358,3.3299,0.57865,0.15997,3.383,0.59665,0.56123,3.3992,0.47977,0.69626,3.4414,0.4635,0.30956,3.218,0.57093,0.14325,3.1079,0.57994,0.0091351,3.2366,0.58294,-0.035571,3.2841,0.77206,0.44323,3.3918,0.65683,0.26936,3.2012,0.64406,0.0056977,3.1633,0.6398,-0.08219,3.1552,0.53981,0.0010073,3.2725,0.65867,-0.45998,3.4594,0.78018,-0.7308,3.3938,0.72953,-0.81963,3.4242,0.67009,0.015558,3.3631,0.46122,-0.38875,3.3347,0.70726,-0.71008,3.3223,0.79746,-0.75816,3.2917
0.40061,0.15188,3.3644,0.44452,0.21579,3.4033,0.42576,0.57793,3.4248,0.3284,0.7269,3.4476,0.27234,0.38021,3.5193,0.40304,0.224,3.4325,0.22571,0.24235,3.5,0.1666,0.24847,3.5271,0.47392,0.4413,3.2908,0.54115,0.23349,3.1625,0.56464,-0.023936,3.2074,0.59817,-0.029211,3.2621,0.35023,0.07835,3.3795,0.42842,-0.43024,3.4151,0.69171,-0.73184,3.4517,0.69354,-0.833,3.4858,0.43445,0.11456,3.3291,0.32646,-0.39055,3.3358,0.27878,-0.78358,3.3959,0.20747,-0.86209,3.3891
0.20488,0.085113,3.353,0.24859,0.15009,3.3948,0.26648,0.53119,3.3972,0.17899,0.68483,3.4095,0.093384,0.32087,3.4631,0.24115,0.1852,3.377,0.024225,0.14889,3.3667,-0.022571,0.1524,3.4108,0.31817,0.3833,3.2782,0.40149,0.15493,3.1979,0.20098,0.12343,3.182,0.13414,0.11293,3.1813,0.14499,-0.004403,3.4051,0.065919,-0.4314,3.4106,0.3028,-0.73635,3.5082,0.30382,-0.83389,3.5516,0.24171,0.0089187,3.2779,0.15942,-0.45733,3.3373,0.25844,-0.80875,3.4162,0.21066,-0.87558,3.3985
0.057427,0.14629,3.3053,0.094937,0.20859,3.3423,0.11078,0.56052,3.3243,0.055843,0.72536,3.3209,-0.026881,0.47377,3.41,0.10603,0.28342,3.3188,-0.11632,0.15806,3.3764,-0.16314,0.16157,3.4205,0.20448,0.41264,3.2186,0.29403,0.20088,3.1691,0.051462,0.21107,3.118,-0.029392,0.21447,3.1056,-0.0024137,0.070299,3.3517,-0.099475,-0.43807,3.3381,-0.15649,-0.76836,3.3431,-0.19278,-0.83248,3.2659,0.095921,0.067206,3.2461,0.12863,-0.44486,3.3,0.21393,-0.80235,3.41,0.20311,-0.8804,3.4133
-0.067088,0.091773,3.1929,-0.03931,0.1507,3.2446,-0.003675,0.50776,3.2544,-0.024501,0.67824,3.2377,-0.20445,0.38433,3.2943,-0.26229,0.17025,3.2402,-0.30819,0.12966,3.0402,-0.30082,0.14648,3.0859,0.1215,0.36245,3.1633,0.2053,0.1418,3.1585,0.0081969,0.10055,3.0057,-0.057504,0.086799,2.9594,-0.14901,0.017317,3.2091,-0.18953,-0.43544,3.1616,-0.20658,-0.79115,3.2897,-0.21979,-0.86448,3.2516,-0.0079325,0.014085,3.15,-0.086491,-0.4704,3.0962,0.048396,-0.76235,3.3174,0.017969,-0.79488,3.2361
-0.10019,0.15745,3.0224,-0.1023,0.21592,3.0791,-0.088389,0.56541,3.0862,-0.06605,0.74034,3.0476,-0.26098,0.45641,3.0266,-0.32074,0.2347,2.9623,-0.1963,0.35597,2.8477,-0.16124,0.41129,2.8367,0.080563,0.45223,3.0532,0.13135,0.2288,3.0385,-0.0042629,0.19962,2.8646,-0.049469,0.18989,2.8113,-0.17303,0.0828,2.9968,-0.23184,-0.41449,3.1166,-0.20506,-0.80047,3.2686,-0.22577,-0.87091,3.2401,-0.030763,0.083357,3.0167,-0.098048,-0.39206,2.8474,-0.11687,-0.74989,2.8696,-0.13845,-0.82934,2.803
-0.12407,0.12495,2.7864,-0.12361,0.18016,2.8469,-0.098857,0.53692,2.8853,-0.096335,0.71216,2.8502,-0.28048,0.42867,2.8467,-0.36355,0.19265,2.7734,-0.23417,0.22116,2.6151,-0.20408,0.27537,2.6096,0.056015,0.40343,2.8637,0.11605,0.19058,2.8452,0.019475,0.14523,2.653,-0.012717,0.13011,2.5936,-0.19686,0.058419,2.7727,-0.26636,-0.40024,2.7329,-0.28135,-0.70292,2.978,-0.27565,-0.73473,2.8912,-0.059737,0.045401,2.7643,-0.12382,-0.39728,2.7108,-0.13267,-0.75479,2.764,-0.14809,-0.82929,2.7437
-0.15121,0.18094,2.5959,-0.14185,0.23927,2.6533,-0.12445,0.58961,2.6595,-0.11447,0.75794,2.6419,-0.30477,0.48994,2.6612,-0.40929,0.32128,2.7097,-0.35046,0.22595,2.5236,-0.33085,0.19418,2.4662,0.037594,0.44955,2.6196,0.092707,0.24345,2.5865,-0.021909,0.24795,2.4137,-0.036987,0.27767,2.3976,-0.23075,0.11194,2.5746,-0.25268,-0.36811,2.4589,-0.27747,-0.71217,2.4167,-0.28174,-0.7872,2.3412,-0.082566,0.099185,2.5855,-0.11488,-0.40691,2.6287,-0.14109,-0.76001,2.7473,-0.15008,-0.83651,2.7312
-0.16692,0.15801,2.3649,-0.16376,0.21385,2.426,-0.16193,0.56776,2.4543,-0.1519,0.74069,2.4526,-0.3281,0.46254,2.4496,-0.4351,0.27369,2.4738,-0.34032,0.19185,2.2262,-0.30405,0.2461,2.2122,0.003789,0.43814,2.4277,0.066817,0.20747,2.3673,-0.051518,0.2212,2.1978,-0.061531,0.22643,2.1952,-0.2378,0.08776,2.3434,-0.2104,-0.37754,2.2517,-0.21359,-0.72406,2.288,-0.2059,-0.80211,2.2364,-0.097918,0.082777,2.3488,-0.10829,-0.38701,2.2786,-0.12005,-0.70034,2.5127,-0.12421,-0.73225,2.4259
-0.16686,0.2118,2.147,-0.17779,0.2688,2.2079,-0.18727,0.62914,2.2378,-0.17314,0.80317,2.2427,-0.3434,0.50993,2.1734,-0.39085,0.27853,2.1055,-0.27203,0.39709,1.9902,-0.24055,0.43279,1.9989,-0.0039357,0.50548,2.2249,0.063802,0.28571,2.2113,-0.030146,0.23998,2.0316,-0.065687,0.25586,1.9803,-0.23506,0.13521,2.1085,-0.23155,-0.36411,2.1405,-0.20684,-0.74048,2.2508,-0.21524,-0.80371,2.1935,-0.09126,0.13472,2.1474,-0.12738,-0.31747,2.0098,-0.13725,-0.66711,1.968,-0.12462,-0.69908,1.8821
-0.16157,0.18425,1.9553,-0.16358,0.24003,2.0181,-0.16095,0.59951,2.0551,-0.15154,0.76714,2.0355,-0.32784,0.48887,2.0246,-0.39981,0.26031,1.9858,-0.27989,0.29464,1.8207,-0.23604,0.33141,1.7911,0.0061922,0.46338,2.0328,0.067461,0.24939,2.0051,-0.042146,0.25292,1.8113,-0.054789,0.28948,1.7598,-0.23222,0.11619,1.9258,-0.25771,-0.3021,1.8263,-0.27387,-0.64673,2.0187,-0.28469,-0.72452,2.0224,-0.091581,0.10548,1.9463,-0.1545,-0.32604,1.8519,-0.15349,-0.65988,1.903,-0.14988,-0.69159,1.8162
-0.15581,0.20692,1.826,-0.16087,0.267,1.8827,-0.14781,0.61841,1.883,-0.12583,0.78803,1.8725,-0.32688,0.51734,1.8507,-0.44606,0.35034,1.8709,-0.31214,0.28041,1.7034,-0.29549,0.27479,1.6415,0.011432,0.47922,1.8873,0.08232,0.30495,1.9151,-0.017943,0.28128,1.7012,-0.035867,0.33748,1.6545,-0.2338,0.13534,1.8013,-0.24673,-0.25838,1.7011,-0.32338,-0.54696,1.6289,-0.26815,-0.49556,1.651,-0.080964,0.12551,1.825,-0.11377,-0.31089,1.8114,-0.16079,-0.67468,1.8918,-0.15042,-0.70805,1.8062
-0.11733,0.14236,1.7215,-0.14931,0.20801,1.7632,-0.12094,0.5613,1.7514,-0.045003,0.71992,1.7607,-0.2472,0.44468,1.6388,-0.33124,0.2469,1.5287,-0.15215,0.24105,1.4362,-0.11602,0.25601,1.4389,0.023001,0.464,1.8582,0.075993,0.3062,1.9341,0.058622,0.21498,1.6723,0.040619,0.27077,1.6244,-0.17941,0.069452,1.6727,-0.22732,-0.30399,1.5893,-0.40196,-0.67201,1.5829,-0.35365,-0.71578,1.5161,-0.053002,0.069454,1.7523,-0.035343,-0.3077,1.631,-0.13386,-0.59823,1.7237,-0.081937,-0.63454,1.6563
-0.032181,0.18184,1.6337,-0.050204,0.25506,1.6655,-0.02729,0.62042,1.611,0.10333,0.74122,1.6697,-0.13086,0.52868,1.5854,-0.026863,0.30209,1.4695,0.13928,0.402,1.482,0.2057,0.44945,1.5123,0.11638,0.53232,1.733,0.19068,0.28372,1.7317,0.080055,0.20533,1.5768,0.043181,0.1792,1.5298,-0.084442,0.12034,1.6028,-0.13591,-0.25754,1.5611,-0.26565,-0.52824,1.5473,-0.21782,-0.46519,1.5433,0.028197,0.10312,1.6435,0.073423,-0.27641,1.6412,0.0083268,-0.67335,1.5553,0.041774,-0.72084,1.4775
0.14952,0.10108,1.5947,0.13848,0.18269,1.6409,0.17862,0.61869,1.6779,0.29984,0.69005,1.8293,0.11388,0.45247,1.5403,0.09883,0.2682,1.4467,0.32804,0.31849,1.5471,0.35643,0.36831,1.5764,0.31473,0.41084,1.6224,0.33038,0.22932,1.7874,0.27926,0.27533,1.518,0.25568,0.33663,1.4429,0.095917,0.059779,1.575,0.20627,-0.34098,1.5128,-0.017272,-0.54723,1.4891,-0.10815,-0.56119,1.458,0.19434,0.046835,1.5953,0.28093,-0.36223,1.6564,0.082469,-0.58994,1.5762,-0.0079919,-0.57621,1.522
0.2959,0.10702,1.6317,0.28431,0.19122,1.6688,0.29897,0.61786,1.646,0.41434,0.69828,1.7972,0.24486,0.42974,1.5283,0.14496,0.26951,1.4501,0.39694,0.26652,1.5173,0.45585,0.25775,1.5416,0.43399,0.53756,1.6165,0.45098,0.41244,1.8076,0.40946,0.48878,1.5438,0.39139,0.54524,1.4961,0.24517,0.050746,1.6003,0.19012,-0.33465,1.6636,0.029804,-0.67883,1.5247,0.062684,-0.71595,1.4466,0.34303,0.055712,1.6555,0.36543,-0.32344,1.5996,0.47783,-0.68482,1.4278,0.51795,-0.72661,1.3412
0.41485,0.11652,1.7152,0.4561,0.18524,1.7512,0.50609,0.58246,1.7666,0.58768,0.73093,1.8649,0.32068,0.46504,1.8676,0.47227,0.32064,1.6788,0.68233,0.17384,1.5993,0.75167,0.16853,1.6335,0.5624,0.36871,1.6322,0.61243,0.18541,1.5589,0.42296,0.22781,1.4359,0.40504,0.28401,1.3891,0.34247,0.054368,1.7567,0.43584,-0.31263,1.7919,0.3652,-0.58952,1.6768,0.28331,-0.60034,1.6099,0.46362,0.031898,1.6597,0.52425,-0.336,1.7283,0.48994,-0.59703,1.4272,0.43535,-0.62995,1.3602
0.53734,0.18851,1.8912,0.56639,0.25667,1.9378,0.58556,0.66115,1.9817,0.62042,0.82547,2.0843,0.42503,0.48134,2.0086,0.32869,0.28977,1.986,0.40071,0.13775,2.0719,0.42471,0.087071,2.1051,0.70789,0.48852,1.8408,0.79404,0.26599,1.8514,0.59691,0.27426,1.7388,0.57899,0.33046,1.692,0.4592,0.11588,1.9084,0.54337,-0.2758,2.0083,0.59227,-0.5725,1.9897,0.56638,-0.63498,1.9498,0.59929,0.11915,1.8384,0.58982,-0.25964,1.7803,0.53398,-0.52229,1.5908,0.49067,-0.55473,1.5159
0.68499,0.14417,2.1603,0.70942,0.22126,2.2125,0.70925,0.65745,2.2383,0.69808,0.82045,2.3526,0.56445,0.45681,2.2447,0.50153,0.23311,2.2436,0.51266,0.055616,2.3116,0.51637,-0.0035468,2.3389,0.79393,0.51586,2.1449,0.88143,0.2717,2.0644,0.78317,0.025833,2.0465,0.74811,0.039154,1.999,0.62905,0.078799,2.1861,0.72349,-0.36272,2.1991,0.66358,-0.67991,2.0326,0.62682,-0.71317,1.9547,0.73503,0.085249,2.1123,0.8058,-0.42162,2.167,0.74066,-0.65769,1.9691,0.74659,-0.73423,1.9857
