-0.42679,0.098013,2.5258,-0.45847,0.16402,2.5843,-0.48319,0.56856,2.6065,-0.43808,0.7326,2.6389,-0.56167,0.42938,2.5046,-0.64458,0.19068,2.4261,-0.59833,-0.023687,2.3532,-0.5846,-0.097737,2.3488,-0.32387,0.40571,2.6081,-0.27202,0.14806,2.6633,-0.24066,-0.062706,2.5706,-0.22755,-0.14604,2.5396,-0.47314,0.044591,2.4876,-0.54899,-0.37645,2.5115,-0.59588,-0.66768,2.4902,-0.57295,-0.73005,2.4834,-0.36604,0.034628,2.5408,-0.41182,-0.4077,2.5918,-0.41107,-0.74904,2.5643,-0.36058,-0.81194,2.5236
-0.42553,0.10061,2.526,-0.45674,0.16584,2.5847,-0.48355,0.56864,2.6062,-0.4352,0.73021,2.6375,-0.56215,0.42999,2.5046,-0.64458,0.19137,2.4266,-0.59858,-0.02429,2.3523,-0.58469,-0.09789,2.3478,-0.32327,0.40484,2.604,-0.27053,0.13877,2.6588,-0.23893,-0.073266,2.5653,-0.22728,-0.14641,2.5392,-0.47199,0.046952,2.4884,-0.54917,-0.37763,2.5115,-0.59579,-0.66855,2.49,-0.57439,-0.73077,2.4839,-0.36434,0.036293,2.5405,-0.41179,-0.40837,2.5917,-0.41014,-0.74862,2.5621,-0.35893,-0.81104,2.5236
-0.42189,0.10795,2.5176,-0.45414,0.17501,2.5723,-0.46031,0.56284,2.5668,-0.40738,0.72532,2.5982,-0.55107,0.4306,2.4767,-0.64973,0.19607,2.4229,-0.61194,-0.021519,2.3498,-0.59744,-0.089599,2.3491,-0.29419,0.4097,2.606,-0.26386,0.16232,2.6722,-0.23091,-0.049622,2.5789,-0.21943,-0.15028,2.5454,-0.4711,0.051722,2.4832,-0.54565,-0.37582,2.5045,-0.59466,-0.67177,2.4871,-0.57646,-0.735,2.4842,-0.36047,0.043346,2.5312,-0.40318,-0.40343,2.5792,-0.40588,-0.74922,2.5569,-0.35553,-0.81336,2.521
-0.38079,-0.085398,2.4849,-0.37852,-0.019459,2.4742,-0.34407,0.29287,2.3756,-0.28815,0.47263,2.3851,-0.47306,0.18166,2.3344,-0.58308,-0.036315,2.3266,-0.55494,-0.24639,2.2374,-0.54338,-0.31049,2.2258,-0.18952,0.16862,2.4495,-0.19256,-0.086749,2.5575,-0.16649,-0.3053,2.4973,-0.15997,-0.33687,2.4933,-0.44983,-0.14659,2.4799,-0.45389,-0.47306,2.3478,-0.51883,-0.71403,2.4198,-0.5804,-0.73064,2.4292,-0.32456,-0.15512,2.522,-0.28894,-0.4904,2.4252,-0.3866,-0.75341,2.5118,-0.34491,-0.82005,2.5004
-0.38819,-0.10019,2.4553,-0.38265,-0.033021,2.4365,-0.34648,0.29426,2.3394,-0.29478,0.45973,2.3716,-0.45784,0.17206,2.2941,-0.56004,-0.068095,2.241,-0.5509,-0.27552,2.143,-0.53888,-0.34573,2.1033,-0.1932,0.17242,2.4131,-0.17099,-0.10314,2.5097,-0.10396,-0.30539,2.4266,-0.078023,-0.36873,2.3976,-0.45136,-0.15841,2.4476,-0.46855,-0.48197,2.3249,-0.55044,-0.71664,2.3918,-0.50645,-0.67129,2.3724,-0.33796,-0.16237,2.4939,-0.29102,-0.48783,2.4264,-0.38522,-0.75354,2.503,-0.34283,-0.81529,2.4854
-0.37714,0.28175,2.4086,-0.36538,0.34666,2.3974,-0.30049,0.66892,2.3486,-0.29245,0.82703,2.3797,-0.45383,0.58595,2.3022,-0.58941,0.67389,2.1168,-0.46737,0.83448,2.0145,-0.4135,0.88333,2.0055,-0.1955,0.6338,2.4621,-0.010937,0.64554,2.5909,0.058812,0.83419,2.4872,0.046856,0.87785,2.4744,-0.44602,0.22448,2.3902,-0.55164,-0.21269,2.4137,-0.65778,-0.59045,2.4117,-0.61869,-0.66412,2.3867,-0.33259,0.21609,2.4418,-0.36715,-0.21972,2.5401,-0.36749,-0.58198,2.5034,-0.33096,-0.62199,2.4476
-0.41088,0.32032,2.3679,-0.41319,0.38283,2.3632,-0.42341,0.69562,2.3215,-0.31583,0.80572,2.3781,-0.5752,0.73007,2.4361,-0.60716,0.47512,2.2616,-0.62295,0.31576,1.9985,-0.61931,0.24707,1.9762,-0.22404,0.53194,2.4616,-0.15702,0.36887,2.6529,0.027236,0.26565,2.5809,0.098492,0.25593,2.5732,-0.47954,0.24247,2.3507,-0.5112,-0.21595,2.3065,-0.57281,-0.58874,2.2622,-0.57068,-0.62499,2.1914,-0.33733,0.20331,2.3987,-0.34707,-0.25233,2.4514,-0.38123,-0.6214,2.4343,-0.3791,-0.65765,2.3635
-0.38639,-0.27727,2.4264,-0.36746,-0.20394,2.3912,-0.29154,0.13519,2.2288,-0.16351,0.21701,2.23,-0.38754,-0.021636,2.1833,-0.51094,-0.20608,2.1626,-0.40658,-0.3885,2.0983,-0.36052,-0.41449,2.0805,-0.16305,-0.066244,2.3204,-0.18819,-0.25733,2.514,-0.19441,-0.46514,2.56,-0.18679,-0.54751,2.5654,-0.44671,-0.32022,2.4287,-0.48382,-0.52678,2.1469,-0.6217,-0.74799,2.1918,-0.57516,-0.67551,2.2247,-0.34515,-0.32544,2.4625,-0.34021,-0.57602,2.4219,-0.4013,-0.75712,2.4418,-0.36426,-0.81427,2.4443
-0.40295,-0.24514,2.4347,-0.37572,-0.18383,2.395,-0.2414,0.12577,2.2136,-0.091559,0.15298,2.2146,-0.32534,-0.027618,2.1854,-0.53924,-0.22042,2.1986,-0.54544,-0.43331,2.1569,-0.55204,-0.49873,2.1293,-0.085618,-0.064954,2.3398,-0.27754,-0.24575,2.4358,-0.32169,-0.51161,2.4154,-0.32136,-0.59015,2.4315,-0.46711,-0.27472,2.4513,-0.44284,-0.51844,2.2011,-0.54882,-0.76366,2.2106,-0.52351,-0.82171,2.1615,-0.38165,-0.2968,2.4694,-0.33945,-0.57434,2.4624,-0.39951,-0.76348,2.4472,-0.35995,-0.81869,2.442
-0.19462,0.0060474,2.4304,-0.16519,0.062456,2.4132,-0.015336,0.34237,2.3401,0.0033234,0.55037,2.3389,-0.11101,0.33538,2.2873,-0.014877,0.44343,2.0507,0.12886,0.59508,2.0758,0.17678,0.64563,2.0886,0.086765,0.33677,2.4627,0.12533,0.24951,2.6263,0.24466,0.4855,2.5803,0.24526,0.54214,2.5373,-0.24787,-0.011607,2.4353,-0.42172,-0.40421,2.286,-0.54126,-0.64361,2.2464,-0.5001,-0.65074,2.3007,-0.18248,-0.053396,2.4432,-0.28506,-0.50068,2.4683,-0.39151,-0.74651,2.4382,-0.34961,-0.81264,2.4382
0.040676,0.38538,2.4118,0.065146,0.44529,2.4067,0.14717,0.73386,2.3751,0.23476,0.90817,2.3252,-0.046961,0.6962,2.3606,0.046887,0.67692,2.1095,0.18655,0.82488,2.0407,0.22782,0.88128,2.0521,0.21591,0.72233,2.4234,0.2917,0.71229,2.6721,0.38925,0.89207,2.7101,0.42879,0.95077,2.7127,-0.043723,0.32136,2.397,-0.14855,-0.057997,2.3101,-0.46108,-0.23493,2.3416,-0.44364,-0.27372,2.2729,0.091131,0.32078,2.4376,-0.071513,0.041504,2.3143,-0.071245,-0.22384,2.2448,-0.01511,-0.18234,2.2711
0.31236,0.26638,2.446,0.31691,0.32128,2.4644,0.35053,0.60647,2.4732,0.31429,0.77218,2.457,0.1564,0.5688,2.4587,0.25139,0.35365,2.2739,0.38061,0.13185,2.1396,0.43075,0.082441,2.1402,0.51423,0.59393,2.5002,0.67846,0.50056,2.5652,0.83599,0.63583,2.5224,0.89936,0.66646,2.5239,0.22565,0.1701,2.4024,0.29643,-0.2877,2.344,0.37843,-0.64158,2.2888,0.44336,-0.70891,2.2793,0.37997,0.19257,2.4692,0.22841,-0.24078,2.5325,0.36822,-0.546,2.3646,0.37675,-0.57686,2.2894
0.4725,-0.23554,2.4135,0.48366,-0.17733,2.45,0.63654,0.10746,2.4836,0.67303,0.26584,2.4449,0.49716,0.034306,2.3741,0.39451,-0.19362,2.2355,0.37402,-0.40962,2.1861,0.36368,-0.47842,2.1795,0.74927,0.018795,2.5228,0.88266,-0.11234,2.5887,1.0493,0.01155,2.5583,1.1123,0.041961,2.5598,0.39583,-0.2577,2.363,0.53649,-0.57191,2.3641,0.41053,-0.80872,2.3092,0.45077,-0.79471,2.3645,0.48855,-0.34014,2.4332,0.27445,-0.5611,2.2648,0.52291,-0.76702,2.0683,0.56001,-0.80244,2.0041
0.41647,-0.13262,2.4858,0.4393,-0.05829,2.5159,0.67484,0.26205,2.5057,0.75028,0.40141,2.5858,0.56096,0.13995,2.4045,0.32321,0.046839,2.264,0.15554,-0.1284,2.2118,0.10232,-0.17179,2.2197,0.74072,0.18509,2.4974,0.87315,0.054901,2.5629,1.04,0.17625,2.5337,1.1022,0.20632,2.5352,0.36464,-0.14963,2.4532,0.50451,-0.49422,2.3964,0.40146,-0.74477,2.3191,0.43084,-0.80685,2.3312,0.41575,-0.19664,2.508,0.55046,-0.50744,2.5562,0.44992,-0.75347,2.5637,0.44099,-0.77704,2.4728
0.4637,-0.093945,2.5327,0.48214,-0.015998,2.5369,0.60988,0.31459,2.4705,0.70483,0.41099,2.4256,0.46876,0.23636,2.4315,0.28743,0.030947,2.4496,0.23301,-0.16676,2.4338,0.23835,-0.25912,2.4275,0.67575,0.23763,2.4622,0.80702,0.10858,2.527,0.97391,0.22686,2.4994,1.0356,0.25669,2.5009,0.39156,-0.1283,2.5109,0.48375,-0.45921,2.4768,0.3992,-0.76739,2.5444,0.4284,-0.82413,2.5167,0.50268,-0.15482,2.5661,0.61705,-0.47351,2.614,0.49936,-0.7602,2.5935,0.50633,-0.82754,2.5776
0.5252,0.082879,2.6137,0.52782,0.13837,2.6185,0.55678,0.41474,2.6032,0.53451,0.56798,2.6813,0.3767,0.27243,2.5621,0.3395,0.38199,2.285,0.55367,0.52609,2.2336,0.61009,0.56446,2.2285,0.69411,0.40504,2.6506,0.88334,0.38661,2.5491,0.85221,0.56922,2.3861,0.81272,0.64609,2.3662,0.43779,-0.0015895,2.5986,0.46832,-0.42975,2.5115,0.40401,-0.77371,2.5501,0.43205,-0.82951,2.5185,0.59777,0.011468,2.6278,0.56169,-0.40838,2.5591,0.50403,-0.76157,2.5972,0.49169,-0.82672,2.5749
0.30758,0.1146,2.8145,0.29548,0.17874,2.8068,0.23487,0.50016,2.7834,0.17272,0.65619,2.7992,0.13016,0.37408,2.8673,0.14273,0.16552,3.0217,0.16503,-0.023298,2.9086,0.1668,-0.094132,2.8505,0.36079,0.40261,2.7054,0.51118,0.23392,2.6661,0.42607,0.0437,2.6,0.36991,-0.025526,2.5788,0.26924,0.038309,2.8581,0.29415,-0.4243,2.8963,0.38675,-0.78302,2.9511,0.34841,-0.85644,2.9575,0.36942,0.062893,2.7754,0.43524,-0.41556,2.7154,0.51842,-0.74189,2.7362,0.51114,-0.8087,2.6983
0.31211,0.044627,2.8358,0.29355,0.13334,2.8237,0.21267,0.5793,2.7818,0.024638,0.655,2.8238,0.088997,0.41234,2.7608,0.069996,0.17566,2.9126,0.04102,-0.11843,2.9234,0.028306,-0.23607,2.898,0.28904,0.35208,2.7043,0.38614,0.11554,2.6297,0.2948,-0.095871,2.583,0.23097,-0.17221,2.5641,0.27851,0.0034177,2.8706,0.22469,-0.44426,2.9799,0.24135,-0.80626,3.0201,0.15728,-0.84713,3.0186,0.36852,-0.023193,2.81,0.37014,-0.41115,2.6901,0.38015,-0.75801,2.6666,0.32395,-0.80658,2.6012
0.25513,-0.23234,2.8041,0.23341,-0.18659,2.7912,0.12482,0.042195,2.742,0.052889,0.22933,2.7718,0.010216,-0.10401,2.893,-0.095287,-0.27801,2.9413,-0.27173,-0.46225,2.8495,-0.34057,-0.5221,2.8107,0.21194,-0.048233,2.6763,0.24235,-0.22568,2.5497,0.064982,-0.37775,2.3833,-0.037712,-0.44122,2.3159,0.24028,-0.32581,2.8739,0.10049,-0.63484,3.0419,0.16696,-0.79783,3.0234,0.12636,-0.85643,3.0248,0.32999,-0.26529,2.757,0.27495,-0.50795,2.6066,0.33172,-0.75608,2.6349,0.3042,-0.81446,2.6023
-0.086023,-0.16916,2.9908,-0.11045,-0.118,2.9818,-0.24926,0.11915,2.9075,-0.36112,0.33239,2.9385,-0.38487,0.08604,2.9589,-0.24209,-0.072482,3.0748,-0.092873,0.031906,3.1102,-0.097478,0.069801,3.0751,-0.14838,0.12232,2.8165,0.078897,0.033971,2.7208,0.25017,-0.13412,2.6244,0.30172,-0.20136,2.5864,-0.093162,-0.22812,3.0087,-0.18367,-0.56274,3.083,-0.027065,-0.8026,3.1322,-0.094231,-0.8592,3.1185,-0.016894,-0.20785,3.004,-0.0082438,-0.51105,2.7552,0.17218,-0.77264,2.7525,0.15253,-0.83417,2.7308
-0.19713,0.39078,2.9379,-0.19443,0.44236,2.9627,-0.22501,0.72554,2.9912,-0.32063,0.87689,3.0134,-0.33888,0.70936,3.027,-0.12053,0.63772,2.8985,0.091265,0.53694,2.7923,0.24113,0.53313,2.7088,-0.097441,0.66374,2.9117,0.10798,0.54859,2.7966,0.28432,0.42327,2.6878,0.33812,0.36212,2.6457,-0.24717,0.32033,2.9727,-0.19998,-0.15405,3.0729,0.0041925,-0.43653,3.1716,-0.024571,-0.46633,3.1037,-0.13084,0.32533,2.8737,-0.010803,-0.14544,2.801,0.21009,-0.43402,2.8428,0.18133,-0.46382,2.7749
-0.2016,0.32043,2.9279,-0.2052,0.38814,2.9602,-0.28532,0.73306,2.9551,-0.38951,0.87221,2.9702,-0.35933,0.72514,2.9382,-0.15559,0.67094,2.7771,-0.030016,0.47111,2.6769,0.10169,0.35407,2.5732,-0.1664,0.63977,2.8875,-0.050049,0.42444,2.8042,0.026752,0.19896,2.71,0.043853,0.11528,2.6686,-0.24086,0.26833,2.9392,-0.20441,-0.20577,3.0636,-0.18445,-0.70866,3.1092,-0.25546,-0.76131,3.0807,-0.14626,0.27916,2.908,-0.088132,-0.21021,2.8547,-0.03278,-0.57524,2.7935,-0.060563,-0.65755,2.7606
-0.28859,-0.082787,2.9656,-0.29493,-0.0095811,3.0001,-0.40878,0.35327,2.9988,-0.34693,0.5178,3.0487,-0.44751,0.25377,2.8802,-0.45158,0.01979,2.9569,-0.48435,-0.22691,2.9978,-0.53877,-0.28455,2.9592,-0.29316,0.073815,2.8159,-0.18821,-0.13675,2.6962,-0.20804,-0.36995,2.6002,-0.23413,-0.43418,2.5692,-0.29916,-0.086579,2.9913,-0.38874,-0.53614,2.9942,-0.26427,-0.81786,3.0293,-0.33251,-0.86804,3.0383,-0.24826,-0.187,2.9287,-0.22608,-0.56169,2.7465,-0.1337,-0.80714,2.8047,-0.18347,-0.84451,2.7744
-0.29588,-0.22572,2.9729,-0.3186,-0.16691,2.9728,-0.44988,0.095132,2.8684,-0.5158,0.25914,2.8875,-0.58359,0.03482,2.8934,-0.49802,-0.15433,3.0151,-0.48987,-0.3945,3.074,-0.55206,-0.45329,3.0501,-0.31147,0.01389,2.7961,-0.13311,-0.1503,2.7272,-0.12135,-0.35808,2.6008,-0.12941,-0.4304,2.557,-0.31648,-0.28708,2.9965,-0.52063,-0.5861,3.0163,-0.28057,-0.82491,3.023,-0.3344,-0.86616,3.0134,-0.2233,-0.27428,2.9809,-0.27666,-0.54914,2.7375,-0.15479,-0.78301,2.7965,-0.18707,-0.84412,2.778
-0.29505,0.17914,2.9495,-0.30541,0.24635,2.9576,-0.36837,0.58224,2.9496,-0.43606,0.73825,2.947,-0.4925,0.46403,2.9693,-0.43896,0.27115,3.0984,-0.39957,0.039587,3.1764,-0.4328,-0.013666,3.1619,-0.20513,0.50967,2.9184,0.0011865,0.41573,2.9241,-0.035352,0.2444,2.8501,-0.056029,0.18293,2.8322,-0.34219,0.098611,2.9613,-0.3578,-0.38445,3.0313,-0.29499,-0.75204,3.0244,-0.33122,-0.8355,3.0184,-0.22445,0.13074,2.9339,-0.20609,-0.35636,2.8702,-0.1695,-0.7703,2.7694,-0.19324,-0.8269,2.7354
-0.32046,0.41495,3.0186,-0.31833,0.46297,3.0313,-0.32418,0.75047,3.0394,-0.39398,0.93519,3.0446,-0.47565,0.69033,3.0792,-0.42212,0.49749,3.2082,-0.38273,0.26599,3.2862,-0.41554,0.21342,3.2718,-0.1783,0.70678,3.0154,0.01579,0.55255,3.0341,0.030295,0.34152,2.9412,0.026359,0.25861,2.9185,-0.37397,0.34082,3.0351,-0.38864,-0.13397,2.985,-0.2967,-0.41336,3.1944,-0.31147,-0.44408,3.1223,-0.26493,0.33955,2.9919,-0.19944,-0.14496,2.904,-0.14424,-0.45804,3.0796,-0.15901,-0.48877,3.0075
-0.29177,0.18444,3.0274,-0.28404,0.25013,3.0424,-0.27177,0.5787,3.0242,-0.38523,0.75024,3.0583,-0.47648,0.45104,3.08,-0.49113,0.23391,3.185,-0.50717,-0.017905,3.1873,-0.51097,-0.080327,3.1977,-0.15511,0.47991,3.0009,-0.030119,0.26033,2.9832,-0.0095656,0.037982,2.8595,-0.019978,-0.030139,2.8222,-0.36141,0.10416,3.0424,-0.38776,-0.38631,3.0257,-0.43613,-0.75844,3.0506,-0.4626,-0.82803,2.996,-0.22959,0.11651,3.0091,-0.19,-0.38284,2.986,-0.20645,-0.75031,3.0511,-0.1842,-0.83188,3.0246
-0.28194,-0.04605,3.0468,-0.28267,0.014202,3.0397,-0.28645,0.29449,2.958,-0.2775,0.45968,2.9368,-0.45042,0.21461,2.9849,-0.52653,0.0074579,3.0905,-0.54838,-0.19989,3.0792,-0.552,-0.26922,3.0648,-0.12364,0.20351,2.9636,-0.050604,-0.020725,3.0389,-0.034157,-0.24468,3.0352,-0.04555,-0.32455,3.0275,-0.3509,-0.11838,3.0665,-0.39767,-0.47282,2.9703,-0.42752,-0.7881,3.0483,-0.45509,-0.85497,3.0114,-0.20785,-0.12142,3.0635,-0.18115,-0.47601,2.9662,-0.20812,-0.77956,3.0484,-0.19232,-0.8481,3.044
-0.2588,0.028436,3.0437,-0.25318,0.082696,3.0232,-0.21196,0.34582,2.9032,-0.20298,0.53581,2.8767,-0.38101,0.34711,2.8909,-0.47649,0.25641,3.0854,-0.54605,0.12621,3.281,-0.55355,0.095924,3.3368,-0.080761,0.2864,2.9609,-0.046878,0.20571,3.1766,-0.039503,0.040335,3.3582,-0.033405,-0.0044965,3.4034,-0.33384,-0.029942,3.0673,-0.37753,-0.43803,3.0807,-0.41717,-0.76799,3.0861,-0.41152,-0.83615,3.0531,-0.20076,-0.042361,3.073,-0.18321,-0.43271,3.0791,-0.20462,-0.77125,3.0913,-0.19039,-0.84639,3.0452
-0.20282,-0.12072,3.069,-0.18908,-0.054457,3.0475,-0.11757,0.27462,2.9351,-0.11141,0.48049,2.9013,-0.30694,0.201,2.8952,-0.4122,-0.025172,2.9197,-0.42419,-0.27828,2.8895,-0.40622,-0.35835,2.8556,-0.028021,0.14012,2.991,-0.009731,-0.087488,3.0788,0.018931,-0.29813,3.0417,0.031263,-0.36556,3.0197,-0.27841,-0.17727,3.0718,-0.29548,-0.53521,3.0092,-0.39882,-0.77913,3.0795,-0.38791,-0.84378,3.0502,-0.15434,-0.18676,3.1031,-0.14411,-0.53787,3.0188,-0.22211,-0.78803,3.0625,-0.208,-0.85147,3.0334
-0.1566,0.13834,2.9903,-0.15778,0.21052,2.9829,-0.1605,0.57095,2.9521,-0.074076,0.71996,2.9666,-0.25234,0.50488,2.8959,-0.17751,0.41864,2.6454,-0.012281,0.47122,2.5051,0.038317,0.51717,2.474,0.037023,0.41606,3.0069,0.17221,0.30378,2.9172,0.2042,0.41863,2.7601,0.2086,0.47783,2.697,-0.2236,0.076171,2.9763,-0.30817,-0.39922,2.9955,-0.39622,-0.77436,3.0572,-0.39651,-0.83919,3.0337,-0.088322,0.058767,3.0128,-0.11258,-0.40304,3.045,-0.2036,-0.77127,3.0542,-0.19166,-0.84833,3.0335
-0.10146,0.33387,2.9786,-0.098504,0.39544,2.9547,-0.070157,0.68992,2.8368,-0.0013005,0.84539,2.8348,-0.18243,0.56315,2.7997,-0.16133,0.32386,2.6995,0.02804,0.34541,2.5282,0.0027477,0.33471,2.5548,0.093835,0.62683,2.8786,0.12503,0.40562,2.9732,0.2197,0.25517,2.7918,0.25261,0.25432,2.7367,-0.15449,0.25725,2.9913,-0.16433,-0.048742,2.7865,-0.28763,-0.34634,2.9266,-0.23646,-0.42022,2.9491,-0.053877,0.27911,3.0111,0.0090185,-0.067318,2.9254,-0.17112,-0.36632,3.0476,-0.17515,-0.4405,3.0175
0.063021,0.22228,2.8609,0.071598,0.28179,2.8299,0.11502,0.57821,2.6873,0.14859,0.76267,2.724,-0.05329,0.50537,2.6876,-0.18721,0.29199,2.6527,-0.073449,0.19441,2.5298,-0.015926,0.20248,2.5026,0.2103,0.56889,2.7189,0.22523,0.35165,2.8224,0.27897,0.1297,2.8083,0.29688,0.055716,2.8077,-0.012396,0.15602,2.8598,-0.044061,-0.31443,2.7336,-0.08601,-0.66978,2.6831,-0.033137,-0.73679,2.6463,0.1106,0.16978,2.9245,0.08454,-0.30846,2.8353,0.06714,-0.69882,2.7752,0.089606,-0.7556,2.7437
0.015351,-0.1934,2.7809,0.033009,-0.14142,2.7641,0.12218,0.11248,2.6899,0.24432,0.23411,2.7019,0.0046144,0.014239,2.6202,-0.079734,-0.17903,2.5369,0.01768,-0.29449,2.415,0.077415,-0.30546,2.3637,0.27663,0.015869,2.8054,0.27992,-0.23263,2.8274,0.40576,-0.31702,2.664,0.46235,-0.30815,2.6132,-0.061187,-0.2563,2.7533,0.071699,-0.57371,2.6478,-0.11188,-0.7877,2.7082,-0.092458,-0.85187,2.6929,0.046304,-0.274,2.8398,0.16532,-0.59026,2.7139,0.0053121,-0.79594,2.7708,-0.032635,-0.84791,2.7465
0.081037,-0.11704,2.7618,0.10471,-0.056033,2.7447,0.22866,0.26029,2.667,0.2943,0.42112,2.7067,0.088771,0.1684,2.6116,-0.12152,0.025969,2.6063,-0.23165,-0.17424,2.6397,-0.2602,-0.22632,2.6637,0.34317,0.15186,2.8252,0.2664,-0.037563,2.9534,0.23233,-0.24727,2.9707,0.24349,-0.32535,2.9359,-0.00011992,-0.14779,2.7529,0.06797,-0.497,2.6593,-0.112,-0.78815,2.7075,-0.095398,-0.85246,2.6886,0.11241,-0.18749,2.8073,0.20066,-0.52954,2.7594,0.010644,-0.79083,2.7779,-0.02044,-0.83813,2.7384
0.11809,0.10115,2.7313,0.13231,0.16546,2.7125,0.21226,0.49908,2.6265,0.32436,0.63209,2.6797,0.10855,0.43019,2.6118,-0.13673,0.38921,2.6454,-0.28359,0.26345,2.7276,-0.32884,0.22429,2.7541,0.3547,0.40638,2.7576,0.27777,0.21655,2.8861,0.18728,-0.0109,2.9459,0.19844,-0.088986,2.911,0.045659,0.058155,2.716,0.046703,-0.42322,2.7271,-0.071877,-0.77914,2.7323,-0.041451,-0.81874,2.6842,0.16334,0.030348,2.7685,0.14346,-0.40957,2.7993,0.010405,-0.77072,2.7763,0.045734,-0.82839,2.761
0.16577,0.058282,2.7035,0.17518,0.1142,2.6817,0.22177,0.39723,2.5875,0.32094,0.57885,2.6507,0.11168,0.32476,2.5901,-0.081198,0.21902,2.6593,-0.19436,-0.0050911,2.7014,-0.21509,-0.1145,2.7085,0.39244,0.33702,2.7176,0.31674,0.15758,2.7736,0.2475,-0.017767,2.7839,0.26323,-0.08427,2.7475,0.093536,-0.0070023,2.6921,0.059574,-0.44211,2.7164,-0.0398,-0.78173,2.8494,0.0067477,-0.83336,2.8417,0.21948,-0.014372,2.7531,0.2498,-0.41681,2.7329,0.23023,-0.76214,2.7628,0.25237,-0.82719,2.7526
0.23512,0.039216,2.6588,0.24286,0.10513,2.6513,0.28164,0.4347,2.6282,0.31629,0.60642,2.6527,0.15882,0.35163,2.5225,0.17162,0.20027,2.358,0.36163,0.24992,2.2593,0.39387,0.31452,2.2626,0.44237,0.30365,2.6815,0.52675,0.16126,2.55,0.5885,0.26499,2.3866,0.60908,0.29957,2.3361,0.15731,-0.026345,2.6462,0.090197,-0.44739,2.6558,-0.030892,-0.75905,2.8285,-0.033186,-0.82948,2.8412,0.29733,-0.027756,2.6777,0.3143,-0.42735,2.6763,0.23432,-0.76355,2.7586,0.2551,-0.82997,2.7623
0.30406,0.32231,2.526,0.30072,0.38939,2.5151,0.28868,0.72546,2.4662,0.35119,0.88169,2.4497,0.17029,0.61195,2.4145,0.18229,0.43888,2.3131,0.30712,0.46076,2.1594,0.35191,0.55561,2.1437,0.4837,0.66166,2.5367,0.53995,0.41273,2.4816,0.61254,0.426,2.2943,0.64103,0.45598,2.2457,0.23591,0.24843,2.5468,0.17804,-0.11115,2.416,0.1262,-0.41059,2.6385,0.15349,-0.44831,2.5708,0.37888,0.25083,2.5197,0.41724,-0.12704,2.5153,0.304,-0.46049,2.6618,0.33128,-0.49822,2.594
0.36532,0.35182,2.277,0.36144,0.40779,2.2675,0.34343,0.69485,2.2235,0.33283,0.86743,2.2251,0.22307,0.68206,2.2848,0.2035,0.4289,2.2185,0.28471,0.21669,2.0853,0.3473,0.21076,2.0371,0.54164,0.56774,2.337,0.59325,0.33133,2.3706,0.60388,0.1806,2.1709,0.61204,0.21641,2.1186,0.27829,0.2822,2.2766,0.34545,-0.19668,2.2164,0.34082,-0.56025,2.1479,0.37156,-0.63571,2.0993,0.4583,0.26499,2.2879,0.48079,-0.22017,2.2595,0.45441,-0.56777,2.1887,0.4653,-0.63265,2.1224
0.47576,-0.08729,2.2015,0.46935,-0.019973,2.1947,0.44254,0.31435,2.1486,0.36952,0.49441,2.1769,0.2792,0.14257,2.1118,0.25084,-0.087217,2.0544,0.29912,-0.23225,1.9288,0.33166,-0.27541,1.861,0.5882,0.23365,2.165,0.6306,-0.016163,2.1877,0.64563,-0.21333,2.0796,0.65438,-0.25406,2.0124,0.41124,-0.19285,2.1914,0.39268,-0.51693,2.0244,0.36471,-0.73634,2.1171,0.38901,-0.79328,2.0845,0.55244,-0.12876,2.2266,0.52108,-0.45637,2.0643,0.50665,-0.73163,2.1392,0.51231,-0.7954,2.111
0.43945,0.040171,2.207,0.43724,0.097061,2.19,0.4232,0.37942,2.1062,0.36116,0.53703,2.0951,0.24026,0.29894,2.1676,0.17501,0.13401,2.3297,0.12718,-0.057367,2.3923,0.10742,-0.13838,2.3684,0.55973,0.32498,2.0994,0.6722,0.11829,2.1788,0.6608,-0.080555,2.1339,0.63712,-0.15581,2.1001,0.37083,-0.033351,2.2362,0.36119,-0.4019,2.1485,0.36051,-0.72154,2.14,0.37811,-0.78795,2.0868,0.51516,-0.029678,2.215,0.51854,-0.39041,2.1301,0.50839,-0.72385,2.1478,0.51356,-0.79398,2.1083
0.38725,0.12047,2.2415,0.37507,0.1817,2.228,0.30785,0.49087,2.1743,0.26021,0.6722,2.1843,0.19127,0.43207,2.2775,0.19538,0.3356,2.4933,0.22851,0.27205,2.7293,0.23106,0.22986,2.7776,0.45863,0.42305,2.1171,0.67723,0.3103,2.172,0.73241,0.12394,2.2214,0.73929,0.061226,2.2337,0.33619,0.051245,2.2799,0.33853,-0.36909,2.3101,0.41882,-0.73576,2.3901,0.36798,-0.79759,2.3445,0.46234,0.061566,2.2267,0.50941,-0.36866,2.2588,0.51535,-0.71039,2.1938,0.51781,-0.77548,2.1247
0.33726,0.09942,2.2839,0.314,0.1636,2.2741,0.18906,0.48493,2.2369,0.12272,0.64509,2.2901,0.12902,0.38624,2.3555,0.13362,0.28936,2.5707,0.18281,0.26925,2.8108,0.18536,0.22716,2.859,0.33135,0.41891,2.1656,0.58712,0.39335,2.1605,0.81243,0.30348,2.2083,0.86645,0.30022,2.2426,0.3088,0.029057,2.327,0.36817,-0.43895,2.4283,0.419,-0.74938,2.4237,0.3595,-0.80109,2.3928,0.40554,0.05834,2.2523,0.44631,-0.37972,2.2078,0.49485,-0.71311,2.1853,0.45581,-0.7733,2.1221
0.24158,-0.0059731,2.2914,0.22132,0.059218,2.2846,0.11845,0.38715,2.2633,0.024458,0.55673,2.3209,0.0092032,0.24002,2.3276,0.013787,0.14348,2.5419,0.062742,0.12314,2.7811,0.065276,0.081199,2.8292,0.17038,0.2984,2.1683,0.34956,0.11486,2.1317,0.44869,-0.12191,2.111,0.42172,-0.1778,2.096,0.22416,-0.084693,2.344,0.30043,-0.53873,2.491,0.46187,-0.76808,2.4042,0.37698,-0.81232,2.3937,0.29304,-0.035381,2.243,0.2482,-0.42127,2.2289,0.34771,-0.73209,2.2208,0.29743,-0.79929,2.2006
0.078256,0.0080548,3.3595,0.070729,0.068387,3.3436,0.033504,0.36934,3.2786,-0.0012378,0.54031,3.2399,-0.11846,0.27654,3.3053,-0.10995,0.058378,3.3406,-0.055637,-0.16066,3.343,-0.031552,-0.20626,3.3269,0.19237,0.29154,3.2515,0.26492,0.027264,3.2779,0.20182,-0.1894,3.2513,0.19168,-0.26501,3.2513,0.017053,-0.064859,3.3853,0.044562,-0.50917,3.4216,0.041785,-0.83804,3.373,0.024362,-0.92844,3.3231,0.15689,-0.057922,3.3603,0.19148,-0.489,3.3329,0.23442,-0.82782,3.3303,0.21347,-0.91452,3.2879
0.079799,0.0035629,3.362,0.07205,0.06447,3.3456,0.034551,0.3672,3.2791,-0.0031792,0.53966,3.2411,-0.11789,0.27434,3.3027,-0.10049,0.0096458,3.3508,-0.042341,-0.21397,3.3424,0.0010634,-0.26178,3.3165,0.19028,0.28869,3.2577,0.2605,0.028703,3.2786,0.20531,-0.1954,3.2551,0.17238,-0.28357,3.2558,0.018877,-0.068847,3.3874,0.043056,-0.5073,3.4222,0.037272,-0.83072,3.3804,0.019532,-0.92458,3.3155,0.15819,-0.061967,3.3635,0.19209,-0.48871,3.3312,0.23311,-0.82359,3.3339,0.21795,-0.91267,3.2829
0.074042,-0.008607,3.3523,0.065941,0.053158,3.3381,0.025013,0.36104,3.2793,-0.0043008,0.53698,3.2346,-0.12163,0.26186,3.2844,-0.10098,-0.0064074,3.3204,-0.043605,-0.22831,3.3013,-0.023241,-0.28845,3.2985,0.18409,0.28623,3.2549,0.2575,0.022875,3.2723,0.20234,-0.19867,3.2388,0.20488,-0.22462,3.2425,0.01384,-0.085566,3.3707,0.036436,-0.51261,3.3945,0.037415,-0.84125,3.3754,0.019946,-0.92476,3.3126,0.15208,-0.067582,3.3551,0.19516,-0.49252,3.3081,0.23364,-0.83095,3.3299,0.21912,-0.91312,3.2831
0.074237,0.0076012,3.3181,0.065958,0.06951,3.3068,0.022391,0.3807,3.2643,-0.0049937,0.55173,3.2244,-0.119,0.27461,3.2657,-0.10879,0.053627,3.3018,-0.0546,-0.1752,3.2783,-0.033979,-0.23136,3.2555,0.18902,0.2985,3.2271,0.27093,0.042092,3.2441,0.22218,-0.1816,3.2228,0.20515,-0.24045,3.2042,0.014137,-0.070213,3.3343,0.042162,-0.49842,3.3622,0.042169,-0.8435,3.3643,0.024809,-0.92146,3.3178,0.15273,-0.052862,3.3166,0.20542,-0.49029,3.2872,0.23309,-0.82899,3.3212,0.22438,-0.91037,3.27
0.074108,0.007774,3.3144,0.065594,0.06906,3.3022,0.021845,0.37462,3.2544,-0.0048619,0.54918,3.2172,-0.1191,0.27571,3.2739,-0.097644,0.010485,3.2975,-0.043156,-0.21123,3.2756,-0.014652,-0.26816,3.2727,0.19011,0.29765,3.2219,0.27025,0.04428,3.2396,0.23075,-0.18071,3.2211,0.21026,-0.2364,3.1979,0.01433,-0.069555,3.332,0.043298,-0.49645,3.3579,0.040255,-0.83493,3.3693,0.026176,-0.92079,3.3176,0.15312,-0.052895,3.3128,0.20567,-0.4895,3.2837,0.23247,-0.82833,3.3226,0.22393,-0.90948,3.2712
0.078326,0.0086658,3.3294,0.070359,0.068166,3.3155,0.031929,0.36344,3.2618,0.0034561,0.54489,3.2227,-0.10764,0.26582,3.2351,-0.092334,0.0043073,3.2849,-0.039735,-0.21503,3.2826,-0.070035,-0.25911,3.2489,0.20289,0.29337,3.2425,0.27682,0.03192,3.2602,0.23803,-0.19046,3.2451,0.19588,-0.22815,3.2169,0.015504,-0.069917,3.3383,0.045612,-0.50204,3.3806,0.042886,-0.84826,3.3945,0.022105,-0.92525,3.3341,0.15962,-0.051012,3.3446,0.20322,-0.49773,3.3087,0.23299,-0.84644,3.3461,0.22681,-0.92028,3.3028
0.10722,-0.042999,3.3143,0.10319,0.021038,3.3078,0.083625,0.33528,3.2916,0.077493,0.51833,3.2955,-0.090074,0.21384,3.2773,-0.26026,0.11935,3.1456,-0.18231,0.32794,3.1288,-0.19156,0.38888,3.1369,0.25867,0.23742,3.2696,0.43035,0.1735,3.0742,0.31206,0.3614,3.0448,0.29926,0.38892,3.0492,0.037785,-0.13216,3.3115,0.022749,-0.5339,3.218,0.039159,-0.84359,3.3307,0.037846,-0.88549,3.2408,0.18691,-0.11876,3.3247,0.1803,-0.52524,3.1712,0.21962,-0.87191,3.3006,0.21695,-0.95496,3.2864
0.14014,0.31082,3.3119,0.14099,0.35455,3.3303,0.13214,0.56006,3.326,0.11369,0.78327,3.3913,-0.076254,0.6321,3.3372,-0.18388,0.81951,3.2663,-0.12451,1.0407,3.2769,-0.080818,1.0804,3.3245,0.31507,0.58508,3.2895,0.42945,0.85922,3.2709,0.31872,1.1147,3.2433,0.33171,1.1386,3.1863,0.069959,0.22133,3.3031,0.051381,-0.28439,3.3097,0.069565,-0.68269,3.2812,0.060522,-0.71909,3.1906,0.21562,0.22656,3.2986,0.22635,-0.27969,3.2936,0.19672,-0.67724,3.2619,0.18768,-0.71364,3.1713
0.16282,0.3364,3.2823,0.16499,0.38263,3.3128,0.15321,0.6271,3.3208,0.1392,0.85664,3.3904,-0.067253,0.66612,3.3595,-0.21125,0.79403,3.234,-0.13583,0.99806,3.2348,-0.096653,1.0687,3.2667,0.32227,0.68943,3.3066,0.45496,0.85762,3.2432,0.37561,1.0605,3.2286,0.33287,1.1338,3.2474,0.092651,0.23986,3.2539,0.077441,-0.27509,3.2465,0.066624,-0.79799,3.1913,0.062796,-0.88859,3.1249,0.23832,0.25092,3.2754,0.25223,-0.26236,3.2214,0.24804,-0.66781,3.1708,0.23591,-0.70214,3.0801
0.16115,0.074028,3.2368,0.16018,0.12207,3.2831,0.15744,0.38511,3.3255,0.047764,0.59082,3.3324,-0.059272,0.35139,3.302,-0.21381,0.30513,3.1353,-0.13209,0.50491,3.1327,-0.093087,0.54504,3.1657,0.34764,0.33467,3.2846,0.51777,0.4134,3.1545,0.3953,0.58951,3.1207,0.33688,0.64886,3.1488,0.07208,-0.019205,3.2144,0.08086,-0.48917,3.1001,0.083551,-0.86068,3.2278,0.065939,-0.92947,3.1861,0.25218,-0.0092057,3.2184,0.25068,-0.47676,3.0945,0.26947,-0.82918,3.1987,0.26759,-0.86081,3.1071
0.16824,0.071482,3.2463,0.16536,0.12912,3.2947,0.15902,0.47586,3.3109,0.14099,0.68673,3.3327,-0.0051204,0.37994,3.2749,-0.034881,0.1718,3.2903,-0.10984,0.16294,3.0781,-0.11232,0.18347,3.0705,0.3074,0.3839,3.2755,0.50935,0.19391,3.2115,0.37214,0.24193,3.0426,0.37345,0.25484,3.0346,0.095639,-0.0013294,3.2281,0.087143,-0.47991,3.1865,0.082605,-0.84374,3.2479,0.067163,-0.91965,3.1822,0.24246,0.003054,3.2365,0.26025,-0.48354,3.1848,0.27798,-0.83739,3.2419,0.26998,-0.90831,3.1929
0.16495,0.080512,3.2399,0.16231,0.14676,3.282,0.16092,0.51559,3.261,0.14805,0.69713,3.2738,-0.0063943,0.38169,3.2385,-0.047018,0.18161,3.275,-0.068844,0.12286,3.0594,-0.095963,0.1302,2.9993,0.31038,0.38836,3.2494,0.42132,0.15805,3.2384,0.31467,0.16516,3.0422,0.31661,0.1802,3.0352,0.0933,0.0039633,3.2254,0.081146,-0.47794,3.2231,0.081214,-0.83477,3.2644,0.0674,-0.91146,3.1845,0.23752,0.0099832,3.2367,0.25904,-0.4767,3.2097,0.28159,-0.83482,3.2528,0.2695,-0.91148,3.1907
0.15117,0.084355,3.2009,0.14718,0.15353,3.223,0.14129,0.50264,3.1934,0.13464,0.67912,3.1971,-0.016616,0.37602,3.1636,-0.095214,0.13906,3.1171,-0.049229,0.22971,2.9177,-0.067465,0.21778,2.9455,0.31388,0.38405,3.1942,0.41111,0.14198,3.143,0.29214,0.15392,2.9545,0.31482,0.16413,2.9654,0.079806,0.0067882,3.1934,0.068526,-0.47323,3.2099,0.07948,-0.83629,3.264,0.066961,-0.9203,3.1947,0.22609,0.012238,3.2061,0.24513,-0.44511,3.0733,0.28645,-0.81078,3.1353,0.27754,-0.8836,3.0785
0.17541,0.082274,3.0879,0.17193,0.15125,3.1004,0.17085,0.49524,3.0739,0.14517,0.68051,3.1005,0.0057737,0.38306,3.0414,-0.067451,0.14903,2.9842,-0.014395,0.26814,2.8033,-0.027526,0.27488,2.8302,0.32968,0.38177,3.0868,0.41424,0.13247,3.036,0.31722,0.1983,2.8457,0.3518,0.18505,2.8681,0.10577,0.0043453,3.0749,0.093385,-0.47598,3.1414,0.084863,-0.82902,3.2398,0.067264,-0.92265,3.1948,0.24788,0.01289,3.0995,0.27913,-0.45092,2.9406,0.32227,-0.81061,2.8909,0.32213,-0.88126,2.8214
0.23812,0.037371,2.9355,0.23407,0.10566,2.9637,0.23511,0.46594,2.9786,0.224,0.64677,3.001,0.085121,0.3585,2.9027,-0.045055,0.13527,2.8028,-0.0046955,0.31897,2.6881,-0.0043435,0.37777,2.6937,0.39057,0.34028,2.9512,0.51841,0.14933,2.8124,0.47049,0.27034,2.6301,0.43055,0.34557,2.6012,0.16801,-0.036819,2.9172,0.12456,-0.48043,2.9832,0.1005,-0.82253,3.1934,0.07531,-0.91359,3.185,0.30912,-0.025421,2.9331,0.33307,-0.43843,2.8046,0.34762,-0.80115,2.8683,0.36247,-0.83614,2.779
0.27031,0.28437,2.7972,0.26563,0.34703,2.8426,0.24391,0.7092,2.8836,0.2355,0.883,2.9329,0.096924,0.5772,2.7933,-0.073009,0.67183,2.6802,0.029487,0.84165,2.7451,0.039638,0.87139,2.7697,0.44464,0.61755,2.8067,0.55043,0.77127,2.68,0.39291,0.91425,2.6754,0.32317,0.96855,2.6954,0.1983,0.20523,2.7784,0.15029,-0.32223,2.8287,0.1206,-0.75335,2.9462,0.098188,-0.8242,2.9037,0.35145,0.21471,2.7777,0.35446,-0.318,2.7909,0.3526,-0.73638,2.7932,0.35421,-0.76877,2.7022
0.28062,0.35254,2.6585,0.28255,0.40255,2.7053,0.29824,0.69481,2.7211,0.2273,0.85292,2.7815,0.022986,0.63768,2.6805,-0.085412,0.81252,2.6078,0.080796,0.92159,2.6671,0.12139,0.97082,2.72,0.46709,0.62811,2.6744,0.55811,0.8119,2.5991,0.47023,1.0039,2.5946,0.43198,1.0445,2.6022,0.1943,0.25347,2.6276,0.20456,-0.28344,2.5638,0.21258,-0.77312,2.539,0.22747,-0.84041,2.4927,0.35844,0.25731,2.6467,0.36836,-0.27662,2.5579,0.38175,-0.76053,2.5642,0.3701,-0.83925,2.5015
0.28201,0.1258,2.5242,0.27841,0.17972,2.5793,0.27944,0.52001,2.6258,0.28048,0.69558,2.6497,0.089822,0.37912,2.57,-0.090432,0.44393,2.4602,0.059674,0.58966,2.4632,0.086895,0.65064,2.4607,0.47327,0.3978,2.5986,0.65572,0.37147,2.4742,0.52244,0.55857,2.3762,0.46817,0.62656,2.4008,0.20274,0.038336,2.4941,0.2324,-0.40995,2.4293,0.23913,-0.79108,2.5267,0.25539,-0.86805,2.5056,0.3641,0.050544,2.5077,0.35393,-0.39605,2.346,0.36937,-0.7595,2.4804,0.37557,-0.84022,2.4716
0.30185,0.14652,2.4442,0.28954,0.20144,2.4953,0.30121,0.53133,2.5157,0.3124,0.74943,2.5618,0.15007,0.45723,2.4125,0.039012,0.27439,2.3764,0.067348,0.45182,2.2585,0.049332,0.50734,2.2761,0.45942,0.45535,2.5029,0.56453,0.25268,2.4203,0.50665,0.27782,2.2094,0.49579,0.32013,2.21,0.23324,0.078207,2.4172,0.21837,-0.41381,2.4495,0.23616,-0.77393,2.5279,0.24073,-0.8589,2.5117,0.37107,0.077112,2.4402,0.37326,-0.37881,2.3123,0.4012,-0.74186,2.294,0.39098,-0.8304,2.2291
0.32416,0.14973,2.35,0.31541,0.2123,2.4012,0.32654,0.58024,2.415,0.32901,0.75735,2.4468,0.16901,0.4482,2.3285,0.084391,0.23164,2.3518,0.070945,0.45031,2.2083,0.066463,0.5232,2.1646,0.49337,0.45445,2.396,0.54685,0.22585,2.3041,0.46408,0.35123,2.1472,0.46756,0.34938,2.1519,0.25273,0.078391,2.3309,0.23621,-0.39457,2.2858,0.24746,-0.75454,2.4479,0.23781,-0.82685,2.3981,0.39539,0.076937,2.343,0.39015,-0.39589,2.2951,0.39782,-0.75786,2.2825,0.38857,-0.83414,2.2211
0.32165,0.1218,2.2703,0.31736,0.19246,2.3092,0.32951,0.55645,2.2775,0.35326,0.73802,2.3432,0.17875,0.43958,2.218,0.09248,0.2167,2.2505,0.086615,0.35338,2.0807,0.08466,0.39894,2.0283,0.46791,0.42431,2.2577,0.56542,0.20306,2.1959,0.48663,0.3208,2.0305,0.48291,0.35801,2.0665,0.2532,0.061305,2.2656,0.23941,-0.40072,2.1694,0.23716,-0.75079,2.2269,0.25331,-0.82382,2.1839,0.38853,0.055884,2.2724,0.39523,-0.40652,2.1903,0.39424,-0.76375,2.2601,0.38999,-0.8342,2.2169
0.30852,0.057703,2.1879,0.30628,0.12148,2.2292,0.33208,0.46618,2.2274,0.336,0.64368,2.2651,0.16168,0.36219,2.1441,0.032313,0.21164,2.0583,0.10176,0.40731,2.0396,0.10958,0.49286,2.07,0.48291,0.35629,2.1946,0.59755,0.22219,2.0602,0.53286,0.40565,1.9749,0.50416,0.48966,1.9954,0.23113,-0.012539,2.1714,0.2416,-0.43599,2.0864,0.24832,-0.76287,2.2038,0.26184,-0.8388,2.1805,0.37854,-0.017635,2.187,0.4092,-0.42755,2.1039,0.38945,-0.76812,2.2305,0.38587,-0.84388,2.2033
0.28871,0.27554,2.152,0.2917,0.33139,2.2018,0.32491,0.66661,2.2287,0.3177,0.87391,2.2739,0.16041,0.62223,2.15,-0.024229,0.7208,2.0569,0.102,0.87785,2.0878,0.14407,0.9302,2.1023,0.47901,0.59809,2.1664,0.61823,0.69134,2.0217,0.49617,0.85014,2.0578,0.44774,0.88113,2.0926,0.20867,0.21119,2.1286,0.20822,-0.32241,2.1708,0.22901,-0.74209,2.1649,0.23539,-0.7738,2.0765,0.35355,0.20216,2.1395,0.37884,-0.3296,2.1784,0.38105,-0.74275,2.1764,0.38743,-0.77446,2.0881
0.26639,0.41443,2.1235,0.27274,0.46976,2.1708,0.28404,0.784,2.1626,0.24993,0.9582,2.1968,0.059237,0.75535,2.1643,-0.13116,0.88343,2.0642,-0.293,0.9923,1.9876,-0.3458,1.0278,1.9666,0.45224,0.7485,2.1334,0.63857,0.89087,2.0508,0.79696,1.0119,1.989,0.84863,1.0514,1.973,0.18216,0.32192,2.1012,0.1674,-0.22141,2.0674,0.14534,-0.6541,2.0788,0.12874,-0.72364,2.0325,0.34218,0.32993,2.1194,0.33611,-0.21221,2.0631,0.30452,-0.64624,2.0984,0.29724,-0.72767,2.0455
0.18015,0.2674,2.0374,0.16356,0.3015,2.0865,0.12574,0.54191,2.0897,0.099194,0.71029,2.0377,-0.045901,0.58548,1.9953,-0.16657,0.42473,1.9333,-0.029972,0.62121,1.9563,-0.0041283,0.68304,1.9847,0.41877,0.44439,2.0383,0.5286,0.5924,1.9251,0.38103,0.73948,1.9465,0.38918,0.80516,1.9564,0.10188,0.17082,2.0088,0.14024,-0.34376,1.9344,0.14357,-0.71758,2.0041,0.15874,-0.7485,1.9169,0.29938,0.15919,2.017,0.27979,-0.3314,1.9292,0.29319,-0.71046,1.979,0.30836,-0.74137,1.8918
0.19054,0.14028,2.0298,0.19189,0.20487,2.0799,0.18225,0.57122,2.0692,0.15617,0.74621,2.0899,0.013174,0.42737,2.0486,-0.12317,0.29254,1.9576,-0.070094,0.47739,1.8804,-0.06933,0.53806,1.9025,0.32826,0.43623,2.0358,0.46708,0.27145,1.9244,0.3832,0.35648,1.7479,0.36447,0.39137,1.7346,0.11249,0.065506,2.0175,0.10256,-0.36286,1.9513,0.12489,-0.71638,2.0188,0.12172,-0.75026,1.9323,0.26284,0.072663,2.0218,0.27743,-0.36038,1.9622,0.29366,-0.71306,1.9929,0.2905,-0.74693,1.9063
0.12611,0.16481,2.0158,0.12544,0.22748,2.0662,0.13057,0.56065,2.0592,0.11355,0.76845,2.1004,-0.044598,0.46255,2.0083,-0.12116,0.27721,2.0301,-0.049746,0.47253,1.8982,-0.025942,0.53763,1.8585,0.27511,0.46976,2.0197,0.3408,0.24095,1.987,0.19409,0.2453,1.789,0.17771,0.24377,1.7899,0.051429,0.092089,2.0093,-0.0089855,-0.36892,2.0018,-0.10425,-0.71498,2.0769,-0.13445,-0.79344,2.0429,0.19367,0.098065,2.0022,0.2529,-0.33473,2.0173,0.29611,-0.69966,2.0197,0.29933,-0.73271,1.9333
-0.006896,0.1581,2.0111,-0.001106,0.2225,2.0611,0.0027711,0.58464,2.0517,-0.00028977,0.76284,2.0924,-0.15411,0.46992,2.0494,-0.24084,0.21002,2.0169,-0.21511,0.32097,1.8367,-0.22929,0.30766,1.8642,0.1604,0.44772,2.0188,0.20804,0.21485,1.9947,0.10565,0.13695,1.8255,0.062804,0.19582,1.7822,-0.077057,0.089575,2.0064,-0.13869,-0.35911,2.0167,-0.20041,-0.71494,2.0696,-0.2072,-0.74846,1.9837,0.060058,0.085218,1.9982,0.13529,-0.35899,2.0088,0.25893,-0.69588,2.0232,0.25214,-0.72941,1.9373
-0.11048,0.14845,2.0155,-0.11485,0.21683,2.047,-0.13161,0.55985,2.0064,-0.12316,0.73814,2.0369,-0.28488,0.4408,1.9838,-0.36323,0.26515,2.0394,-0.28846,0.22997,1.8419,-0.28981,0.22774,1.7754,0.046511,0.42764,1.9936,0.12083,0.20598,1.9973,0.032048,0.089908,1.8446,-0.023566,0.087461,1.7738,-0.18325,0.07349,2.0113,-0.20375,-0.3646,2.0055,-0.2157,-0.72901,2.0704,-0.22051,-0.80434,2.0498,-0.031467,0.075916,2.0169,-0.010368,-0.35652,1.8956,-0.0099609,-0.71023,2.0065,-0.033434,-0.77944,1.9786
-0.188,0.019652,1.9871,-0.19264,0.086359,1.9957,-0.20936,0.41052,1.9424,-0.19303,0.58727,1.968,-0.35504,0.3154,1.9116,-0.40175,0.10101,2.0174,-0.36755,0.017086,1.8241,-0.35636,-0.010383,1.765,-0.025315,0.28766,1.9327,0.056475,0.059002,1.9487,-0.023453,-0.086773,1.8212,-0.07901,-0.10739,1.7542,-0.26275,-0.049668,1.997,-0.20203,-0.43741,1.9095,-0.22446,-0.73979,2.0505,-0.20687,-0.81352,2.0325,-0.10418,-0.057279,1.9897,-0.16904,-0.46319,1.8584,-0.10431,-0.73787,1.9728,-0.13853,-0.79922,2.0099
-0.20347,0.08731,1.9739,-0.21166,0.1614,1.9782,-0.24258,0.52121,1.9588,-0.24884,0.69851,1.9933,-0.38454,0.3843,1.885,-0.45318,0.1969,1.8883,-0.29278,0.31835,1.8637,-0.27925,0.37653,1.8364,-0.10697,0.37331,1.9213,0.060274,0.26348,1.8052,-0.049625,0.4129,1.7137,-0.095768,0.48873,1.7179,-0.2689,0.026041,1.9731,-0.26685,-0.37597,1.936,-0.2259,-0.73783,2.0383,-0.20474,-0.8118,2.0281,-0.1294,0.037069,1.9741,-0.14013,-0.37485,1.8929,-0.11376,-0.72278,1.9644,-0.10285,-0.75987,1.8817
-0.22938,0.36491,1.9596,-0.22874,0.4364,1.9919,-0.22657,0.79791,2.0178,-0.29491,0.95979,2.0277,-0.42873,0.68303,1.9339,-0.60109,0.62875,1.8227,-0.44592,0.74955,1.8481,-0.43241,0.80763,1.8208,-0.10038,0.72893,1.9309,0.056679,0.6618,1.8014,-0.090977,0.7584,1.8835,-0.10834,0.81956,1.8996,-0.29812,0.28702,1.9445,-0.29186,-0.2513,1.966,-0.26789,-0.67218,2.0031,-0.27,-0.70413,1.9179,-0.16061,0.29973,1.9498,-0.175,-0.23908,1.9588,-0.19081,-0.63268,2.0133,-0.1829,-0.70286,1.9817
-0.24168,0.33664,1.9193,-0.22159,0.38814,1.9314,-0.144,0.6467,1.902,-0.21248,0.80891,1.9118,-0.3743,0.62595,1.8898,-0.54604,0.5483,1.7983,-0.46975,0.73299,1.7927,-0.4314,0.78314,1.81,-0.017906,0.5779,1.815,0.12123,0.49558,1.6725,-0.046404,0.59675,1.7654,-0.041914,0.65186,1.7304,-0.34522,0.27425,1.9207,-0.36126,-0.20328,1.8595,-0.39424,-0.5498,1.8511,-0.4099,-0.58537,1.7689,-0.18498,0.25267,1.9251,-0.19496,-0.22964,1.852,-0.21114,-0.61672,1.8573,-0.22679,-0.65229,1.7751
-0.30309,0.10516,1.8776,-0.31484,0.1692,1.9068,-0.30201,0.51523,1.9105,-0.31223,0.69266,1.9429,-0.442,0.43884,1.7998,-0.44231,0.2619,1.6836,-0.32112,0.40396,1.7402,-0.2996,0.46349,1.7562,-0.13745,0.38344,1.9222,-0.034192,0.18302,1.877,-0.076853,0.10222,1.6874,-0.11319,0.095993,1.6336,-0.37826,0.038514,1.8573,-0.38788,-0.35206,1.7628,-0.45394,-0.75882,1.8399,-0.42417,-0.79629,1.7684,-0.22706,0.032076,1.8835,-0.23582,-0.34968,1.7545,-0.22102,-0.65467,1.8019,-0.18899,-0.6883,1.7239
-0.31693,0.16889,1.9087,-0.32328,0.23731,1.9378,-0.3368,0.59105,1.92,-0.35702,0.76407,1.9245,-0.4831,0.45752,1.8843,-0.58489,0.31896,1.9594,-0.48726,0.23819,1.7427,-0.49914,0.25344,1.6808,-0.16599,0.46212,1.9172,-0.10548,0.22717,1.9282,-0.11466,0.037642,1.8561,-0.1427,0.014611,1.802,-0.39026,0.096618,1.8962,-0.4049,-0.3006,1.8702,-0.43394,-0.61053,1.8701,-0.41799,-0.53523,1.8752,-0.23709,0.09939,1.9142,-0.23453,-0.29722,1.8721,-0.22122,-0.65758,1.8618,-0.21248,-0.69243,1.7784
-0.33904,0.16465,1.9452,-0.34469,0.23326,1.984,-0.343,0.60269,1.9873,-0.38681,0.77338,2.0022,-0.49637,0.4667,1.9192,-0.55236,0.2151,1.8997,-0.50876,0.32275,1.7254,-0.52103,0.30136,1.7486,-0.19109,0.47865,1.9634,-0.11001,0.23708,1.9319,-0.11872,0.062177,1.8246,-0.14573,0.020455,1.7528,-0.41041,0.095502,1.9309,-0.44554,-0.29912,1.927,-0.47874,-0.59918,1.9784,-0.49005,-0.52619,2.0008,-0.2665,0.09756,1.9442,-0.25014,-0.30384,1.8936,-0.22606,-0.65201,1.8761,-0.21431,-0.68485,1.7923
-0.38433,0.17449,1.9985,-0.38813,0.23908,2.0424,-0.39622,0.59158,2.0361,-0.41898,0.76711,2.0632,-0.55114,0.46538,2.0055,-0.60378,0.24182,1.9771,-0.50304,0.28726,1.7984,-0.5118,0.28195,1.8104,-0.23143,0.4679,2.0203,-0.17183,0.23,1.9998,-0.21723,0.10792,1.8361,-0.23191,0.068468,1.7873,-0.4566,0.10068,1.9794,-0.46766,-0.29409,1.9789,-0.48509,-0.5989,2.0091,-0.4809,-0.63187,1.9245,-0.30802,0.10372,2.0004,-0.28077,-0.33004,1.8985,-0.25505,-0.66043,1.9101,-0.25086,-0.69341,1.8255
-0.4061,0.11388,2.0564,-0.41236,0.17749,2.1004,-0.42039,0.52255,2.0868,-0.44668,0.69659,2.1146,-0.57306,0.40234,2.0451,-0.64187,0.20736,2.1165,-0.53578,0.13248,1.9172,-0.50278,0.17392,1.8807,-0.249,0.39656,2.0749,-0.17197,0.15502,2.0286,-0.20011,-0.0019906,1.8962,-0.23891,-0.016404,1.8196,-0.47967,0.039684,2.0436,-0.47058,-0.34101,1.929,-0.4928,-0.64844,1.926,-0.48319,-0.57544,1.9493,-0.32755,0.042886,2.0542,-0.31072,-0.38494,1.927,-0.27112,-0.70299,2.0067,-0.26306,-0.73635,1.9226
-0.39906,0.22546,2.1805,-0.39961,0.28665,2.2286,-0.42751,0.62633,2.2222,-0.45647,0.7984,2.2413,-0.58923,0.50096,2.1913,-0.68509,0.33672,2.2249,-0.62639,0.46808,2.0748,-0.64026,0.48661,2.0794,-0.23561,0.52252,2.1602,-0.13356,0.34643,2.1195,-0.2924,0.46147,1.9928,-0.32425,0.51134,1.9674,-0.47486,0.14201,2.1722,-0.48807,-0.27212,2.1055,-0.50147,-0.57766,2.0475,-0.50875,-0.61051,1.9632,-0.31208,0.15127,2.1675,-0.30101,-0.30205,2.1078,-0.28516,-0.67111,2.0372,-0.29244,-0.70395,1.9529
-0.4257,0.324,2.3497,-0.42697,0.39155,2.3804,-0.44514,0.73063,2.3492,-0.49521,0.88782,2.3259,-0.61655,0.64106,2.3321,-0.66788,0.44858,2.3078,-0.61056,0.64202,2.2366,-0.58822,0.69665,2.2109,-0.26769,0.62201,2.3107,-0.16262,0.43266,2.3158,-0.29138,0.48352,2.1541,-0.32965,0.52844,2.1202,-0.49927,0.24001,2.3618,-0.49842,-0.25024,2.2348,-0.47241,-0.63796,2.3605,-0.47625,-0.7079,2.3288,-0.34481,0.25046,2.333,-0.33754,-0.22093,2.1953,-0.37658,-0.59602,2.3477,-0.38093,-0.63205,2.2649
-0.42518,0.12946,2.469,-0.42512,0.18853,2.4987,-0.42141,0.49855,2.4872,-0.48969,0.65526,2.4516,-0.58342,0.42463,2.4333,-0.73508,0.48303,2.2947,-0.60991,0.40168,2.1515,-0.56818,0.37456,2.108,-0.33798,0.50666,2.4449,-0.21433,0.27207,2.461,-0.30006,0.12796,2.3173,-0.25728,0.10583,2.2746,-0.49006,0.064982,2.4844,-0.49775,-0.39458,2.4055,-0.4845,-0.78265,2.5334,-0.46783,-0.85734,2.5294,-0.36154,0.072339,2.4433,-0.38819,-0.43551,2.3741,-0.3402,-0.7894,2.4913,-0.36581,-0.85882,2.4714
-0.41676,0.13853,2.5846,-0.42524,0.20383,2.6059,-0.44861,0.54027,2.5863,-0.50235,0.70942,2.5563,-0.56798,0.41137,2.5356,-0.62826,0.22668,2.5469,-0.62238,0.11943,2.7001,-0.62042,0.083674,2.7554,-0.28181,0.46652,2.5741,-0.17569,0.2438,2.5726,-0.26649,0.09523,2.4665,-0.32039,0.061337,2.4072,-0.48491,0.061461,2.5779,-0.47123,-0.4083,2.5999,-0.47421,-0.79091,2.6119,-0.47484,-0.85544,2.5504,-0.33641,0.080101,2.5916,-0.31911,-0.4212,2.5609,-0.32534,-0.77819,2.5345,-0.36075,-0.8544,2.4861
-0.40159,0.12004,2.6758,-0.41223,0.18708,2.6991,-0.42604,0.53942,2.7086,-0.48924,0.70025,2.6811,-0.5745,0.41324,2.6,-0.67779,0.24315,2.6239,-0.65484,0.1084,2.754,-0.64718,0.063478,2.8016,-0.26639,0.44422,2.6971,-0.15875,0.22444,2.6683,-0.17589,0.06563,2.5392,-0.21441,0.031389,2.4689,-0.46929,0.039015,2.6697,-0.44924,-0.4495,2.7513,-0.43503,-0.83928,2.8589,-0.41116,-0.87201,2.7785,-0.32606,0.063184,2.6736,-0.28961,-0.42197,2.675,-0.2993,-0.76027,2.5727,-0.33564,-0.83033,2.5057
-0.40157,0.073757,2.8113,-0.41899,0.1409,2.8333,-0.48793,0.49521,2.8105,-0.50487,0.66279,2.7757,-0.58392,0.34093,2.7475,-0.71788,0.32185,2.5795,-0.6061,0.53628,2.5847,-0.6418,0.58674,2.5658,-0.30032,0.42468,2.8339,-0.17147,0.22658,2.8341,-0.19738,0.085936,2.6694,-0.22564,0.064634,2.6154,-0.45622,-0.0071595,2.7921,-0.43269,-0.48467,2.8269,-0.4234,-0.84396,2.8949,-0.43098,-0.89584,2.8388,-0.32408,0.02063,2.8342,-0.31425,-0.45626,2.7547,-0.29264,-0.75958,2.5934,-0.32231,-0.82099,2.5151
-0.40645,0.093852,2.9075,-0.42419,0.15887,2.9256,-0.48471,0.49574,2.9193,-0.49464,0.65003,2.8746,-0.60013,0.36747,2.8603,-0.71274,0.2101,2.8042,-0.61018,0.45392,2.7724,-0.64585,0.50435,2.7536,-0.28587,0.43391,2.9432,-0.16233,0.22798,2.9283,-0.19318,0.056497,2.8258,-0.22904,0.017633,2.7563,-0.46736,0.0096421,2.8941,-0.44092,-0.45532,2.9166,-0.42052,-0.82342,2.9221,-0.42998,-0.89357,2.863,-0.318,0.034924,2.9128,-0.29281,-0.44268,2.7828,-0.27335,-0.78744,2.8243,-0.27723,-0.87441,2.7895
-0.38525,0.11321,2.9686,-0.39679,0.17149,2.9967,-0.45188,0.4785,2.9892,-0.46221,0.63569,2.9168,-0.61998,0.38413,2.9667,-0.73493,0.22664,2.9498,-0.58337,0.44197,2.9563,-0.61904,0.4924,2.9375,-0.24447,0.4289,2.9758,-0.13165,0.22016,2.9335,-0.19358,0.066321,2.818,-0.24559,0.024734,2.7614,-0.45007,0.016183,2.9698,-0.42824,-0.46077,2.9563,-0.42046,-0.81504,2.932,-0.42487,-0.88895,2.8587,-0.29,0.042106,2.9549,-0.265,-0.46844,2.9456,-0.24496,-0.82371,3.0028,-0.24695,-0.89616,2.9671
-0.35485,0.10659,3.025,-0.36028,0.16385,3.0373,-0.39444,0.44273,3.0017,-0.42739,0.60937,2.9003,-0.56522,0.37449,3.0158,-0.68509,0.2334,3.0504,-0.55683,0.40603,3.038,-0.59253,0.45649,3.0191,-0.21344,0.41916,2.9744,-0.089271,0.19736,2.8868,-0.20085,0.12855,2.7306,-0.21234,0.16745,2.7023,-0.42042,0.013661,3.0425,-0.41912,-0.44671,2.9778,-0.4277,-0.80594,2.9563,-0.44473,-0.87694,2.8922,-0.2665,0.034274,3.0136,-0.24048,-0.45063,2.9973,-0.24176,-0.81608,3.0221,-0.24844,-0.89597,2.9697
-0.34595,0.036191,3.0436,-0.35144,0.10134,3.0382,-0.37531,0.41665,2.9669,-0.40649,0.58102,2.8839,-0.51976,0.28917,2.9428,-0.57956,0.099188,2.998,-0.46617,0.25649,2.9997,-0.50186,0.30693,2.9808,-0.19864,0.33439,2.962,-0.070631,0.13795,2.9205,-0.15648,0.067044,2.7484,-0.16546,0.14241,2.7318,-0.41387,-0.041324,3.0573,-0.41804,-0.47117,2.967,-0.43245,-0.8229,3.0354,-0.44971,-0.90121,2.9895,-0.26828,-0.030191,3.0544,-0.26214,-0.4734,2.9441,-0.24442,-0.82261,3.0185,-0.24655,-0.89721,2.9714
-0.3529,-0.031815,3.0407,-0.3537,0.038385,3.0405,-0.3558,0.3921,3.0307,-0.37021,0.54864,2.9925,-0.5258,0.26159,2.9877,-0.60561,0.07932,2.9478,-0.60103,0.22974,2.8119,-0.60166,0.31523,2.7934,-0.20954,0.26875,3.0039,-0.059406,0.074978,2.9112,-0.13476,0.16339,2.7424,-0.14063,0.24442,2.7101,-0.42581,-0.10716,3.0383,-0.42644,-0.50612,2.9177,-0.42832,-0.831,3.024,-0.4626,-0.91583,3.0166,-0.27904,-0.10047,3.0467,-0.26618,-0.49317,2.8953,-0.24634,-0.82984,2.999,-0.24905,-0.89841,2.9638
-0.32769,0.26282,3.1041,-0.3296,0.3279,3.1273,-0.33016,0.67966,3.1428,-0.36255,0.86231,3.1456,-0.52464,0.54937,3.0854,-0.6881,0.57772,2.9593,-0.5842,0.75338,2.9797,-0.55977,0.82201,3.0282,-0.16804,0.59925,3.1185,0.00021216,0.60104,2.9722,-0.11041,0.75907,2.9356,-0.14642,0.78116,2.9476,-0.40464,0.17538,3.0848,-0.4162,-0.35967,3.1054,-0.41778,-0.78516,3.0005,-0.40579,-0.84653,2.9556,-0.25038,0.18946,3.104,-0.25156,-0.34675,3.0949,-0.25242,-0.76829,2.9965,-0.2458,-0.80111,2.9124
-0.33947,0.3253,3.1679,-0.34226,0.38508,3.2071,-0.34427,0.72493,3.2218,-0.34924,0.92165,3.2545,-0.51456,0.65806,3.1782,-0.6633,0.66136,2.9871,-0.53811,0.80034,3.0262,-0.50125,0.843,3.0581,-0.17908,0.66109,3.1992,0.0013604,0.61365,3.0647,-0.13794,0.8084,3.0486,-0.1729,0.86017,3.0657,-0.40975,0.24718,3.1472,-0.40878,-0.29035,3.1384,-0.40245,-0.82295,3.137,-0.39305,-0.89293,3.106,-0.26699,0.25677,3.1635,-0.25087,-0.2801,3.1293,-0.2856,-0.69268,3.1699,-0.28011,-0.72438,3.0851
-0.34018,0.026954,3.1833,-0.34487,0.090352,3.2324,-0.36157,0.44443,3.2592,-0.42367,0.58368,3.1977,-0.51509,0.3476,3.2018,-0.62021,0.24244,3.0517,-0.53558,0.41389,3.0068,-0.50065,0.46266,3.0309,-0.20791,0.30341,3.2116,0.012119,0.18377,3.1245,-0.12012,0.32319,3.0479,-0.1607,0.37941,3.053,-0.40945,-0.032467,3.1596,-0.39223,-0.49142,3.0763,-0.41853,-0.85052,3.1824,-0.41238,-0.9239,3.1605,-0.26619,-0.03988,3.1776,-0.23144,-0.48681,3.0966,-0.26046,-0.8354,3.2396,-0.25873,-0.91648,3.1944
-0.32284,0.067234,3.212,-0.33205,0.13071,3.2627,-0.32683,0.49819,3.2828,-0.34795,0.67436,3.2941,-0.49839,0.37468,3.2157,-0.57746,0.16656,3.2357,-0.47606,0.13628,3.0497,-0.46631,0.17462,2.9985,-0.17278,0.3762,3.2795,-0.095798,0.15991,3.2991,-0.1141,0.005954,3.1697,-0.15181,0.021559,3.0625,-0.39374,-0.0071288,3.1797,-0.3919,-0.47838,3.1583,-0.41891,-0.83891,3.2028,-0.41367,-0.91392,3.1644,-0.24919,-0.0047518,3.2165,-0.24052,-0.48928,3.1805,-0.26684,-0.82431,3.261,-0.26058,-0.91228,3.2063
-0.29962,0.060538,3.2485,-0.3092,0.1228,3.2962,-0.29583,0.45523,3.2903,-0.34904,0.68047,3.2849,-0.49737,0.37741,3.2017,-0.57619,0.15086,3.163,-0.4342,0.18034,3.0208,-0.4345,0.18769,3.0137,-0.18098,0.39064,3.2753,-0.076947,0.16588,3.3039,-0.096679,0.028481,3.155,-0.12092,0.0071024,3.0738,-0.37024,-0.023994,3.2117,-0.39806,-0.48602,3.2133,-0.42102,-0.82481,3.2309,-0.41281,-0.90675,3.167,-0.22836,-0.0073281,3.2676,-0.21652,-0.47798,3.2264,-0.23057,-0.82483,3.2924,-0.20505,-0.90648,3.2574
-0.2498,0.08271,3.2666,-0.26646,0.14814,3.3117,-0.25533,0.50688,3.3004,-0.26755,0.69626,3.3065,-0.41557,0.38601,3.2116,-0.49461,0.16511,3.1583,-0.31037,0.32567,3.0477,-0.25317,0.37991,3.0321,-0.10446,0.39221,3.3275,-0.018504,0.1822,3.3337,-0.03294,0.029224,3.2016,-0.056057,0.061667,3.1005,-0.32077,0.0016991,3.2265,-0.37296,-0.47133,3.2374,-0.41981,-0.81718,3.2436,-0.4135,-0.89577,3.1747,-0.17714,0.006732,3.2893,-0.10249,-0.47626,3.2668,-0.069038,-0.82246,3.3558,-0.017273,-0.89548,3.3014
-0.12928,0.072656,3.2861,-0.14316,0.13745,3.3343,-0.12184,0.49333,3.3297,-0.14267,0.6782,3.3392,-0.30454,0.38492,3.244,-0.37238,0.15613,3.1839,-0.19477,0.28282,3.0607,-0.14858,0.33841,3.0457,0.011389,0.37208,3.3489,0.10231,0.17531,3.3666,0.085058,0.085915,3.1819,0.079311,0.056144,3.1246,-0.20486,-0.011486,3.2293,-0.2881,-0.48039,3.2311,-0.40493,-0.82623,3.2402,-0.40989,-0.90366,3.1693,-0.05449,-0.0099725,3.3205,-0.029554,-0.47426,3.3051,-0.016094,-0.82685,3.3519,0.018089,-0.9142,3.3066
-0.050184,0.085019,3.3006,-0.061229,0.15595,3.3353,-0.0024331,0.50796,3.3004,-0.0024081,0.69005,3.3244,-0.1791,0.39556,3.222,-0.29305,0.18326,3.1926,-0.16295,0.23208,3.0436,-0.13374,0.26643,2.997,0.13511,0.39118,3.3673,0.17766,0.18252,3.3832,0.24715,0.12326,3.1987,0.26812,0.1309,3.1378,-0.12556,0.01605,3.2716,-0.15443,-0.47876,3.2244,-0.23125,-0.8455,3.2707,-0.18696,-0.89701,3.2119,0.015574,0.0040143,3.3218,0.010034,-0.46789,3.3225,-0.0043347,-0.83012,3.3668,0.018349,-0.91648,3.3109
0.015874,-0.0020094,3.302,0.021604,0.067472,3.3056,0.1153,0.37606,3.2279,0.10475,0.54619,3.2335,-0.08282,0.30108,3.1542,-0.23024,0.085631,3.163,-0.082184,-0.010299,3.0682,-0.041333,0.021042,3.0287,0.22423,0.27136,3.3356,0.25348,0.084691,3.443,0.26718,-0.047924,3.2848,0.30866,-0.056302,3.2355,-0.068897,-0.073975,3.2788,-0.0066038,-0.52763,3.2187,-0.1113,-0.84028,3.2563,-0.069919,-0.91408,3.2446,0.065393,-0.07998,3.3467,0.075991,-0.49788,3.2602,-0.020031,-0.87275,3.3327,0.02455,-0.92586,3.2973
0.077338,-0.050188,3.2554,0.079935,0.011768,3.2527,0.12745,0.29792,3.2002,0.16444,0.4775,3.227,-0.0045996,0.19193,3.1109,-0.053796,-0.015404,2.9919,0.096322,0.088627,2.9115,0.14172,0.1451,2.907,0.29087,0.16822,3.3339,0.28851,-0.039657,3.3321,0.43164,-0.06102,3.1122,0.46362,-0.018908,3.0539,0.006996,-0.14308,3.2022,0.053922,-0.56183,3.1446,-0.097229,-0.82663,3.2307,-0.055436,-0.91576,3.2455,0.11642,-0.15516,3.3335,0.15721,-0.57352,3.1918,-0.018359,-0.87168,3.3075,0.018301,-0.93701,3.2868
0.20209,0.21432,3.2125,0.19914,0.27827,3.2245,0.23625,0.59998,3.2494,0.20275,0.80248,3.2587,0.11438,0.53862,3.0189,0.023925,0.5024,2.8255,0.14468,0.63813,2.8822,0.18128,0.70382,2.9277,0.38569,0.54366,3.2966,0.5774,0.5223,3.2465,0.44077,0.68509,3.179,0.39244,0.74361,3.2044,0.13517,0.13607,3.1546,0.030581,-0.38864,3.1957,-0.064526,-0.82793,3.1853,-0.016493,-0.8878,3.1735,0.25519,0.13649,3.2503,0.1893,-0.39677,3.2591,0.083314,-0.79985,3.2858,0.090801,-0.89703,3.2513
0.28632,0.32196,3.1511,0.28396,0.38237,3.1585,0.31704,0.68771,3.137,0.26792,0.91366,3.2127,0.15745,0.72455,2.9932,0.1586,0.58001,2.8383,0.20345,0.76794,2.846,0.24006,0.83364,2.8914,0.46655,0.67708,3.1748,0.70357,0.61857,3.1674,0.53798,0.82162,3.1334,0.49982,0.84502,3.1276,0.2224,0.25073,3.137,0.21994,-0.28734,3.1494,0.16813,-0.76944,3.1167,0.18973,-0.84106,3.0633,0.34402,0.2543,3.1634,0.29893,-0.28159,3.1814,0.27561,-0.7907,3.1465,0.25641,-0.85111,3.1016
0.40216,0.17013,3.0549,0.39924,0.23015,3.0654,0.404,0.53341,3.058,0.39042,0.71743,3.1245,0.25551,0.46008,2.9996,0.21223,0.22039,2.876,0.32457,0.34052,2.9664,0.36122,0.40629,3.012,0.64898,0.40608,3.0984,0.71966,0.16519,3.0697,0.73323,0.2778,2.8993,0.7146,0.35777,2.8677,0.3249,0.085689,3.0313,0.32832,-0.45263,2.9811,0.29246,-0.83521,3.0456,0.3237,-0.90625,3.0434,0.47849,0.070356,3.0705,0.50963,-0.46746,3.0266,0.48495,-0.83061,3.0991,0.49358,-0.90135,3.0683
0.4997,0.043807,2.9997,0.50537,0.11081,3.0003,0.54808,0.44449,2.9628,0.55284,0.61467,2.9657,0.37138,0.34583,2.9332,0.26521,0.12442,2.9804,0.4082,0.11593,2.8313,0.43074,0.12936,2.7717,0.69838,0.32148,3.0047,0.73239,0.097404,3.043,0.70787,-0.086334,2.9721,0.69757,-0.1177,2.8655,0.41862,-0.02874,2.9856,0.44031,-0.47486,2.9154,0.38497,-0.84017,3.0374,0.40891,-0.91197,3.0198,0.56604,-0.037685,3.0209,0.54782,-0.44165,2.9663,0.48829,-0.83325,3.0828,0.48057,-0.90659,3.0583
0.55454,0.11668,2.9058,0.56348,0.18338,2.9116,0.61216,0.51735,2.9095,0.58409,0.69565,2.9187,0.41378,0.42144,2.8712,0.32328,0.20897,2.8659,0.42907,0.21545,2.6903,0.44577,0.23214,2.6292,0.7452,0.39067,2.9077,0.80878,0.17334,2.906,0.7573,0.026152,2.7773,0.74859,0.011703,2.6761,0.46996,0.050296,2.8948,0.52362,-0.437,2.8536,0.55246,-0.78453,2.7673,0.59705,-0.85216,2.7004,0.6173,0.033826,2.9084,0.56706,-0.40561,2.8823,0.50844,-0.77589,3.0488,0.51791,-0.81228,2.9656
0.61018,0.10322,2.7831,0.60981,0.16851,2.8128,0.62438,0.51839,2.8293,0.6175,0.68921,2.8402,0.44446,0.3927,2.8027,0.37106,0.16118,2.7613,0.45145,0.22492,2.5835,0.44765,0.23699,2.579,0.78661,0.38146,2.8308,0.84787,0.19037,2.801,0.82997,0.08118,2.6285,0.84551,0.10738,2.579,0.53259,0.023659,2.7642,0.62756,-0.44072,2.7332,0.60603,-0.79569,2.7571,0.62386,-0.86289,2.7002,0.68282,0.027742,2.7816,0.71678,-0.38644,2.7336,0.60147,-0.71936,2.9397,0.60906,-0.75196,2.8549
0.64891,0.14482,2.7019,0.64653,0.21012,2.7344,0.67762,0.55354,2.7237,0.65568,0.72251,2.7303,0.50124,0.44676,2.6886,0.3784,0.24861,2.7436,0.47174,0.12143,2.6174,0.50214,0.13521,2.5611,0.84623,0.43181,2.7587,0.93209,0.25834,2.8326,0.93063,0.12441,2.679,0.92351,0.1359,2.6483,0.56879,0.0702,2.6838,0.60094,-0.43931,2.6821,0.61318,-0.7895,2.7377,0.63242,-0.86544,2.7033,0.72009,0.061946,2.7082,0.76154,-0.43325,2.6697,0.78663,-0.78578,2.722,0.80134,-0.85946,2.6489
0.70462,-0.02342,2.6189,0.70527,0.046059,2.6269,0.73416,0.38307,2.5793,0.69569,0.55651,2.5854,0.54539,0.26367,2.5403,0.46769,0.045722,2.6376,0.52645,-0.036654,2.4523,0.53198,-0.041162,2.3871,0.88048,0.26424,2.6239,0.97213,0.050486,2.7143,0.94695,-0.12876,2.6297,0.94863,-0.13468,2.544,0.6242,-0.10271,2.6096,0.64512,-0.49489,2.533,0.61391,-0.80018,2.6753,0.6255,-0.87659,2.6747,0.77352,-0.097719,2.6379,0.79264,-0.48616,2.541,0.81023,-0.79872,2.6516,0.80826,-0.8721,2.6275
0.71428,0.17218,2.5392,0.71692,0.24148,2.5482,0.74264,0.58974,2.5431,0.71076,0.75975,2.5688,0.51303,0.48778,2.4531,0.45255,0.3042,2.3257,0.57398,0.48476,2.2823,0.59943,0.55112,2.2828,0.88573,0.4619,2.5236,0.95094,0.32041,2.3668,0.90194,0.49318,2.2788,0.87839,0.57895,2.2838,0.62233,0.086289,2.5186,0.61256,-0.41017,2.5604,0.61749,-0.79462,2.6694,0.63302,-0.83074,2.5875,0.7946,0.086775,2.5528,0.81933,-0.3967,2.5717,0.81242,-0.78835,2.6425,0.80289,-0.86126,2.6189
0.68939,0.33245,2.4483,0.6841,0.40675,2.4617,0.68004,0.76919,2.4364,0.71147,0.94794,2.5202,0.54377,0.68913,2.3553,0.44649,0.56064,2.2216,0.54998,0.72353,2.2311,0.56325,0.77071,2.229,0.84634,0.67547,2.4309,0.9854,0.6007,2.2925,0.87954,0.7636,2.2814,0.84731,0.83271,2.3273,0.624,0.26157,2.452,0.64168,-0.27421,2.4921,0.67999,-0.68713,2.547,0.69988,-0.72402,2.4663,0.75194,0.26534,2.441,0.77448,-0.27139,2.4682,0.75808,-0.68305,2.5514,0.74638,-0.7655,2.5241
0.67582,0.28976,2.3375,0.68101,0.35781,2.3618,0.69206,0.70874,2.3641,0.67406,0.91014,2.4047,0.4922,0.6522,2.3456,0.44915,0.39882,2.2666,0.50894,0.54343,2.139,0.53095,0.60148,2.146,0.83104,0.58748,2.3064,0.95225,0.40516,2.2359,0.8652,0.5154,2.0892,0.86153,0.57207,2.1015,0.60104,0.22229,2.3373,0.62354,-0.31669,2.3078,0.63408,-0.73786,2.2335,0.62753,-0.80375,2.1877,0.74478,0.20982,2.3301,0.77151,-0.32793,2.2799,0.75612,-0.72409,2.19,0.74613,-0.79712,2.1189
0.66238,0.087216,2.1791,0.66613,0.15025,2.2017,0.68742,0.47394,2.1768,0.67281,0.64315,2.1802,0.51522,0.41321,2.1743,0.4673,0.17634,2.2131,0.53783,0.099705,2.0163,0.55622,0.10986,1.9541,0.84674,0.33751,2.182,0.9253,0.127,2.2498,0.89025,-0.030737,2.129,0.86659,-0.073777,2.0549,0.58194,0.019532,2.176,0.61266,-0.42074,2.1074,0.62976,-0.75954,2.2353,0.63452,-0.83438,2.2174,0.73039,0.0028683,2.1753,0.7323,-0.41266,2.0636,0.75461,-0.74942,2.1318,0.73465,-0.82408,2.122
0.65293,0.18129,2.0975,0.65386,0.24823,2.1078,0.65231,0.58173,2.0788,0.65133,0.75332,2.0932,0.5036,0.50617,2.0863,0.42646,0.29042,2.1286,0.51528,0.28342,1.9153,0.54027,0.27742,1.8548,0.82625,0.45567,2.0725,0.90576,0.27333,2.1103,0.84314,0.17157,1.9442,0.82152,0.13644,1.8913,0.57932,0.11064,2.1019,0.58865,-0.3351,2.0102,0.5679,-0.67481,1.984,0.56474,-0.71247,1.9018,0.72612,0.10347,2.0963,0.7591,-0.37839,2.0858,0.75929,-0.74801,2.1371,0.74883,-0.81888,2.109
0.62303,0.14428,1.9932,0.62641,0.21281,2.0155,0.63774,0.56843,2.0269,0.61863,0.73726,2.0316,0.45662,0.46017,2.0198,0.38941,0.23174,2.0081,0.45393,0.25378,1.8134,0.45525,0.2583,1.8157,0.78659,0.43598,2.0035,0.86373,0.26263,2.0199,0.81257,0.12499,1.8799,0.80196,0.15641,1.7923,0.54468,0.069587,1.9842,0.56848,-0.35754,1.9029,0.52876,-0.66663,1.863,0.52591,-0.69981,1.779,0.69545,0.070946,1.9856,0.71636,-0.38952,1.9617,0.74436,-0.74542,2.1063,0.7528,-0.81837,2.0836
0.59497,0.16666,1.9318,0.59431,0.23103,1.9677,0.5895,0.57771,1.9681,0.58736,0.74732,1.9725,0.39951,0.48404,1.9598,0.36545,0.27906,1.8025,0.47301,0.41137,1.6968,0.50625,0.46271,1.6732,0.76241,0.43824,1.9537,0.85603,0.26812,1.9289,0.72601,0.21535,1.7055,0.68267,0.19776,1.6353,0.51415,0.087571,1.9108,0.53781,-0.35064,1.8703,0.52363,-0.66197,1.8535,0.52398,-0.69488,1.7693,0.67456,0.086604,1.9302,0.68539,-0.33942,1.8397,0.70202,-0.68711,1.9093,0.70237,-0.72001,1.8251
0.58371,0.17617,1.8909,0.58776,0.23909,1.9198,0.60707,0.54872,1.8861,0.55051,0.69881,1.8592,0.39222,0.53177,1.902,0.39742,0.40879,1.6834,0.48439,0.58248,1.6721,0.51364,0.63819,1.6537,0.75406,0.44088,1.8889,0.83811,0.26605,1.8535,0.72602,0.2088,1.6922,0.72727,0.21431,1.6724,0.49519,0.095381,1.883,0.53034,-0.34895,1.8355,0.52528,-0.65855,1.8421,0.52328,-0.69469,1.7592,0.66481,0.090071,1.8891,0.67551,-0.33871,1.8168,0.69665,-0.65396,1.8262,0.69465,-0.6901,1.7433
0.58573,0.075728,1.8172,0.59296,0.1394,1.8222,0.61374,0.45356,1.7678,0.60127,0.62308,1.773,0.40171,0.40708,1.832,0.4045,0.30711,1.5822,0.4745,0.48646,1.5942,0.50368,0.54203,1.5758,0.76699,0.30064,1.7832,0.85557,0.12905,1.7779,0.78935,0.0023996,1.6259,0.76141,0.037151,1.5781,0.48485,-0.00078759,1.8221,0.52657,-0.38731,1.7232,0.52055,-0.79118,1.8135,0.50694,-0.83381,1.7413,0.67354,-0.017396,1.8306,0.66119,-0.39792,1.7012,0.73053,-0.79681,1.7881,0.72386,-0.83238,1.7203
0.5721,-0.0015232,1.7884,0.57314,0.05905,1.7855,0.58798,0.35855,1.7335,0.59577,0.52292,1.72,0.41952,0.38515,1.6256,0.34528,0.22097,1.5304,0.44722,0.39888,1.5588,0.4763,0.45428,1.5405,0.75291,0.20267,1.7278,0.81709,0.02769,1.6513,0.77571,0.039021,1.45,0.74684,0.093225,1.3867,0.48895,-0.068941,1.797,0.57943,-0.43259,1.6519,0.49351,-0.76041,1.8337,0.51175,-0.80255,1.7558,0.65042,-0.089837,1.8002,0.64884,-0.40092,1.6589,0.71807,-0.76382,1.8475,0.73631,-0.80595,1.7697
0.54532,0.1754,1.7575,0.54739,0.23814,1.7548,0.55984,0.55223,1.7296,0.59292,0.71355,1.718,0.4122,0.5248,1.679,0.26247,0.51151,1.5337,0.43585,0.58678,1.4844,0.46481,0.64195,1.4662,0.71199,0.45096,1.7039,0.85381,0.45565,1.5487,0.73582,0.60125,1.492,0.69724,0.63888,1.4558,0.46672,0.11222,1.7648,0.4932,-0.30521,1.7387,0.51907,-0.63304,1.7765,0.52518,-0.67167,1.6951,0.61845,0.10376,1.7554,0.68226,-0.28883,1.721,0.69682,-0.62614,1.7555,0.70293,-0.66477,1.6742
0.52009,0.29193,1.7232,0.50512,0.34547,1.7148,0.43246,0.59236,1.6723,0.4672,0.75203,1.6567,0.37775,0.62164,1.7351,0.20933,0.64596,1.6214,0.016047,0.67388,1.5068,-0.040842,0.6821,1.4768,0.62035,0.60102,1.6737,0.79143,0.67691,1.691,0.98777,0.76401,1.7269,1.0456,0.78965,1.7412,0.46631,0.22782,1.7426,0.47583,-0.2435,1.7495,0.48871,-0.63645,1.8094,0.49864,-0.70816,1.7846,0.59868,0.23339,1.7136,0.62925,-0.21597,1.7084,0.59194,-0.59653,1.7469,0.57253,-0.64202,1.6717
0.48746,0.23443,1.6742,0.48465,0.31272,1.6884,0.48138,0.66473,1.7073,0.51609,0.82425,1.6917,0.39224,0.56186,1.6285,0.2021,0.3904,1.5644,0.26805,0.56757,1.5216,0.29691,0.62254,1.5034,0.63552,0.58237,1.6424,0.74833,0.51184,1.4798,0.87793,0.43082,1.3089,0.91605,0.40699,1.2624,0.4271,0.18695,1.6847,0.40306,-0.26243,1.6229,0.38905,-0.56895,1.6283,0.3934,-0.60199,1.5448,0.54763,0.1785,1.6569,0.57151,-0.25179,1.6201,0.56471,-0.55961,1.6119,0.56905,-0.59265,1.5284
0.44308,0.11096,1.6424,0.44944,0.17831,1.6729,0.45338,0.53655,1.6958,0.45706,0.70837,1.7316,0.2895,0.42497,1.6809,0.24302,0.19946,1.6018,0.28639,0.35335,1.4839,0.28209,0.41598,1.4905,0.61667,0.40317,1.6267,0.60566,0.21556,1.5056,0.50689,0.34583,1.3934,0.47396,0.38925,1.3603,0.35837,0.038447,1.6375,0.37743,-0.35147,1.5591,0.35753,-0.74422,1.6689,0.34435,-0.77849,1.5927,0.52363,0.033346,1.6247,0.50954,-0.35695,1.5473,0.55258,-0.75019,1.6501,0.54481,-0.78135,1.5808
0.4446,0.15278,1.6517,0.45208,0.22355,1.6896,0.44679,0.59937,1.686,0.4596,0.77082,1.7184,0.30799,0.47005,1.6555,0.17033,0.30825,1.6372,0.18227,0.43613,1.4827,0.18261,0.49998,1.5333,0.56125,0.45113,1.6005,0.66041,0.31946,1.4783,0.50969,0.41305,1.394,0.50905,0.44754,1.3916,0.37317,0.088387,1.6593,0.37856,-0.30682,1.6535,0.36958,-0.71691,1.6887,0.35311,-0.76493,1.6095,0.51563,0.089373,1.6316,0.5278,-0.30556,1.631,0.54616,-0.71723,1.6514,0.53136,-0.76544,1.5743
0.44887,0.1836,1.6507,0.46592,0.24442,1.6948,0.48406,0.59179,1.6966,0.47149,0.76345,1.7368,0.30238,0.49775,1.7119,0.13908,0.33962,1.6608,0.14661,0.5078,1.5579,0.1685,0.5498,1.5693,0.59387,0.44209,1.6144,0.66449,0.38436,1.4216,0.55035,0.53347,1.374,0.51231,0.58317,1.3623,0.37131,0.11603,1.6636,0.3787,-0.29269,1.6625,0.36847,-0.70276,1.6916,0.34558,-0.73579,1.611,0.51442,0.11101,1.6176,0.52822,-0.28236,1.6355,0.54395,-0.69281,1.6602,0.52176,-0.74005,1.5825
0.4532,0.18467,1.6569,0.47282,0.24534,1.7025,0.49929,0.59082,1.7,0.48617,0.76256,1.7406,0.30723,0.49901,1.7177,0.16035,0.35155,1.6752,0.18062,0.53541,1.6044,0.18411,0.56503,1.6028,0.61025,0.43866,1.6162,0.69764,0.39118,1.4285,0.58539,0.54311,1.3898,0.54797,0.59376,1.3812,0.3718,0.11777,1.6711,0.37526,-0.29555,1.6567,0.36665,-0.70056,1.688,0.34389,-0.73241,1.6072,0.51938,0.10673,1.6255,0.53401,-0.286,1.6436,0.54516,-0.69652,1.6627,0.52278,-0.74392,1.5836
