2018,2,8,14,0,45.839,39,0,0,0,1,0,0,0,0,0,1,0,0,0,0,0,0,0,0,0,0,0,0,0,0,0,0,0,0,0,0,0,0,0,0,0,0,0,0,0,0,0,0,0,0,0,0,0,0,0,0,0,0,0,0,0,0,0,0,0,0,0,0,0,0,0,0,0,0,0,0,0,0,0,0,0,0,0,0,0,0,0,0,0,0,0,0,0,0,0,0,0,0,0,0,0,0,0,0,0,0,0,0,0,0,0,0,0,0,0,0,0,0,0,0,0,0,0,0,0,0,0,0,0,0,0,0,0,0,0,0,0,0,223,239,223,214,226,95,256,12,152,128,81,220,56,322,56,351,299,114,343,224,339,321,340,351,191,270,102,310,208,400,231,403,253,270,309,324,188,398,221,404,0,0,0,0,0,0,0,0,0,0,0,0,0,0,0,0,0,0,0,0,0,0,0,0,0,0,0,0,0,0,0,0,0,0,0,0,0,0,0,0,0,0,0,0,0,0,0,0,0,0,0,0,0,0,0,0,0,0,0,0,0,0,0,0,0,0,0,0,0,0,0,0,0,0,0,0,0,0,0,0,0,0,0,0,0,0,0,0,0,0,0,0,0,0,0,0,0,0,0,0,0,0,0,0,0,0,0,0,0,0,0,0,0,0,0,0,0,0,0,0,0,0,0,0,0,0,0,0,0,0,0,0,0,0,0,0,0,0,0,0,0,0,0,0,0,0,0,0,0,0,0,0,0,0,0,0,0,0,0,0,0,0,0,0,0,0,0,0,0,0,0,0,0,0,0,0,0,0,0,0,0,0,0,0,0,0,0,0,0,0,0,0,0,0,0,0,0,0,0,0,233,236,233,214,235,108,262,34,171,138,106,219,84,310,85,335,300,125,339,222,335,308,336,334,205,263,123,299,219,378,238,380,260,263,306,310,201,376,229,381,0,0,0,0,0,0,0,0,0,0,0,0,0,0,0,0,0,0,0,0,0,0,0,0,0,0,0,0,0,0,0,0,0,0,0,0,0,0,0,0,0,0,0,0,0,0,0,0,0,0,0,0,0,0,0,0,0,0,0,0,0,0,0,0,0,0,0,0,0,0,0,0,0,0,0,0,0,0,0,0,0,0,0,2,0,0,0,0,0,2,0,0,0,0,0,2,0,0,0,0,0,2,0,0,0,0,0,2,0,0,0,0,0,1,0,0,0,0,0,1,0,0,0,0,0,1,0,0,0,0,0,2,0,0,0,0,0,2,0,0,0,0,0,2,0,0,0,0,0,2,0,0,0,0,0,2,0,0,0,0,0,2,0,0,0,0,0,2,0,0,0,0,0,1,0,0,0,0,0,2,0,0,0,0,0,2,0,0,0,0,0,1,0,0,0,0,0,2,0,0,0,0,0,0,0,0,0,0,0,0,0,0,0,0,0,0,0,0,0,0,0,0,0,0,0,0,0,0,0,0,0,0,0,0,0,0,0,0,0,0,0,0,0,0,0,0,0,0,0,0,0,0,0,0,0,0,0,0,0,0,0,0,0,0,0,0,0,0,0,0,0,0,0,0,0,0,0,0,0,0,0,0,0,0,0,0,0,0,0,0,0,0,0,0,0,0,0,0,0,0,0,0,0,0,0,0,0,0,0,0,0,0,0,0,0,0,0,0,0,0,0,0,0,0,0,0,0,0,0,0,0,0,0,0,0,0,0,0,0,0,0,0,0,0,0,0,0,0,0,0,0,0,0,0,0,0,0,0,0,0,0,0,0,0,0,0,0,0,0,0,0,0,0,0,0,0,0,0,0,0,-0.19125,0.0019282,1.1254,-0.19198,0.050704,1.1296,-0.17717,0.27157,1.0731,-0.11964,0.42768,1.0712,-0.31248,0.20954,1.0648,-0.49569,0.041157,1.1871,-0.57776,-0.17958,1.2489,-0.57546,-0.24134,1.2453,-0.040665,0.24533,1.1115,0.049763,0.035058,1.2272,0.040987,-0.17561,1.2377,0.042741,-0.23502,1.206,-0.25265,-0.058549,1.1215,-0.56372,-0.18088,1.48,-0.27292,-0.38909,1.3925,-0.22409,-0.41052,1.4375,-0.13461,-0.059863,1.145,-0.028904,-0.22952,1.5618,-0.31955,-0.38471,1.3872,-0.24706,-0.40877,1.4203,0,0,0,0,0,0,0,0,0,0,0,0,0,0,0,0,0,0,0,0,0,0,0,0,0,0,0,0,0,0,0,0,0,0,0,0,0,0,0,0,0,0,0,0,0,0,0,0,0,0,0,0,0,0,0,0,0,0,0,0,0,0,0,0,0,0,0,0,0,0,0,0,0,0,0,0,0,0,0,0,0,0,0,0,0,0,0,0,0,0,0,0,0,0,0,0,0,0,0,0,0,0,0,0,0,0,0,0,0,0,0,0,0,0,0,0,0,0,0,0,0,0,0,0,0,0,209,237,0,0,0,0,0,0,0,0,0,0,221,234,0,0,0,0,0,0,0,0,0,0,0,0,0,-0.21335,0.0053372,1.0961,0,0,0,0,0,0,1,0,0,0,23,0,0,39
2018,2,8,14,0,48.541,40,0,0,0,1,0,0,0,0,0,1,0,0,0,0,0,0,0,0,0,0,0,0,0,0,0,0,0,0,0,0,0,0,0,0,0,0,0,0,0,0,0,0,0,0,0,0,0,0,0,0,0,0,0,0,0,0,0,0,0,0,0,0,0,0,0,0,0,0,0,0,0,0,0,0,0,0,0,0,0,0,0,0,0,0,0,0,0,0,0,0,0,0,0,0,0,0,0,0,0,0,0,0,0,0,0,0,0,0,0,0,0,0,0,0,0,0,0,0,0,0,0,0,0,0,0,0,0,0,0,0,0,0,211,304,212,282,215,170,214,99,143,208,54,242,39,326,39,354,277,209,347,257,338,342,336,363,178,335,109,375,42,502,26,526,242,334,296,367,375,409,341,408,0,0,0,0,0,0,0,0,0,0,0,0,0,0,0,0,0,0,0,0,0,0,0,0,0,0,0,0,0,0,0,0,0,0,0,0,0,0,0,0,0,0,0,0,0,0,0,0,0,0,0,0,0,0,0,0,0,0,0,0,0,0,0,0,0,0,0,0,0,0,0,0,0,0,0,0,0,0,0,0,0,0,0,0,0,0,0,0,0,0,0,0,0,0,0,0,0,0,0,0,0,0,0,0,0,0,0,0,0,0,0,0,0,0,0,0,0,0,0,0,0,0,0,0,0,0,0,0,0,0,0,0,0,0,0,0,0,0,0,0,0,0,0,0,0,0,0,0,0,0,0,0,0,0,0,0,0,0,0,0,0,0,0,0,0,0,0,0,0,0,0,0,0,0,0,0,0,0,0,0,0,0,0,0,0,0,0,0,0,0,0,0,0,0,0,0,0,0,0,0,222,293,223,274,225,175,224,112,161,209,81,239,69,313,70,338,280,209,341,251,334,326,333,345,193,321,131,356,74,468,60,489,250,320,295,348,365,385,335,384,0,0,0,0,0,0,0,0,0,0,0,0,0,0,0,0,0,0,0,0,0,0,0,0,0,0,0,0,0,0,0,0,0,0,0,0,0,0,0,0,0,0,0,0,0,0,0,0,0,0,0,0,0,0,0,0,0,0,0,0,0,0,0,0,0,0,0,0,0,0,0,0,0,0,0,0,0,0,0,0,0,0,0,2,0,0,0,0,0,2,0,0,0,0,0,2,0,0,0,0,0,2,0,0,0,0,0,2,0,0,0,0,0,1,0,0,0,0,0,1,0,0,0,0,0,1,0,0,0,0,0,2,0,0,0,0,0,2,0,0,0,0,0,2,0,0,0,0,0,2,0,0,0,0,0,2,0,0,0,0,0,2,0,0,0,0,0,1,0,0,0,0,0,1,0,0,0,0,0,2,0,0,0,0,0,2,0,0,0,0,0,1,0,0,0,0,0,1,0,0,0,0,0,0,0,0,0,0,0,0,0,0,0,0,0,0,0,0,0,0,0,0,0,0,0,0,0,0,0,0,0,0,0,0,0,0,0,0,0,0,0,0,0,0,0,0,0,0,0,0,0,0,0,0,0,0,0,0,0,0,0,0,0,0,0,0,0,0,0,0,0,0,0,0,0,0,0,0,0,0,0,0,0,0,0,0,0,0,0,0,0,0,0,0,0,0,0,0,0,0,0,0,0,0,0,0,0,0,0,0,0,0,0,0,0,0,0,0,0,0,0,0,0,0,0,0,0,0,0,0,0,0,0,0,0,0,0,0,0,0,0,0,0,0,0,0,0,0,0,0,0,0,0,0,0,0,0,0,0,0,0,0,0,0,0,0,0,0,0,0,0,0,0,0,0,0,0,0,0,0,-0.2299,-0.13498,1.2099,-0.23609,-0.091947,1.2477,-0.22864,0.15155,1.2402,-0.23191,0.30736,1.2494,-0.37617,0.068148,1.215,-0.60087,-0.0041592,1.2894,-0.61342,-0.18842,1.2467,-0.60029,-0.2445,1.2204,-0.09486,0.069392,1.2677,0.064637,-0.041078,1.3613,0.039234,-0.21948,1.2302,0.033151,-0.2559,1.1892,-0.29424,-0.19816,1.186,-0.51576,-0.32835,1.3931,-0.60628,-0.57099,1.2441,-0.59979,-0.5819,1.1641,-0.16618,-0.20041,1.2157,-0.064851,-0.33774,1.523,0.14685,-0.45115,1.5235,0.055936,-0.44365,1.5047,0,0,0,0,0,0,0,0,0,0,0,0,0,0,0,0,0,0,0,0,0,0,0,0,0,0,0,0,0,0,0,0,0,0,0,0,0,0,0,0,0,0,0,0,0,0,0,0,0,0,0,0,0,0,0,0,0,0,0,0,0,0,0,0,0,0,0,0,0,0,0,0,0,0,0,0,0,0,0,0,0,0,0,0,0,0,0,0,0,0,0,0,0,0,0,0,0,0,0,0,0,0,0,0,0,0,0,0,0,0,0,0,0,0,0,0,0,0,0,0,0,0,0,0,0,0,199,274,0,0,0,0,0,0,0,0,0,0,211,267,0,0,0,0,0,0,0,0,0,0,0,0,0,-0.25883,-0.071825,1.2188,0,0,0,0,0,0,1,0,0,0,23,0,0,40
2018,2,8,14,0,50.01,41,0,0,0,1,0,0,0,0,0,1,0,0,0,0,0,0,0,0,0,0,0,0,0,0,0,0,0,0,0,0,0,0,0,0,0,0,0,0,0,0,0,0,0,0,0,0,0,0,0,0,0,0,0,0,0,0,0,0,0,0,0,0,0,0,0,0,0,0,0,0,0,0,0,0,0,0,0,0,0,0,0,0,0,0,0,0,0,0,0,0,0,0,0,0,0,0,0,0,0,0,0,0,0,0,0,0,0,0,0,0,0,0,0,0,0,0,0,0,0,0,0,0,0,0,0,0,0,0,0,0,0,0,211,304,212,283,214,171,213,100,143,208,57,242,37,327,38,358,277,209,346,257,339,338,336,361,178,336,107,377,35,492,17,517,242,335,295,366,372,408,339,408,0,0,0,0,0,0,0,0,0,0,0,0,0,0,0,0,0,0,0,0,0,0,0,0,0,0,0,0,0,0,0,0,0,0,0,0,0,0,0,0,0,0,0,0,0,0,0,0,0,0,0,0,0,0,0,0,0,0,0,0,0,0,0,0,0,0,0,0,0,0,0,0,0,0,0,0,0,0,0,0,0,0,0,0,0,0,0,0,0,0,0,0,0,0,0,0,0,0,0,0,0,0,0,0,0,0,0,0,0,0,0,0,0,0,0,0,0,0,0,0,0,0,0,0,0,0,0,0,0,0,0,0,0,0,0,0,0,0,0,0,0,0,0,0,0,0,0,0,0,0,0,0,0,0,0,0,0,0,0,0,0,0,0,0,0,0,0,0,0,0,0,0,0,0,0,0,0,0,0,0,0,0,0,0,0,0,0,0,0,0,0,0,0,0,0,0,0,0,0,0,222,293,223,275,224,176,223,113,161,209,84,239,68,314,69,341,280,209,340,251,335,323,333,343,193,322,128,358,66,460,52,482,250,320,295,347,362,384,333,384,0,0,0,0,0,0,0,0,0,0,0,0,0,0,0,0,0,0,0,0,0,0,0,0,0,0,0,0,0,0,0,0,0,0,0,0,0,0,0,0,0,0,0,0,0,0,0,0,0,0,0,0,0,0,0,0,0,0,0,0,0,0,0,0,0,0,0,0,0,0,0,0,0,0,0,0,0,0,0,0,0,0,0,2,0,0,0,0,0,2,0,0,0,0,0,2,0,0,0,0,0,2,0,0,0,0,0,2,0,0,0,0,0,1,0,0,0,0,0,1,0,0,0,0,0,1,0,0,0,0,0,2,0,0,0,0,0,2,0,0,0,0,0,2,0,0,0,0,0,2,0,0,0,0,0,2,0,0,0,0,0,2,0,0,0,0,0,1,0,0,0,0,0,1,0,0,0,0,0,2,0,0,0,0,0,2,0,0,0,0,0,1,0,0,0,0,0,1,0,0,0,0,0,0,0,0,0,0,0,0,0,0,0,0,0,0,0,0,0,0,0,0,0,0,0,0,0,0,0,0,0,0,0,0,0,0,0,0,0,0,0,0,0,0,0,0,0,0,0,0,0,0,0,0,0,0,0,0,0,0,0,0,0,0,0,0,0,0,0,0,0,0,0,0,0,0,0,0,0,0,0,0,0,0,0,0,0,0,0,0,0,0,0,0,0,0,0,0,0,0,0,0,0,0,0,0,0,0,0,0,0,0,0,0,0,0,0,0,0,0,0,0,0,0,0,0,0,0,0,0,0,0,0,0,0,0,0,0,0,0,0,0,0,0,0,0,0,0,0,0,0,0,0,0,0,0,0,0,0,0,0,0,0,0,0,0,0,0,0,0,0,0,0,0,0,0,0,0,0,0,-0.22973,-0.13637,1.2095,-0.23627,-0.093226,1.2471,-0.22963,0.15021,1.238,-0.23244,0.3064,1.2468,-0.37548,0.067113,1.214,-0.5947,-0.0044864,1.29,-0.6164,-0.18944,1.245,-0.60221,-0.25165,1.2213,-0.094798,0.069388,1.2676,0.061901,-0.041213,1.3619,0.041695,-0.21299,1.237,0.033661,-0.25202,1.194,-0.29376,-0.19959,1.1856,-0.52065,-0.33493,1.3992,-0.65581,-0.58101,1.3156,-0.65745,-0.60027,1.2375,-0.16578,-0.20176,1.2158,-0.067727,-0.33661,1.5221,0.14016,-0.45047,1.5289,0.049827,-0.44325,1.51,0,0,0,0,0,0,0,0,0,0,0,0,0,0,0,0,0,0,0,0,0,0,0,0,0,0,0,0,0,0,0,0,0,0,0,0,0,0,0,0,0,0,0,0,0,0,0,0,0,0,0,0,0,0,0,0,0,0,0,0,0,0,0,0,0,0,0,0,0,0,0,0,0,0,0,0,0,0,0,0,0,0,0,0,0,0,0,0,0,0,0,0,0,0,0,0,0,0,0,0,0,0,0,0,0,0,0,0,0,0,0,0,0,0,0,0,0,0,0,0,0,0,0,0,0,0,199,274,0,0,0,0,0,0,0,0,0,0,211,267,0,0,0,0,0,0,0,0,0,0,0,0,0,-0.25856,-0.07251,1.2187,0,0,0,0,0,0,1,0,0,0,23,0,0,41
2018,2,8,14,0,51.315,42,0,0,0,1,0,0,0,0,0,1,0,0,0,0,0,0,0,0,0,0,0,0,0,0,0,0,0,0,0,0,0,0,0,0,0,0,0,0,0,0,0,0,0,0,0,0,0,0,0,0,0,0,0,0,0,0,0,0,0,0,0,0,0,0,0,0,0,0,0,0,0,0,0,0,0,0,0,0,0,0,0,0,0,0,0,0,0,0,0,0,0,0,0,0,0,0,0,0,0,0,0,0,0,0,0,0,0,0,0,0,0,0,0,0,0,0,0,0,0,0,0,0,0,0,0,0,0,0,0,0,0,0,170,290,169,265,163,140,157,67,96,188,57,254,48,350,43,376,230,171,301,236,322,325,328,356,141,323,74,322,93,415,93,433,201,318,265,359,345,402,313,388,0,0,0,0,0,0,0,0,0,0,0,0,0,0,0,0,0,0,0,0,0,0,0,0,0,0,0,0,0,0,0,0,0,0,0,0,0,0,0,0,0,0,0,0,0,0,0,0,0,0,0,0,0,0,0,0,0,0,0,0,0,0,0,0,0,0,0,0,0,0,0,0,0,0,0,0,0,0,0,0,0,0,0,0,0,0,0,0,0,0,0,0,0,0,0,0,0,0,0,0,0,0,0,0,0,0,0,0,0,0,0,0,0,0,0,0,0,0,0,0,0,0,0,0,0,0,0,0,0,0,0,0,0,0,0,0,0,0,0,0,0,0,0,0,0,0,0,0,0,0,0,0,0,0,0,0,0,0,0,0,0,0,0,0,0,0,0,0,0,0,0,0,0,0,0,0,0,0,0,0,0,0,0,0,0,0,0,0,0,0,0,0,0,0,0,0,0,0,0,0,186,281,185,259,179,148,173,83,120,191,84,250,78,334,73,357,238,176,300,233,319,311,326,339,161,310,98,310,117,391,117,407,213,306,268,341,339,379,310,367,0,0,0,0,0,0,0,0,0,0,0,0,0,0,0,0,0,0,0,0,0,0,0,0,0,0,0,0,0,0,0,0,0,0,0,0,0,0,0,0,0,0,0,0,0,0,0,0,0,0,0,0,0,0,0,0,0,0,0,0,0,0,0,0,0,0,0,0,0,0,0,0,0,0,0,0,0,0,0,0,0,0,0,2,0,0,0,0,0,2,0,0,0,0,0,2,0,0,0,0,0,2,0,0,0,0,0,2,0,0,0,0,0,1,0,0,0,0,0,1,0,0,0,0,0,1,0,0,0,0,0,2,0,0,0,0,0,2,0,0,0,0,0,2,0,0,0,0,0,2,0,0,0,0,0,2,0,0,0,0,0,2,0,0,0,0,0,1,0,0,0,0,0,1,0,0,0,0,0,2,0,0,0,0,0,2,0,0,0,0,0,1,0,0,0,0,0,2,0,0,0,0,0,0,0,0,0,0,0,0,0,0,0,0,0,0,0,0,0,0,0,0,0,0,0,0,0,0,0,0,0,0,0,0,0,0,0,0,0,0,0,0,0,0,0,0,0,0,0,0,0,0,0,0,0,0,0,0,0,0,0,0,0,0,0,0,0,0,0,0,0,0,0,0,0,0,0,0,0,0,0,0,0,0,0,0,0,0,0,0,0,0,0,0,0,0,0,0,0,0,0,0,0,0,0,0,0,0,0,0,0,0,0,0,0,0,0,0,0,0,0,0,0,0,0,0,0,0,0,0,0,0,0,0,0,0,0,0,0,0,0,0,0,0,0,0,0,0,0,0,0,0,0,0,0,0,0,0,0,0,0,0,0,0,0,0,0,0,0,0,0,0,0,0,0,0,0,0,0,0,-0.3041,-0.10098,1.1612,-0.30967,-0.050889,1.17,-0.31953,0.20294,1.1638,-0.33381,0.35283,1.1673,-0.44338,0.10321,1.1327,-0.58471,-0.030646,1.2702,-0.58569,-0.23654,1.2289,-0.58355,-0.28598,1.2049,-0.19103,0.14696,1.2105,-0.044647,0.0089398,1.3395,0.0048453,-0.19016,1.2764,0.017519,-0.24674,1.2113,-0.35827,-0.1657,1.1405,-0.62273,-0.20709,1.4489,-0.5359,-0.41472,1.3509,-0.50757,-0.43257,1.2779,-0.24462,-0.15995,1.1776,-0.14815,-0.32003,1.533,0.065474,-0.42416,1.4931,-0.019608,-0.39139,1.5077,0,0,0,0,0,0,0,0,0,0,0,0,0,0,0,0,0,0,0,0,0,0,0,0,0,0,0,0,0,0,0,0,0,0,0,0,0,0,0,0,0,0,0,0,0,0,0,0,0,0,0,0,0,0,0,0,0,0,0,0,0,0,0,0,0,0,0,0,0,0,0,0,0,0,0,0,0,0,0,0,0,0,0,0,0,0,0,0,0,0,0,0,0,0,0,0,0,0,0,0,0,0,0,0,0,0,0,0,0,0,0,0,0,0,0,0,0,0,0,0,0,0,0,0,0,0,177,261,0,0,0,0,0,0,0,0,0,0,192,255,0,0,0,0,0,0,0,0,0,0,0,0,0,-0.29519,-0.043596,1.1762,0,0,0,0,0,0,1,0,0,0,23,0,0,42
2018,2,8,14,0,52.443,43,0,0,0,1,0,0,0,0,0,1,0,0,0,0,0,0,0,0,0,0,0,0,0,0,0,0,0,0,0,0,0,0,0,0,0,0,0,0,0,0,0,0,0,0,0,0,0,0,0,0,0,0,0,0,0,0,0,0,0,0,0,0,0,0,0,0,0,0,0,0,0,0,0,0,0,0,0,0,0,0,0,0,0,0,0,0,0,0,0,0,0,0,0,0,0,0,0,0,0,0,0,0,0,0,0,0,0,0,0,0,0,0,0,0,0,0,0,0,0,0,0,0,0,0,0,0,0,0,0,0,0,0,136,306,133,285,131,172,132,106,69,214,0,226,32,318,43,345,192,209,244,267,266,332,271,351,106,337,37,343,-21,349,-36,350,165,333,224,350,247,440,230,408,0,0,0,0,0,0,0,0,0,0,0,0,0,0,0,0,0,0,0,0,0,0,0,0,0,0,0,0,0,0,0,0,0,0,0,0,0,0,0,0,0,0,0,0,0,0,0,0,0,0,0,0,0,0,0,0,0,0,0,0,0,0,0,0,0,0,0,0,0,0,0,0,0,0,0,0,0,0,0,0,0,0,0,0,0,0,0,0,0,0,0,0,0,0,0,0,0,0,0,0,0,0,0,0,0,0,0,0,0,0,0,0,0,0,0,0,0,0,0,0,0,0,0,0,0,0,0,0,0,0,0,0,0,0,0,0,0,0,0,0,0,0,0,0,0,0,0,0,0,0,0,0,0,0,0,0,0,0,0,0,0,0,0,0,0,0,0,0,0,0,0,0,0,0,0,0,0,0,0,0,0,0,0,0,0,0,0,0,0,0,0,0,0,0,0,0,0,0,0,0,155,295,152,277,149,177,150,118,95,214,33,225,62,306,71,330,204,209,249,260,270,318,274,334,129,323,66,328,13,334,0,335,180,319,231,334,252,413,237,385,0,0,0,0,0,0,0,0,0,0,0,0,0,0,0,0,0,0,0,0,0,0,0,0,0,0,0,0,0,0,0,0,0,0,0,0,0,0,0,0,0,0,0,0,0,0,0,0,0,0,0,0,0,0,0,0,0,0,0,0,0,0,0,0,0,0,0,0,0,0,0,0,0,0,0,0,0,0,0,0,0,0,0,2,0,0,0,0,0,2,0,0,0,0,0,2,0,0,0,0,0,2,0,0,0,0,0,2,0,0,0,0,0,1,0,0,0,0,0,1,0,0,0,0,0,1,0,0,0,0,0,2,0,0,0,0,0,2,0,0,0,0,0,2,0,0,0,0,0,2,0,0,0,0,0,2,0,0,0,0,0,2,0,0,0,0,0,1,0,0,0,0,0,1,0,0,0,0,0,2,0,0,0,0,0,2,0,0,0,0,0,1,0,0,0,0,0,2,0,0,0,0,0,0,0,0,0,0,0,0,0,0,0,0,0,0,0,0,0,0,0,0,0,0,0,0,0,0,0,0,0,0,0,0,0,0,0,0,0,0,0,0,0,0,0,0,0,0,0,0,0,0,0,0,0,0,0,0,0,0,0,0,0,0,0,0,0,0,0,0,0,0,0,0,0,0,0,0,0,0,0,0,0,0,0,0,0,0,0,0,0,0,0,0,0,0,0,0,0,0,0,0,0,0,0,0,0,0,0,0,0,0,0,0,0,0,0,0,0,0,0,0,0,0,0,0,0,0,0,0,0,0,0,0,0,0,0,0,0,0,0,0,0,0,0,0,0,0,0,0,0,0,0,0,0,0,0,0,0,0,0,0,0,0,0,0,0,0,0,0,0,0,0,0,0,0,0,0,0,0,-0.40875,-0.14679,1.2677,-0.42796,-0.10323,1.3039,-0.43543,0.15618,1.3155,-0.44093,0.31303,1.3365,-0.54802,0.057038,1.2495,-0.7204,0.030669,1.2866,-0.69914,-0.18961,1.3885,-0.69206,-0.26303,1.4257,-0.30701,0.075665,1.3734,-0.204,-0.071014,1.5256,-0.12463,-0.21468,1.3303,-0.1106,-0.25198,1.2912,-0.45839,-0.20741,1.2261,-0.69607,-0.25328,1.4034,-0.94826,-0.30195,1.5829,-1.0163,-0.31283,1.6264,-0.34859,-0.20891,1.2858,-0.26621,-0.30582,1.584,-0.19044,-0.5239,1.4999,-0.23996,-0.44815,1.5244,0,0,0,0,0,0,0,0,0,0,0,0,0,0,0,0,0,0,0,0,0,0,0,0,0,0,0,0,0,0,0,0,0,0,0,0,0,0,0,0,0,0,0,0,0,0,0,0,0,0,0,0,0,0,0,0,0,0,0,0,0,0,0,0,0,0,0,0,0,0,0,0,0,0,0,0,0,0,0,0,0,0,0,0,0,0,0,0,0,0,0,0,0,0,0,0,0,0,0,0,0,0,0,0,0,0,0,0,0,0,0,0,0,0,0,0,0,0,0,0,0,0,0,0,0,0,150,280,0,0,0,0,0,0,0,0,0,0,168,272,0,0,0,0,0,0,0,0,0,0,0,0,0,-0.37782,-0.08908,1.2667,0,0,0,0,0,0,1,0,0,0,23,0,0,43
2018,2,8,14,0,53.646,44,0,0,0,1,0,1,0,0,0,1,0,1,0,0,0,0,0,0,0,0,0,0,0,0,0,0,0,0,0,0,0,0,0,0,0,0,0,0,0,0,0,0,0,0,0,0,0,0,0,0,0,0,0,0,0,0,0,0,0,0,0,0,0,0,0,0,0,0,0,0,0,0,0,0,0,0,0,0,0,0,0,0,0,0,0,0,0,0,0,0,0,0,0,0,0,0,0,0,0,0,0,0,0,0,0,0,0,0,0,0,0,0,0,0,0,0,0,0,0,0,0,0,0,0,0,0,0,0,0,0,0,0,130,310,124,290,125,177,128,110,66,218,-11,252,27,344,39,371,180,215,202,294,254,334,281,359,102,339,9,353,-51,362,-68,363,158,336,233,356,279,436,262,404,0,0,0,0,0,0,0,0,0,0,0,0,0,0,0,0,0,0,0,0,0,0,0,0,0,0,0,0,0,0,0,0,0,0,0,0,0,0,0,0,483,286,491,266,487,149,460,79,424,197,412,288,412,325,414,353,544,199,603,285,630,371,618,390,451,321,647,316,886,311,932,297,513,322,536,538,600,383,592,358,0,0,0,0,0,0,0,0,0,0,0,0,0,0,0,0,0,0,0,0,0,0,0,0,0,0,0,0,0,0,0,0,0,0,0,0,0,0,0,0,0,0,0,0,0,0,0,0,0,0,0,0,0,0,0,0,0,0,0,0,0,0,0,0,0,0,0,0,0,0,0,0,0,0,0,0,0,0,0,0,0,0,0,0,0,0,0,0,0,0,0,0,0,0,0,0,0,0,0,0,0,0,0,0,0,0,0,0,0,0,0,0,0,0,0,0,0,0,0,0,149,299,144,281,144,181,146,122,93,218,24,248,58,329,69,353,192,215,212,284,259,320,284,341,125,324,42,337,-11,345,-27,346,174,322,239,339,281,409,265,381,0,0,0,0,0,0,0,0,0,0,0,0,0,0,0,0,0,0,0,0,0,0,0,0,0,0,0,0,0,0,0,0,0,0,0,0,0,0,0,0,462,276,469,259,464,155,440,93,409,198,399,278,401,311,403,335,515,199,568,275,592,350,582,367,434,307,608,302,819,296,860,283,489,308,512,497,569,361,563,339,0,0,0,2,0,2,0,0,0,2,0,2,0,0,0,2,0,2,0,0,0,2,0,2,0,0,0,2,0,2,0,0,0,1,0,1,0,0,0,2,0,1,0,0,0,1,0,1,0,0,0,2,0,2,0,0,0,2,0,1,0,0,0,2,0,1,0,0,0,2,0,1,0,0,0,2,0,2,0,0,0,1,0,1,0,0,0,1,0,1,0,0,0,1,0,1,0,0,0,2,0,2,0,0,0,2,0,1,0,0,0,1,0,1,0,0,0,2,0,1,0,0,0,0,0,0,0,0,0,0,0,0,0,0,0,0,0,0,0,0,0,0,0,0,0,0,0,0,0,0,0,0,0,0,0,0,0,0,0,0,0,0,0,0,0,0,0,0,0,0,0,0,0,0,0,0,0,0,0,0,0,0,0,0,0,0,0,0,0,0,0,0,0,0,0,0,0,0,0,0,0,0,0,0,0,0,0,0,0,0,0,0,0,0,0,0,0,0,0,0,0,0,0,0,0,0,0,0,0,0,0,0,0,0,0,0,0,0,0,0,0,0,0,0,0,0,0,0,0,0,0,0,0,0,0,0,0,0,0,0,0,0,0,0,0,0,0,0,0,0,0,0,0,0,0,0,0,0,0,0,0,0,0,0,0,0,0,0,0,0,0,0,0,0,0,0,0,0,0,0,-0.42321,-0.1561,1.2708,-0.44889,-0.11557,1.31,-0.46077,0.14917,1.3484,-0.45807,0.31082,1.3608,-0.55574,0.048342,1.2489,-0.71658,-0.025363,1.2343,-0.67936,-0.23993,1.3242,-0.66696,-0.31145,1.3574,-0.34354,0.061081,1.399,-0.30871,-0.14263,1.5009,-0.15317,-0.21926,1.326,-0.085152,-0.26159,1.2516,-0.46472,-0.21169,1.2171,-0.7572,-0.27438,1.3927,-0.99302,-0.32492,1.523,-1.0639,-0.33731,1.5608,-0.36741,-0.21803,1.2916,-0.24054,-0.31998,1.5766,-0.10887,-0.51523,1.5055,-0.15607,-0.43749,1.5272,0,0,0,0,0,0,0,0,0,0,0,0,0,0,0,0,0,0,0,0,0,0,0,0,0,0,0,0,0,0,0,0,0,0,0,0,0,0,0,0,0,0,0,0,0,0,0,0,0,0,0,0,0,0,0,0,0,0,0,0,0.35012,-0.098913,1.2286,0.38071,-0.058679,1.2688,0.38226,0.20959,1.3089,0.32051,0.36801,1.3058,0.25213,0.10458,1.3832,0.21758,-0.11359,1.3542,0.1816,-0.16811,1.1323,0.17501,-0.21066,1.0647,0.46722,0.085524,1.1899,0.54592,-0.085965,1.1019,0.57464,-0.24367,1.0596,0.52247,-0.26229,0.99991,0.2903,-0.17819,1.2629,0.55259,-0.12779,0.96578,0.73672,-0.092403,0.7436,0.71107,-0.066748,0.66376,0.3916,-0.16578,1.1563,0.34347,-0.47263,0.90705,0.41068,-0.21042,0.83797,0.37082,-0.16039,0.77799,0,0,0,0,0,0,139,283,0,0,501,248,0,0,0,0,0,0,158,275,0,0,479,243,0,0,0,0,0,0,0,0,0,-0.39726,-0.095013,1.2513,0,0,0,0.35778,-0.016018,1.1306,1,0,0,0,23,0,31,44
2018,2,8,14,0,54.778,45,0,0,0,1,0,1,0,0,0,1,0,1,0,0,0,0,0,0,0,0,0,0,0,0,0,0,0,0,0,0,0,0,0,0,0,0,0,0,0,0,0,0,0,0,0,0,0,0,0,0,0,0,0,0,0,0,0,0,0,0,0,0,0,0,0,0,0,0,0,0,0,0,0,0,0,0,0,0,0,0,0,0,0,0,0,0,0,0,0,0,0,0,0,0,0,0,0,0,0,0,0,0,0,0,0,0,0,0,0,0,0,0,0,0,0,0,0,0,0,0,0,0,0,0,0,0,0,0,0,0,0,0,141,308,136,288,139,176,148,108,79,217,-3,237,29,317,36,328,196,224,220,301,267,346,285,358,112,339,7,402,-68,447,-94,464,169,338,235,364,284,441,265,411,0,0,0,0,0,0,0,0,0,0,0,0,0,0,0,0,0,0,0,0,0,0,0,0,0,0,0,0,0,0,0,0,0,0,0,0,0,0,0,0,466,294,473,274,466,159,441,90,404,204,402,292,405,337,404,359,524,209,582,286,603,350,601,387,440,330,636,296,846,261,890,239,495,323,573,524,601,364,587,387,0,0,0,0,0,0,0,0,0,0,0,0,0,0,0,0,0,0,0,0,0,0,0,0,0,0,0,0,0,0,0,0,0,0,0,0,0,0,0,0,0,0,0,0,0,0,0,0,0,0,0,0,0,0,0,0,0,0,0,0,0,0,0,0,0,0,0,0,0,0,0,0,0,0,0,0,0,0,0,0,0,0,0,0,0,0,0,0,0,0,0,0,0,0,0,0,0,0,0,0,0,0,0,0,0,0,0,0,0,0,0,0,0,0,0,0,0,0,0,0,159,297,154,279,156,180,164,120,104,217,31,235,59,305,65,315,207,223,228,291,271,330,288,341,134,324,41,380,-25,420,-48,435,184,323,240,346,285,414,268,387,0,0,0,0,0,0,0,0,0,0,0,0,0,0,0,0,0,0,0,0,0,0,0,0,0,0,0,0,0,0,0,0,0,0,0,0,0,0,0,0,447,283,452,266,446,164,424,103,390,204,390,282,394,321,394,341,498,208,550,276,570,332,569,364,423,315,598,284,783,252,823,233,473,309,544,485,568,344,557,364,0,0,0,2,0,2,0,0,0,2,0,2,0,0,0,2,0,2,0,0,0,2,0,2,0,0,0,2,0,2,0,0,0,1,0,1,0,0,0,1,0,1,0,0,0,1,0,1,0,0,0,2,0,2,0,0,0,2,0,2,0,0,0,2,0,2,0,0,0,2,0,2,0,0,0,2,0,2,0,0,0,1,0,1,0,0,0,1,0,1,0,0,0,1,0,1,0,0,0,2,0,2,0,0,0,2,0,1,0,0,0,1,0,1,0,0,0,2,0,1,0,0,0,0,0,0,0,0,0,0,0,0,0,0,0,0,0,0,0,0,0,0,0,0,0,0,0,0,0,0,0,0,0,0,0,0,0,0,0,0,0,0,0,0,0,0,0,0,0,0,0,0,0,0,0,0,0,0,0,0,0,0,0,0,0,0,0,0,0,0,0,0,0,0,0,0,0,0,0,0,0,0,0,0,0,0,0,0,0,0,0,0,0,0,0,0,0,0,0,0,0,0,0,0,0,0,0,0,0,0,0,0,0,0,0,0,0,0,0,0,0,0,0,0,0,0,0,0,0,0,0,0,0,0,0,0,0,0,0,0,0,0,0,0,0,0,0,0,0,0,0,0,0,0,0,0,0,0,0,0,0,0,0,0,0,0,0,0,0,0,0,0,0,0,0,0,0,0,0,0,-0.39757,-0.15053,1.2693,-0.42142,-0.10922,1.3069,-0.42205,0.1486,1.3312,-0.40684,0.31034,1.3473,-0.52423,0.050061,1.2422,-0.69052,0.0055029,1.2157,-0.6869,-0.18051,1.3463,-0.71601,-0.22118,1.4418,-0.30042,0.039839,1.3874,-0.25751,-0.15817,1.4734,-0.12011,-0.23979,1.2939,-0.075834,-0.25798,1.2513,-0.44086,-0.20915,1.2096,-0.72152,-0.37295,1.3184,-0.95055,-0.50662,1.3959,-1.0185,-0.54913,1.4024,-0.34263,-0.22319,1.2978,-0.2335,-0.33935,1.5675,-0.094003,-0.53058,1.5089,-0.14785,-0.45684,1.5237,0,0,0,0,0,0,0,0,0,0,0,0,0,0,0,0,0,0,0,0,0,0,0,0,0,0,0,0,0,0,0,0,0,0,0,0,0,0,0,0,0,0,0,0,0,0,0,0,0,0,0,0,0,0,0,0,0,0,0,0,0.32124,-0.11775,1.2571,0.34778,-0.077709,1.3003,0.34346,0.19097,1.3438,0.28233,0.35112,1.3381,0.20644,0.088032,1.403,0.19529,-0.12457,1.3686,0.16884,-0.19375,1.1371,0.16032,-0.22488,1.0839,0.43713,0.06682,1.2226,0.50355,-0.087447,1.0969,0.46936,-0.18323,0.94737,0.44053,-0.23044,0.8957,0.2663,-0.20087,1.2712,0.55705,-0.099024,1.0083,0.75312,-0.030346,0.81715,0.73319,0.00072495,0.73508,0.36689,-0.17321,1.1987,0.40021,-0.44885,0.90268,0.48138,-0.21208,0.97856,0.41962,-0.23113,0.89773,0,0,0,0,0,0,145,281,0,0,491,253,0,0,0,0,0,0,163,273,0,0,470,247,0,0,0,0,0,0,0,0,0,-0.38082,-0.088301,1.2414,0,0,0,0.34405,-0.026971,1.1514,1,0,0,0,23,0,31,45
2018,2,8,14,0,55.781,46,0,0,0,1,0,1,0,0,0,1,0,1,0,0,0,0,0,0,0,0,0,0,0,0,0,0,0,0,0,0,0,0,0,0,0,0,0,0,0,0,0,0,0,0,0,0,0,0,0,0,0,0,0,0,0,0,0,0,0,0,0,0,0,0,0,0,0,0,0,0,0,0,0,0,0,0,0,0,0,0,0,0,0,0,0,0,0,0,0,0,0,0,0,0,0,0,0,0,0,0,0,0,0,0,0,0,0,0,0,0,0,0,0,0,0,0,0,0,0,0,0,0,0,0,0,0,0,0,0,0,0,0,145,307,139,287,144,178,154,110,86,218,4,238,31,322,30,309,198,225,220,305,265,346,283,370,115,338,44,343,-12,348,-25,348,172,338,235,368,320,385,286,386,0,0,0,0,0,0,0,0,0,0,0,0,0,0,0,0,0,0,0,0,0,0,0,0,0,0,0,0,0,0,0,0,0,0,0,0,0,0,0,0,464,293,470,274,464,160,439,90,400,205,398,291,407,337,407,358,524,209,580,281,600,354,602,392,437,329,628,285,825,243,864,219,492,322,572,515,595,361,588,388,0,0,0,0,0,0,0,0,0,0,0,0,0,0,0,0,0,0,0,0,0,0,0,0,0,0,0,0,0,0,0,0,0,0,0,0,0,0,0,0,0,0,0,0,0,0,0,0,0,0,0,0,0,0,0,0,0,0,0,0,0,0,0,0,0,0,0,0,0,0,0,0,0,0,0,0,0,0,0,0,0,0,0,0,0,0,0,0,0,0,0,0,0,0,0,0,0,0,0,0,0,0,0,0,0,0,0,0,0,0,0,0,0,0,0,0,0,0,0,0,162,296,157,279,161,182,169,122,111,218,38,236,61,310,60,298,208,224,228,294,269,330,286,351,137,324,73,328,21,333,10,333,187,323,240,350,316,364,287,365,0,0,0,0,0,0,0,0,0,0,0,0,0,0,0,0,0,0,0,0,0,0,0,0,0,0,0,0,0,0,0,0,0,0,0,0,0,0,0,0,445,282,450,266,444,165,422,103,387,205,386,281,396,321,396,340,498,208,548,271,567,335,570,369,422,314,591,275,765,237,800,216,470,308,543,477,563,341,558,365,0,0,0,2,0,2,0,0,0,2,0,2,0,0,0,2,0,2,0,0,0,2,0,2,0,0,0,2,0,2,0,0,0,1,0,1,0,0,0,1,0,1,0,0,0,1,0,1,0,0,0,2,0,2,0,0,0,2,0,2,0,0,0,2,0,2,0,0,0,2,0,2,0,0,0,2,0,2,0,0,0,2,0,1,0,0,0,1,0,1,0,0,0,1,0,1,0,0,0,2,0,2,0,0,0,2,0,1,0,0,0,1,0,1,0,0,0,2,0,1,0,0,0,0,0,0,0,0,0,0,0,0,0,0,0,0,0,0,0,0,0,0,0,0,0,0,0,0,0,0,0,0,0,0,0,0,0,0,0,0,0,0,0,0,0,0,0,0,0,0,0,0,0,0,0,0,0,0,0,0,0,0,0,0,0,0,0,0,0,0,0,0,0,0,0,0,0,0,0,0,0,0,0,0,0,0,0,0,0,0,0,0,0,0,0,0,0,0,0,0,0,0,0,0,0,0,0,0,0,0,0,0,0,0,0,0,0,0,0,0,0,0,0,0,0,0,0,0,0,0,0,0,0,0,0,0,0,0,0,0,0,0,0,0,0,0,0,0,0,0,0,0,0,0,0,0,0,0,0,0,0,0,0,0,0,0,0,0,0,0,0,0,0,0,0,0,0,0,0,0,-0.39255,-0.1495,1.2803,-0.41677,-0.10956,1.3188,-0.41751,0.14736,1.3523,-0.39763,0.31033,1.367,-0.51627,0.04858,1.2578,-0.6785,0.0034699,1.227,-0.67627,-0.19204,1.3351,-0.70909,-0.16911,1.3974,-0.29967,0.03619,1.4053,-0.25895,-0.16764,1.4805,-0.12484,-0.24126,1.3011,-0.080154,-0.28317,1.2407,-0.43512,-0.20763,1.2152,-0.67377,-0.25155,1.3953,-0.91507,-0.29596,1.568,-0.97862,-0.30631,1.6157,-0.33888,-0.22484,1.3089,-0.23305,-0.35268,1.5681,0.00088829,-0.39589,1.5573,-0.090838,-0.39629,1.5486,0,0,0,0,0,0,0,0,0,0,0,0,0,0,0,0,0,0,0,0,0,0,0,0,0,0,0,0,0,0,0,0,0,0,0,0,0,0,0,0,0,0,0,0,0,0,0,0,0,0,0,0,0,0,0,0,0,0,0,0,0.31658,-0.11752,1.2589,0.34249,-0.077701,1.3016,0.33869,0.18823,1.3424,0.27872,0.3495,1.3347,0.19586,0.0863,1.4001,0.18658,-0.12188,1.3635,0.17152,-0.1919,1.1311,0.16539,-0.22361,1.0814,0.43594,0.066073,1.2229,0.49129,-0.077659,1.0783,0.45949,-0.18773,0.93907,0.43887,-0.23741,0.89002,0.26047,-0.19769,1.2683,0.54565,-0.080323,1.0106,0.73177,-0.0037248,0.82838,0.71291,0.027436,0.74819,0.36256,-0.1732,1.2068,0.39834,-0.43419,0.9016,0.471,-0.20708,0.97883,0.41979,-0.23107,0.8948,0,0,0,0,0,0,146,282,0,0,490,254,0,0,0,0,0,0,164,274,0,0,469,248,0,0,0,0,0,0,0,0,0,-0.38233,-0.091591,1.2542,0,0,0,0.34397,-0.028137,1.1538,1,0,0,0,23,0,31,46
2018,2,8,14,0,56.989,47,0,0,0,1,0,1,0,0,0,1,0,1,0,0,0,0,0,0,0,0,0,0,0,0,0,0,0,0,0,0,0,0,0,0,0,0,0,0,0,0,0,0,0,0,0,0,0,0,0,0,0,0,0,0,0,0,0,0,0,0,0,0,0,0,0,0,0,0,0,0,0,0,0,0,0,0,0,0,0,0,0,0,0,0,0,0,0,0,0,0,0,0,0,0,0,0,0,0,0,0,0,0,0,0,0,0,0,0,0,0,0,0,0,0,0,0,0,0,0,0,0,0,0,0,0,0,0,0,0,0,0,0,135,325,131,303,124,194,138,106,61,230,-36,248,1,311,0,295,193,215,237,298,274,366,280,383,103,358,22,354,-39,352,-55,353,168,346,220,353,269,432,285,450,0,0,0,0,0,0,0,0,0,0,0,0,0,0,0,0,0,0,0,0,0,0,0,0,0,0,0,0,0,0,0,0,0,0,0,0,0,0,0,0,465,292,470,273,463,159,440,89,398,204,396,291,407,338,408,360,524,206,578,275,589,358,593,380,437,327,625,285,827,242,868,219,495,319,568,508,550,347,583,384,0,0,0,0,0,0,0,0,0,0,0,0,0,0,0,0,0,0,0,0,0,0,0,0,0,0,0,0,0,0,0,0,0,0,0,0,0,0,0,0,0,0,0,0,0,0,0,0,0,0,0,0,0,0,0,0,0,0,0,0,0,0,0,0,0,0,0,0,0,0,0,0,0,0,0,0,0,0,0,0,0,0,0,0,0,0,0,0,0,0,0,0,0,0,0,0,0,0,0,0,0,0,0,0,0,0,0,0,0,0,0,0,0,0,0,0,0,0,0,0,156,312,152,293,146,196,158,118,90,228,4,244,36,300,35,286,207,215,245,288,278,348,284,363,127,341,55,338,-1,336,-15,337,185,330,228,336,272,406,287,421,0,0,0,0,0,0,0,0,0,0,0,0,0,0,0,0,0,0,0,0,0,0,0,0,0,0,0,0,0,0,0,0,0,0,0,0,0,0,0,0,446,282,450,265,443,164,423,102,386,204,384,281,396,322,397,342,498,206,547,266,558,339,562,358,422,312,588,275,767,236,805,216,473,305,540,471,524,329,553,362,0,0,0,2,0,2,0,0,0,2,0,2,0,0,0,2,0,2,0,0,0,2,0,2,0,0,0,2,0,2,0,0,0,1,0,1,0,0,0,2,0,1,0,0,0,1,0,1,0,0,0,2,0,2,0,0,0,2,0,2,0,0,0,2,0,2,0,0,0,2,0,2,0,0,0,2,0,2,0,0,0,1,0,1,0,0,0,1,0,1,0,0,0,1,0,1,0,0,0,2,0,2,0,0,0,2,0,1,0,0,0,1,0,1,0,0,0,1,0,1,0,0,0,0,0,0,0,0,0,0,0,0,0,0,0,0,0,0,0,0,0,0,0,0,0,0,0,0,0,0,0,0,0,0,0,0,0,0,0,0,0,0,0,0,0,0,0,0,0,0,0,0,0,0,0,0,0,0,0,0,0,0,0,0,0,0,0,0,0,0,0,0,0,0,0,0,0,0,0,0,0,0,0,0,0,0,0,0,0,0,0,0,0,0,0,0,0,0,0,0,0,0,0,0,0,0,0,0,0,0,0,0,0,0,0,0,0,0,0,0,0,0,0,0,0,0,0,0,0,0,0,0,0,0,0,0,0,0,0,0,0,0,0,0,0,0,0,0,0,0,0,0,0,0,0,0,0,0,0,0,0,0,0,0,0,0,0,0,0,0,0,0,0,0,0,0,0,0,0,0,-0.35969,-0.1656,1.1094,-0.3676,-0.12173,1.1106,-0.36196,0.08552,1.0568,-0.33811,0.24894,1.0621,-0.45834,0.018236,1.0117,-0.62082,-0.013445,0.99246,-0.64959,-0.14386,1.1624,-0.67463,-0.11536,1.2013,-0.25219,0.049457,1.1353,-0.17995,-0.12472,1.2369,-0.096497,-0.2633,1.1919,-0.078785,-0.28214,1.1265,-0.41274,-0.22514,1.086,-0.6606,-0.253,1.2649,-0.90115,-0.28004,1.4287,-0.96737,-0.29084,1.4717,-0.3053,-0.21435,1.1509,-0.26589,-0.3001,1.5183,-0.12858,-0.4791,1.4282,-0.082917,-0.50301,1.3675,0,0,0,0,0,0,0,0,0,0,0,0,0,0,0,0,0,0,0,0,0,0,0,0,0,0,0,0,0,0,0,0,0,0,0,0,0,0,0,0,0,0,0,0,0,0,0,0,0,0,0,0,0,0,0,0,0,0,0,0,0.31822,-0.11382,1.2554,0.34191,-0.074142,1.2984,0.33396,0.1889,1.3376,0.27884,0.35134,1.3263,0.19009,0.087902,1.3848,0.18059,-0.12039,1.3608,0.17131,-0.19351,1.1284,0.16727,-0.22741,1.0833,0.43401,0.07272,1.2166,0.47691,-0.064889,1.0565,0.44,-0.19295,0.93598,0.43156,-0.22086,0.90183,0.25967,-0.19357,1.2647,0.53139,-0.078967,0.99615,0.71261,-0.0025313,0.8033,0.69363,0.026706,0.72363,0.37011,-0.16568,1.2053,0.39004,-0.42219,0.8992,0.39831,-0.18602,0.98997,0.4143,-0.22703,0.90018,0,0,0,0,0,0,142,277,0,0,490,252,0,0,0,0,0,0,163,270,0,0,469,246,0,0,0,0,0,0,0,0,0,-0.32732,-0.067446,1.0532,0,0,0,0.34248,-0.023967,1.1495,1,0,0,0,23,0,31,47
2018,2,8,14,0,58.022,48,0,0,0,1,0,1,0,0,0,1,0,1,0,0,0,0,0,0,0,0,0,0,0,0,0,0,0,0,0,0,0,0,0,0,0,0,0,0,0,0,0,0,0,0,0,0,0,0,0,0,0,0,0,0,0,0,0,0,0,0,0,0,0,0,0,0,0,0,0,0,0,0,0,0,0,0,0,0,0,0,0,0,0,0,0,0,0,0,0,0,0,0,0,0,0,0,0,0,0,0,0,0,0,0,0,0,0,0,0,0,0,0,0,0,0,0,0,0,0,0,0,0,0,0,0,0,0,0,0,0,0,0,155,343,153,305,154,136,143,52,123,180,172,271,85,363,56,394,186,187,243,261,121,351,81,381,147,352,69,361,5,369,-12,374,166,356,230,391,144,335,178,356,0,0,0,0,0,0,0,0,0,0,0,0,0,0,0,0,0,0,0,0,0,0,0,0,0,0,0,0,0,0,0,0,0,0,0,0,0,0,0,0,550,315,545,286,577,154,597,62,533,199,587,326,663,425,701,446,643,216,622,314,597,410,587,443,523,333,416,266,401,388,421,379,568,354,509,412,404,521,414,595,0,0,0,0,0,0,0,0,0,0,0,0,0,0,0,0,0,0,0,0,0,0,0,0,0,0,0,0,0,0,0,0,0,0,0,0,0,0,0,0,0,0,0,0,0,0,0,0,0,0,0,0,0,0,0,0,0,0,0,0,0,0,0,0,0,0,0,0,0,0,0,0,0,0,0,0,0,0,0,0,0,0,0,0,0,0,0,0,0,0,0,0,0,0,0,0,0,0,0,0,0,0,0,0,0,0,0,0,0,0,0,0,0,0,0,0,0,0,0,0,176,328,174,294,174,145,163,70,147,184,191,264,116,346,90,373,203,190,255,255,147,335,112,362,168,336,97,344,39,351,23,356,185,339,238,370,162,321,192,339,0,0,0,0,0,0,0,0,0,0,0,0,0,0,0,0,0,0,0,0,0,0,0,0,0,0,0,0,0,0,0,0,0,0,0,0,0,0,0,0,522,301,517,276,545,159,564,78,508,199,556,311,623,397,656,415,603,214,586,300,564,384,555,413,498,317,401,259,390,366,408,358,537,335,490,387,406,483,420,548,0,0,0,2,0,2,0,0,0,2,0,2,0,0,0,2,0,2,0,0,0,2,0,2,0,0,0,2,0,2,0,0,0,2,0,2,0,0,0,2,0,1,0,0,0,1,0,1,0,0,0,2,0,1,0,0,0,1,0,1,0,0,0,2,0,2,0,0,0,2,0,1,0,0,0,2,0,2,0,0,0,1,0,2,0,0,0,1,0,1,0,0,0,1,0,2,0,0,0,2,0,2,0,0,0,2,0,1,0,0,0,2,0,1,0,0,0,2,0,1,0,0,0,0,0,0,0,0,0,0,0,0,0,0,0,0,0,0,0,0,0,0,0,0,0,0,0,0,0,0,0,0,0,0,0,0,0,0,0,0,0,0,0,0,0,0,0,0,0,0,0,0,0,0,0,0,0,0,0,0,0,0,0,0,0,0,0,0,0,0,0,0,0,0,0,0,0,0,0,0,0,0,0,0,0,0,0,0,0,0,0,0,0,0,0,0,0,0,0,0,0,0,0,0,0,0,0,0,0,0,0,0,0,0,0,0,0,0,0,0,0,0,0,0,0,0,0,0,0,0,0,0,0,0,0,0,0,0,0,0,0,0,0,0,0,0,0,0,0,0,0,0,0,0,0,0,0,0,0,0,0,0,0,0,0,0,0,0,0,0,0,0,0,0,0,0,0,0,0,0,-0.2784,-0.17388,0.96657,-0.28714,-0.11243,0.98071,-0.27466,0.17089,0.94255,-0.2897,0.30714,0.93242,-0.30797,0.093268,0.89204,-0.22516,-0.047633,0.86732,-0.34327,-0.1795,0.83505,-0.38263,-0.22345,0.82754,-0.21671,0.085274,0.92471,-0.11533,-0.031075,0.85152,-0.29281,-0.16318,0.84117,-0.35197,-0.20722,0.84095,-0.29285,-0.18914,0.96638,-0.5035,-0.24272,1.1452,-0.73339,-0.3012,1.332,-0.79855,-0.32161,1.3709,-0.26012,-0.19654,0.96406,-0.2058,-0.34455,1.3037,-0.39928,-0.21715,1.2992,-0.32221,-0.26434,1.2971,0,0,0,0,0,0,0,0,0,0,0,0,0,0,0,0,0,0,0,0,0,0,0,0,0,0,0,0,0,0,0,0,0,0,0,0,0,0,0,0,0,0,0,0,0,0,0,0,0,0,0,0,0,0,0,0,0,0,0,0,0.44053,-0.14471,1.0965,0.43954,-0.090822,1.1173,0.48146,0.16091,1.0684,0.51316,0.32909,1.0587,0.38535,0.07509,1.0337,0.43828,-0.14181,0.93942,0.52264,-0.28248,0.87154,0.56293,-0.30383,0.84366,0.61887,0.046712,1.0959,0.53207,-0.13061,1.0053,0.45933,-0.28113,0.94737,0.43508,-0.33131,0.9316,0.39256,-0.17999,1.1066,0.23794,-0.06381,1.4218,0.17647,-0.32204,1.2469,0.20504,-0.28246,1.1599,0.47125,-0.21713,1.086,0.27001,-0.24564,0.81637,0.081774,-0.2723,0.55332,0.074976,-0.28194,0.45431,0,0,0,0,0,0,156,236,0,0,532,252,0,0,0,0,0,0,177,233,0,0,507,246,0,0,0,0,0,0,0,0,0,-0.25931,0.0060765,0.90214,0,0,0,0.38166,-0.022072,1.029,1,0,0,0,23,0,31,48
2018,2,8,14,0,59.042,49,0,0,0,1,0,1,0,0,0,1,0,1,0,0,0,0,0,0,0,0,0,0,0,0,0,0,0,0,0,0,0,0,0,0,0,0,0,0,0,0,0,0,0,0,0,0,0,0,0,0,0,0,0,0,0,0,0,0,0,0,0,0,0,0,0,0,0,0,0,0,0,0,0,0,0,0,0,0,0,0,0,0,0,0,0,0,0,0,0,0,0,0,0,0,0,0,0,0,0,0,0,0,0,0,0,0,0,0,0,0,0,0,0,0,0,0,0,0,0,0,0,0,0,0,0,0,0,0,0,0,0,0,214,356,213,353,212,283,216,233,191,324,191,317,169,404,167,359,216,324,240,290,173,352,143,379,211,368,232,301,271,407,226,401,216,352,201,383,229,500,220,453,0,0,0,0,0,0,0,0,0,0,0,0,0,0,0,0,0,0,0,0,0,0,0,0,0,0,0,0,0,0,0,0,0,0,0,0,0,0,0,0,562,326,556,320,542,283,524,339,511,384,556,299,627,336,614,369,604,337,584,400,619,380,620,344,515,363,750,493,983,623,1077,626,630,327,628,560,632,783,666,856,0,0,0,0,0,0,0,0,0,0,0,0,0,0,0,0,0,0,0,0,0,0,0,0,0,0,0,0,0,0,0,0,0,0,0,0,0,0,0,0,0,0,0,0,0,0,0,0,0,0,0,0,0,0,0,0,0,0,0,0,0,0,0,0,0,0,0,0,0,0,0,0,0,0,0,0,0,0,0,0,0,0,0,0,0,0,0,0,0,0,0,0,0,0,0,0,0,0,0,0,0,0,0,0,0,0,0,0,0,0,0,0,0,0,0,0,0,0,0,0,228,339,226,336,223,275,226,231,204,311,206,305,190,382,188,342,226,311,250,281,194,336,168,360,225,350,241,291,276,384,237,379,230,336,213,363,240,466,232,424,0,0,0,0,0,0,0,0,0,0,0,0,0,0,0,0,0,0,0,0,0,0,0,0,0,0,0,0,0,0,0,0,0,0,0,0,0,0,0,0,532,311,527,306,515,273,499,323,488,362,527,287,593,319,581,348,568,320,552,376,586,358,587,326,492,344,697,456,896,568,976,570,592,311,591,516,594,713,624,778,0,0,0,2,0,2,0,0,0,2,0,2,0,0,0,2,0,2,0,0,0,2,0,2,0,0,0,1,0,1,0,0,0,1,0,2,0,0,0,2,0,2,0,0,0,2,0,2,0,0,0,1,0,1,0,0,0,1,0,1,0,0,0,1,0,2,0,0,0,1,0,2,0,0,0,2,0,2,0,0,0,1,0,1,0,0,0,1,0,1,0,0,0,2,0,1,0,0,0,2,0,2,0,0,0,2,0,1,0,0,0,1,0,1,0,0,0,1,0,1,0,0,0,0,0,0,0,0,0,0,0,0,0,0,0,0,0,0,0,0,0,0,0,0,0,0,0,0,0,0,0,0,0,0,0,0,0,0,0,0,0,0,0,0,0,0,0,0,0,0,0,0,0,0,0,0,0,0,0,0,0,0,0,0,0,0,0,0,0,0,0,0,0,0,0,0,0,0,0,0,0,0,0,0,0,0,0,0,0,0,0,0,0,0,0,0,0,0,0,0,0,0,0,0,0,0,0,0,0,0,0,0,0,0,0,0,0,0,0,0,0,0,0,0,0,0,0,0,0,0,0,0,0,0,0,0,0,0,0,0,0,0,0,0,0,0,0,0,0,0,0,0,0,0,0,0,0,0,0,0,0,0,0,0,0,0,0,0,0,0,0,0,0,0,0,0,0,0,0,0,-0.17646,-0.19316,0.94834,-0.18719,-0.19727,0.99755,-0.22951,-0.092158,1.2108,-0.21178,0.014865,1.1584,-0.26381,-0.17158,1.1678,-0.22557,-0.13411,0.9975,-0.22632,-0.24558,0.8573,-0.22241,-0.17409,0.83274,-0.21478,-0.17203,1.1767,-0.14535,-0.090483,1.0382,-0.2157,-0.16402,0.83663,-0.23915,-0.18854,0.77265,-0.17806,-0.20941,0.93515,-0.18517,-0.1278,1.196,-0.094927,-0.32202,1.1037,-0.18228,-0.31214,1.1063,-0.17043,-0.18485,0.9398,-0.24633,-0.29448,1.1794,-0.17469,-0.4999,1.0978,-0.19356,-0.41498,1.1108,0,0,0,0,0,0,0,0,0,0,0,0,0,0,0,0,0,0,0,0,0,0,0,0,0,0,0,0,0,0,0,0,0,0,0,0,0,0,0,0,0,0,0,0,0,0,0,0,0,0,0,0,0,0,0,0,0,0,0,0,0.45579,-0.16229,1.0748,0.45358,-0.15437,1.0992,0.44599,-0.085406,1.1456,0.38742,-0.18798,1.0857,0.3502,-0.26414,1.0484,0.44757,-0.11257,1.0857,0.45889,-0.14423,0.85389,0.43639,-0.19162,0.84676,0.58341,-0.1996,1.173,0.47034,-0.28607,1.0186,0.44047,-0.20611,0.84022,0.44724,-0.15465,0.85068,0.35122,-0.2209,1.0272,0.65744,-0.38748,0.87371,0.87298,-0.50473,0.75242,0.91317,-0.46614,0.68932,0.56329,-0.15825,1.0387,0.48356,-0.50226,0.89681,0.42743,-0.74441,0.78368,0.42398,-0.75484,0.70023,0,0,0,0,0,0,210,276,0,0,583,272,0,0,0,0,0,0,223,269,0,0,554,263,0,0,0,0,0,0,0,0,0,-0.19216,-0.063174,1.0005,0,0,0,0.42469,-0.052302,0.92303,1,0,0,0,23,0,31,49
