0.52708,0.024145,0.032213,0.50693,0.012218,0.017241,0.42358,-0.072707,-0.10345
0.43716,0.054544,-0.67447,0.44401,0.057653,-0.69407,0.21828,0.03323,-0.71304
-0.84103,0.09539,0.0164,-0.82852,0.089024,0.017998,-0.84993,0.069267,-0.024128
0.42963,0.321,-1.3817,0.46688,0.31336,-1.3741,0.44439,0.34941,-1.4925
-0.78911,0.38455,-0.79354,-0.80309,0.38151,-0.79525,-0.96583,0.35154,-0.92177
0.0032119,0.72315,-0.64637,0.009397,0.72568,-0.59098,-0.096853,0.72529,-0.49874
-0.43089,0.50184,-1.821,-0.41912,0.49489,-1.8166,-0.51354,0.47009,-1.9697
0.0014254,0.44072,-1.4306,-0.042609,0.43927,-1.4896,-0.061993,0.39107,-1.6239
0.12808,0.6024,-1.4293,0.13892,0.61896,-1.4522,0.03784,0.63217,-1.4416
-0.45787,0.49864,-1.1063,-0.45682,0.50565,-1.157,-0.46795,0.41945,-1.3895
-0.39127,0.5456,-1.1955,-0.40613,0.56308,-1.2488,-0.44217,0.51689,-1.4926
-0.1846,0.30955,-1.2515,-0.23043,0.32627,-1.2756,-0.35116,0.32825,-1.2863
-0.3313,0.34293,-1.2241,-0.34011,0.35485,-1.2667,-0.44998,0.34084,-1.2961
-0.051849,0.33215,-0.88689,-0.081748,0.33011,-0.89915,-0.17347,0.24066,-0.94722
-0.61624,0.2673,-1.2269,-0.66262,0.2635,-1.2479,-0.592,0.22036,-1.3107
0.53129,-0.2811,1.4001,0.56294,-0.28647,1.4029,0.57654,-0.28983,1.4243
0.52735,-0.29408,1.3816,0.57816,-0.2988,1.3907,0.58316,-0.2918,1.4141
0.43774,-0.26741,1.1034,0.46094,-0.25437,1.1142,0.39076,-0.1809,1.21
-0.87141,0.12495,-0.33742,-0.90797,0.092721,-0.30991,-0.94696,0.064384,-0.36754
-1.1778,0.016833,0.12078,-1.2164,-0.001168,0.13349,-1.2093,-0.036804,0.022548
-1.3605,-0.15018,0.51438,-1.3821,-0.15891,0.54574,-1.462,-0.14356,0.45495
-0.74052,0.29524,-1.1518,-0.75669,0.2836,-1.1249,-0.80089,0.2898,-1.2105
-0.60554,0.27337,-1.0263,-0.6356,0.26001,-0.99612,-0.67927,0.26987,-1.0734
-0.44521,0.23617,-1.1413,-0.47343,0.23036,-1.0997,-0.5047,0.29845,-1.1069
-0.38257,0.52051,-1.0283,-0.39989,0.50623,-1.0417,-0.45346,0.44448,-1.0027
-0.38519,0.46589,-1.0131,-0.41188,0.45705,-1.0166,-0.42906,0.45206,-0.9142
-0.39229,0.46715,-1.0036,-0.39896,0.46041,-0.99353,-0.414,0.48462,-0.89164
-0.35992,0.59918,-0.9352,-0.35123,0.55961,-0.93605,-0.39366,0.44002,-0.87683
-0.40305,0.41531,-1.0228,-0.37271,0.3916,-1.0283,-0.41712,0.30632,-0.91622
-0.42317,0.57006,-0.93683,-0.45467,0.55058,-0.94871,-0.41645,0.46615,-0.9039
-0.38769,0.67873,-1.0975,-0.44005,0.69248,-1.0314,-0.33713,0.97785,-0.9058
-0.64856,-0.37277,1.2737,-0.64605,-0.38074,1.2893,-0.6301,-0.36739,1.3555
-0.64434,-0.30602,0.93723,-0.65513,-0.3059,0.94004,-0.7055,-0.30047,0.93326
-0.70856,-0.39251,1.2654,-0.74863,-0.40448,1.2695,-0.73219,-0.43857,1.2447
-0.98675,-0.37571,1.2265,-1.0349,-0.37171,1.2171,-1.0328,-0.36091,1.2133
-1.093,-0.35101,1.1815,-1.1487,-0.35441,1.1701,-1.193,-0.34501,1.2123
0.36531,0.10732,-0.64154,0.3965,0.089471,-0.62291,0.39645,0.091133,-0.6918
0.76252,-0.043209,-0.091288,0.77649,-0.047565,-0.040466,0.8005,0.040284,-0.0046458
0.67995,-0.07869,0.61905,0.65746,-0.085178,0.60238,0.67111,-0.15582,0.57238
-1.3048,-0.34023,0.89489,-1.3436,-0.38209,0.83453,-1.2641,-0.67255,0.73367
-1.3284,-0.17332,0.87829,-1.3777,-0.17812,0.85617,-1.3335,-0.23764,0.88087
-1.5492,-0.20378,0.70383,-1.5852,-0.17966,0.66657,-1.5187,-0.16355,0.59721
-1.7071,-0.080496,0.36964,-1.7494,-0.085012,0.35186,-1.7712,-0.14473,0.35263
-1.8,-0.15093,0.42602,-1.8466,-0.1447,0.41864,-1.9148,-0.15092,0.38444
-1.8365,-0.011212,0.37933,-1.8739,-0.022985,0.35898,-1.9813,-0.1352,0.26279
-1.889,-0.035746,0.30981,-1.9351,-0.04609,0.29448,-2.0221,-0.13936,0.21235
-1.8905,-0.088096,0.34007,-1.9033,-0.087837,0.30694,-2.0023,-0.21737,0.20728
-1.8851,-0.055737,0.33616,-1.9149,-0.054469,0.31141,-2.0168,-0.13846,0.20439
-1.8463,-0.1036,0.35258,-1.9312,-0.10384,0.31868,-1.9631,-0.1637,0.27222
-1.7626,-0.13976,0.65354,-1.8424,-0.14796,0.63039,-1.8567,-0.22598,0.60907
-1.7465,-0.16176,0.67479,-1.8252,-0.16658,0.656,-1.8453,-0.23815,0.63025
-1.7235,-0.10188,0.64244,-1.8059,-0.11616,0.61508,-1.8594,-0.22397,0.60933
-1.7433,-0.12633,0.66787,-1.8212,-0.13061,0.63932,-1.8655,-0.19743,0.60845
-1.7348,-0.12146,0.66089,-1.8207,-0.13413,0.62989,-1.8766,-0.22384,0.61209
-1.7434,-0.13766,0.64451,-1.8274,-0.14045,0.61978,-1.8768,-0.20384,0.62291
-1.7237,-0.1313,0.65189,-1.811,-0.13805,0.6283,-1.859,-0.21357,0.61358
-1.7423,-0.13454,0.68044,-1.8194,-0.15727,0.64592,-1.8514,-0.32428,0.58279
-1.7457,-0.10954,0.63885,-1.8276,-0.12093,0.61531,-1.8668,-0.21348,0.5926
-1.8186,-0.10303,0.35949,-1.8522,-0.096759,0.3503,-1.9233,-0.12061,0.31028
-1.8292,-0.034304,0.36735,-1.8743,-0.035954,0.35353,-1.9487,-0.10532,0.28596
-1.777,-0.12295,0.45987,-1.8669,-0.10565,0.39963,-1.905,-0.13821,0.4038
-1.8516,0.035544,0.7371,-1.9055,0.006912,0.69815,-1.9121,-0.1642,0.6593
-1.8998,-0.081967,0.49483,-1.9954,-0.082026,0.4873,-2.0128,-0.12354,0.49857
-2.1225,-0.047793,0.29523,-2.1961,-0.05711,0.28377,-2.2913,-0.082901,0.40903
-2.1179,-0.075882,0.25461,-2.2164,-0.071529,0.26355,-2.2924,-0.096403,0.31865
-2.108,-0.090121,0.1636,-2.2113,-0.088966,0.17203,-2.2596,-0.10246,0.21188
-2.0834,-0.040405,0.19785,-2.1936,-0.057368,0.18928,-2.2431,-0.1837,0.17986
-2.0801,-0.075786,0.17024,-2.1641,-0.082655,0.1904,-2.2153,-0.10336,0.21492
-2.0841,-0.14914,0.14537,-2.1706,-0.13816,0.16121,-2.193,-0.11258,0.19882
-2.0852,-0.024782,0.15701,-2.172,-0.059268,0.16167,-2.1596,-0.23546,0.14182
-2.0814,-0.076032,0.12742,-2.1732,-0.10522,0.13385,-2.1702,-0.22946,0.14323
-2.1066,-0.075148,0.1345,-2.189,-0.10937,0.14565,-2.1922,-0.24735,0.14531
-2.025,-0.16935,0.11559,-2.1207,-0.15154,0.13303,-2.1283,-0.1204,0.20601
-1.7447,-0.068916,0.045247,-1.8373,-0.08129,0.049635,-1.8677,-0.15436,0.086117
-1.7018,-0.16469,0.22653,-1.7895,-0.15568,0.24407,-1.8188,-0.12703,0.28388
-1.6856,-0.13584,0.21936,-1.7794,-0.12716,0.23171,-1.8074,-0.11175,0.27733
-1.6983,-0.19404,0.19968,-1.7888,-0.17865,0.22033,-1.8162,-0.13347,0.28017
-1.6797,-0.091197,0.30789,-1.7766,-0.1162,0.31303,-1.8129,-0.24257,0.31385
-1.7073,-0.16969,0.2397,-1.8022,-0.15951,0.26577,-1.8425,-0.13102,0.31701
-1.7172,-0.16189,0.24097,-1.811,-0.15433,0.25625,-1.8388,-0.13035,0.30228
-1.6935,-0.12291,0.27951,-1.791,-0.11574,0.28834,-1.8366,-0.10698,0.32532
-1.6938,-0.13028,0.27056,-1.786,-0.12199,0.29021,-1.8227,-0.11565,0.35608
-1.7079,-0.1028,0.24732,-1.7926,-0.10339,0.26899,-1.8271,-0.10813,0.32845
-1.7073,-0.12373,0.24174,-1.7926,-0.1222,0.26106,-1.8422,-0.12699,0.30345
-1.7037,-0.1283,0.23478,-1.7902,-0.13031,0.25031,-1.8358,-0.15134,0.29214
-1.6939,-0.1183,0.27011,-1.7818,-0.11964,0.28789,-1.8232,-0.1342,0.32085
-1.7042,-0.077027,0.44259,-1.7728,-0.080859,0.43826,-1.8155,-0.13162,0.42097
-1.7812,-0.13479,0.5033,-1.8215,-0.14462,0.48428,-1.9409,-0.21877,0.48047
-1.8874,-0.07157,0.38297,-1.8744,-0.071798,0.41971,-1.8796,0.065985,0.64896
-1.6981,-0.099332,0.47293,-1.752,-0.13246,0.50454,-1.8689,-0.20384,0.48788
-1.8103,-0.17965,0.39315,-1.8498,-0.20387,0.43087,-1.928,-0.21387,0.41612
-1.9296,-0.033129,0.1642,-1.9804,-0.020325,0.13645,-1.9818,-0.041496,0.065615
-1.7822,-0.046806,0.29054,-1.8204,-0.067529,0.24786,-1.8281,-0.21938,0.15465
-1.7578,-0.17233,0.35569,-1.7792,-0.18458,0.34674,-1.861,-0.2796,0.35481
-1.8885,-0.097385,0.2448,-1.9877,-0.11235,0.27223,-2.0071,-0.16047,0.35857
-1.86,-0.13695,0.28683,-1.9522,-0.13365,0.29493,-2.0385,-0.12791,0.38368
-1.8064,-0.24711,0.36666,-1.8853,-0.23909,0.38169,-1.9502,-0.24232,0.38415
-1.7154,-0.36579,0.33141,-1.7994,-0.37624,0.28493,-1.8098,-0.4947,0.20807
-1.7487,-0.34288,0.29632,-1.8021,-0.35158,0.26763,-1.8194,-0.48494,0.19315
-1.7045,-0.39729,0.32898,-1.7786,-0.40461,0.30784,-1.789,-0.51398,0.22845
-1.7383,-0.17764,0.34528,-1.7856,-0.16727,0.35128,-1.8591,-0.16616,0.36591
-1.7565,-0.19676,0.34164,-1.8168,-0.18599,0.34238,-1.8613,-0.17864,0.34997
-1.7784,-0.22793,0.32129,-1.8256,-0.24095,0.28951,-1.8326,-0.52026,0.16334
-1.7278,-0.25615,0.34335,-1.7757,-0.26629,0.31766,-1.7382,-0.39736,0.26694
-1.7428,-0.2231,0.31809,-1.8173,-0.23128,0.31624,-1.7593,-0.32885,0.35043
-1.7816,-0.22946,0.2775,-1.853,-0.21026,0.24001,-1.8756,-0.2299,0.12178
-1.7826,-0.38027,0.25426,-1.8457,-0.36865,0.23992,-1.8407,-0.42322,0.25227
-1.7917,-0.34763,0.23237,-1.8588,-0.35476,0.20671,-1.8684,-0.47971,0.15747
-1.8042,-0.24916,0.23539,-1.8856,-0.28425,0.20446,-1.9283,-0.51268,0.10528
-1.7546,-0.26848,0.27933,-1.8327,-0.29116,0.26698,-1.8447,-0.46393,0.20705
-1.8209,-0.23069,0.091733,-1.8801,-0.23092,0.020418,-1.939,-0.50146,-0.30412
-1.9526,-0.13629,0.14024,-2.0106,-0.14104,0.16016,-2.031,-0.17311,0.1349
-1.8088,-0.25316,0.32327,-1.8917,-0.22792,0.32961,-1.8706,-0.15564,0.33041
-1.7263,-0.14337,0.42639,-1.7688,-0.13525,0.41025,-1.7792,-0.17257,0.38788
-1.6923,-0.19977,0.41079,-1.7735,-0.19519,0.41979,-1.7793,-0.18931,0.40991
-1.6833,-0.30326,0.39451,-1.7725,-0.29094,0.41011,-1.7926,-0.25048,0.44732
-1.6665,-0.23642,0.42279,-1.7489,-0.2338,0.42702,-1.8103,-0.26814,0.41876
-1.7582,-0.27549,0.4351,-1.8127,-0.25395,0.46235,-1.8085,-0.18509,0.46276
-1.6729,-0.292,0.41643,-1.7664,-0.27312,0.43803,-1.8296,-0.18485,0.46049
-1.6761,-0.27091,0.4132,-1.7672,-0.25631,0.43445,-1.8207,-0.17094,0.47784
-1.7206,-0.099285,0.49669,-1.8034,-0.11649,0.50443,-1.7933,-0.20397,0.43658
-1.7538,-0.18617,0.44764,-1.8112,-0.18621,0.4653,-1.7934,-0.19364,0.44604
-1.7237,-0.1205,0.51509,-1.7883,-0.13833,0.52828,-1.7972,-0.2345,0.44268
-1.6677,-0.14742,0.52564,-1.7684,-0.15294,0.53812,-1.8029,-0.23364,0.45324
-1.7639,0.062092,0.59292,-1.8414,0.018465,0.51516,-1.8197,-0.29371,0.36184
-1.7323,-0.23993,0.40525,-1.7702,-0.20826,0.37299,-1.8136,-0.20559,0.43991
-1.6354,-0.25229,0.43969,-1.7121,-0.23751,0.46476,-1.7924,-0.18841,0.45189
-1.6634,-0.29374,0.39664,-1.7328,-0.28385,0.42291,-1.8104,-0.21812,0.42618
-1.6557,-0.29112,0.38932,-1.7279,-0.28314,0.41562,-1.7548,-0.26821,0.39578
-1.6596,-0.25088,0.41353,-1.7481,-0.24109,0.43246,-1.784,-0.17616,0.41917
-1.6594,-0.24869,0.41959,-1.7493,-0.24847,0.43662,-1.7872,-0.25293,0.4132
-1.6782,-0.26224,0.39652,-1.7718,-0.26113,0.41183,-1.8213,-0.24465,0.374
-1.6722,-0.2899,0.36428,-1.7648,-0.27385,0.38741,-1.7679,-0.18929,0.42169
-1.6958,-0.22378,0.40461,-1.7898,-0.21059,0.42434,-1.7855,-0.18429,0.41105
-1.7125,-0.24232,0.38061,-1.7994,-0.22723,0.40251,-1.7917,-0.17357,0.41567
-1.6952,-0.26088,0.39016,-1.7956,-0.2445,0.40718,-1.7957,-0.17721,0.43819
-1.7131,-0.22677,0.40664,-1.8016,-0.21348,0.4222,-1.7959,-0.16476,0.39606
-1.8354,-0.29083,0.15355,-1.9261,-0.27603,0.1871,-1.9161,-0.19087,0.26313
-1.9248,-0.24542,0.13267,-2.017,-0.22358,0.16661,-1.9854,-0.1266,0.29315
-1.8988,-0.29166,0.093889,-1.9965,-0.27553,0.12107,-1.9982,-0.17744,0.22665
-1.8371,-0.29027,0.15624,-1.9384,-0.2701,0.18059,-1.9566,-0.15031,0.24061
-1.8797,-0.24136,0.18157,-1.9779,-0.21543,0.2018,-1.9868,-0.096236,0.20656
-1.8487,-0.29738,0.10328,-1.9495,-0.28054,0.1284,-1.9695,-0.18069,0.17915
-1.8725,-0.2817,0.13698,-1.9743,-0.26046,0.16031,-1.9898,-0.15273,0.21463
-1.8733,-0.28563,0.10644,-1.9697,-0.26693,0.13764,-1.9686,-0.16901,0.21847
-1.8534,-0.32109,0.090606,-1.9516,-0.29901,0.11912,-1.9803,-0.17548,0.19777
-1.9082,-0.16218,0.25658,-2.0105,-0.15048,0.28795,-2.0293,-0.079409,0.33223
-1.887,-0.17878,0.2631,-1.9941,-0.19294,0.29421,-2.0694,-0.24815,0.28062
-1.9265,-0.17464,0.13232,-2.0287,-0.18373,0.16439,-2.1266,-0.21741,0.12591
-1.9669,-0.10482,0.08653,-2.0728,-0.10926,0.11688,-2.0995,-0.12349,0.15265
-1.9702,-0.11507,0.16628,-2.0769,-0.11426,0.18804,-2.1067,-0.11944,0.1938
-1.9746,-0.11382,0.14546,-2.086,-0.11298,0.16741,-2.1508,-0.12999,0.14406
-1.9979,-0.14414,0.15258,-2.0998,-0.13504,0.18212,-2.1436,-0.12452,0.16818
-1.9975,-0.12828,0.14253,-2.0987,-0.12556,0.18193,-2.15,-0.12869,0.19084
-1.9914,-0.10385,0.11792,-2.0881,-0.11065,0.15682,-2.1539,-0.12383,0.14371
-2.0282,-0.072115,0.13173,-2.1257,-0.080655,0.166,-2.1366,-0.12119,0.18164
-1.9489,-0.18255,0.17225,-2.0576,-0.19532,0.19046,-2.1158,-0.27286,0.12339
-1.9394,-0.091861,0.22151,-2.0315,-0.12,0.24053,-2.0803,-0.26994,0.12484
-1.6229,-0.052464,0.29885,-1.6801,-0.067319,0.32382,-1.6983,-0.13799,0.23282
-1.7141,-0.11359,0.11805,-1.7733,-0.12056,0.14997,-1.8565,-0.17244,0.08539
-1.649,-0.079585,-0.10789,-1.7264,-0.067471,-0.073876,-1.7764,-0.046132,-0.13387
-1.4143,-0.10108,-0.11241,-1.466,-0.072398,-0.09143,-1.4931,0.044682,-0.024456
-1.4155,-0.19997,0.10004,-1.4435,-0.18013,0.11584,-1.4683,-0.1284,0.16038
-1.5252,-0.18986,0.47067,-1.584,-0.1702,0.48426,-1.6501,-0.17436,0.41522
-1.743,-0.18509,0.37206,-1.7808,-0.17383,0.37423,-1.8142,-0.15198,0.27439
-1.8988,-0.21706,0.50026,-1.9299,-0.22074,0.45969,-2.018,-0.38421,0.24372
-1.988,-0.27856,0.5065,-2.025,-0.29367,0.4707,-2.1088,-0.45668,0.27609
-1.9847,-0.28418,0.49583,-2.0505,-0.29817,0.45139,-2.109,-0.46756,0.28481
-1.9951,-0.30243,0.48603,-2.0603,-0.31567,0.43607,-2.1139,-0.49196,0.26534
-2.0148,-0.24954,0.47562,-2.0858,-0.26892,0.4198,-2.1636,-0.48425,0.22567
-2.0051,-0.29696,0.4233,-2.0607,-0.3049,0.39492,-2.1141,-0.44257,0.27096
-2.0017,-0.24716,0.47705,-2.0649,-0.25787,0.43624,-2.1596,-0.42255,0.29163
-2.0369,-0.24926,0.45687,-2.1146,-0.2386,0.42677,-2.2296,-0.31876,0.25922
-1.9752,-0.22398,0.46919,-2.0406,-0.22956,0.4455,-2.124,-0.35344,0.29395
-1.9909,-0.20803,0.50273,-2.0723,-0.21352,0.45847,-2.18,-0.37492,0.26153
-1.9389,-0.24615,0.52909,-2.009,-0.26191,0.47631,-2.1131,-0.4407,0.29092
-1.8252,-0.1362,0.29289,-1.8872,-0.16305,0.28976,-1.9711,-0.32662,0.19062
-1.7569,-0.11796,0.2291,-1.8237,-0.15322,0.23462,-1.8724,-0.33673,0.1535
-1.7799,-0.14588,0.20103,-1.8401,-0.17281,0.20358,-1.8891,-0.31557,0.10789
-1.8332,-0.18819,0.39628,-1.8876,-0.18783,0.39498,-1.9838,-0.24999,0.27707
-1.9999,-0.27114,0.51111,-2.0723,-0.27142,0.46524,-2.1906,-0.3965,0.28106
-2.0295,-0.31128,0.46268,-2.0976,-0.31786,0.43009,-2.1792,-0.44537,0.29505
-1.9628,-0.24013,0.52215,-2.042,-0.25099,0.47355,-2.1808,-0.44051,0.28735
-1.9984,-0.23597,0.53521,-2.0745,-0.24608,0.4813,-2.1902,-0.44475,0.286
-1.9609,-0.23479,0.53231,-2.0346,-0.24939,0.48738,-2.1693,-0.4283,0.27586
-2.0481,-0.25745,0.48891,-2.1138,-0.26526,0.44193,-2.1948,-0.42094,0.27133
-1.97,-0.27923,0.5337,-2.0513,-0.28882,0.47595,-2.1795,-0.47744,0.26809
-1.9452,-0.2503,0.56738,-2.0208,-0.25557,0.5211,-2.1731,-0.38444,0.33964
-1.9404,-0.28386,0.5935,-2.0163,-0.27641,0.56217,-2.1387,-0.38695,0.46433
-1.8954,-0.24553,0.57203,-1.9551,-0.25337,0.53259,-2.0383,-0.39052,0.41995
-1.9483,-0.30836,0.36378,-1.985,-0.27848,0.34228,-1.9343,-0.19982,0.35006
-1.8655,-0.36217,0.411,-1.9349,-0.34797,0.37431,-2.0516,-0.40922,0.27739
-1.9011,-0.2803,0.42931,-1.9555,-0.27899,0.38729,-2.0049,-0.38969,0.27011
-1.8222,-0.21617,0.13446,-1.8877,-0.18561,0.13022,-1.8806,-0.086544,0.14356
-1.7297,-0.23617,0.27673,-1.811,-0.20875,0.27278,-1.8212,-0.12379,0.26269
-1.7122,-0.43543,0.41343,-1.8085,-0.4322,0.41306,-1.9074,-0.4293,0.3801
-1.7076,-0.27484,0.4952,-1.8108,-0.29954,0.49451,-1.9063,-0.42856,0.39015
-1.6988,-0.27142,0.48515,-1.7868,-0.31088,0.4783,-1.7999,-0.52586,0.35809
-1.7098,-0.24721,0.47601,-1.8132,-0.28427,0.47466,-1.9243,-0.43868,0.37603
-1.7271,-0.23968,0.46833,-1.8279,-0.28237,0.46266,-1.9269,-0.44563,0.37145
-1.7278,-0.25173,0.45486,-1.8155,-0.29227,0.45526,-1.8286,-0.48322,0.35107
-1.725,-0.23975,0.46296,-1.8152,-0.27965,0.45973,-1.8366,-0.48292,0.34137
-1.7285,-0.23731,0.46907,-1.8168,-0.27954,0.46692,-1.8254,-0.52594,0.34339
-1.6947,-0.25109,0.46581,-1.8068,-0.28258,0.46474,-1.9333,-0.41822,0.38596
-1.6506,-0.30613,0.46751,-1.7362,-0.33698,0.47008,-1.7304,-0.50902,0.38261
-1.6319,-0.26681,0.50613,-1.7151,-0.30872,0.49959,-1.7104,-0.52041,0.37755
-1.619,-0.43777,0.43004,-1.7008,-0.44741,0.43543,-1.6874,-0.53411,0.39773
-1.6433,-0.51141,0.45082,-1.7215,-0.50135,0.45434,-1.7086,-0.48871,0.39247
-1.469,0.35374,-1.9747,-1.5693,0.37169,-1.9641,-1.5944,0.41669,-2.0441
-1.5413,0.48798,-1.8689,-1.6215,0.48407,-1.8648,-1.6955,0.4256,-1.9867
-1.5421,0.49498,-1.9127,-1.6325,0.48994,-1.9131,-1.6841,0.42772,-2.0249
-1.5405,0.41649,-1.9503,-1.6279,0.42203,-1.9435,-1.6764,0.41887,-2.0092
-1.5118,0.42725,-1.9647,-1.5966,0.43558,-1.963,-1.6393,0.41973,-2.0141
-1.5102,0.43498,-1.857,-1.5999,0.44327,-1.8633,-1.6776,0.41155,-1.9507
-1.531,0.45642,-1.8465,-1.6219,0.45384,-1.8465,-1.6944,0.39138,-1.908
-1.5409,0.46157,-1.8439,-1.638,0.45895,-1.8433,-1.7033,0.39847,-1.8904
-1.5149,0.48466,-1.8173,-1.6094,0.48175,-1.8301,-1.6801,0.40952,-1.8876
-1.4717,0.47309,-1.8849,-1.5638,0.47741,-1.893,-1.6352,0.41437,-1.966
-1.4762,0.45374,-2.0195,-1.5515,0.45496,-2.0159,-1.5686,0.42725,-2.0266
-1.435,0.48047,-1.9969,-1.5097,0.48171,-2.0048,-1.5378,0.4418,-2.0492
-1.4181,0.46102,-2.0057,-1.4896,0.46565,-2.0137,-1.5126,0.43072,-2.0618
-1.4515,0.43257,-2.028,-1.5246,0.44369,-2.0285,-1.5349,0.43525,-2.0581
-1.435,0.46728,-2.0048,-1.5124,0.47052,-2.01,-1.5366,0.4355,-2.0458
-1.4518,0.46102,-1.9904,-1.5304,0.47386,-1.9984,-1.5694,0.46269,-2.0341
-1.4599,0.48179,-2.0044,-1.5367,0.48529,-2.0149,-1.5587,0.43757,-2.0689
-1.4823,0.40013,-2.0588,-1.5567,0.41607,-2.064,-1.5737,0.43937,-2.1054
-1.5413,0.48951,-1.9807,-1.5914,0.49312,-2.0074,-1.6733,0.42957,-2.0569
-1.5524,0.48399,-1.9051,-1.6139,0.44503,-1.9686,-1.6535,0.17397,-2.1293
-1.578,0.51568,-1.8927,-1.6077,0.51466,-1.9197,-1.7244,0.422,-1.9547
-1.5825,0.5113,-1.9125,-1.6182,0.50942,-1.9345,-1.7261,0.43416,-1.9519
-1.5836,0.50876,-1.9395,-1.6155,0.50635,-1.9602,-1.7272,0.43504,-1.9712
-1.578,0.51881,-1.9231,-1.6169,0.51362,-1.9458,-1.7258,0.44294,-1.9648
-1.5653,0.52289,-1.905,-1.6103,0.52165,-1.9272,-1.7328,0.44528,-1.9618
-1.581,0.38604,-1.9536,-1.6186,0.41066,-1.967,-1.7346,0.44589,-1.9452
-1.5366,0.46933,-1.8736,-1.5881,0.47263,-1.8963,-1.7038,0.41481,-1.9365
-1.5304,0.49903,-1.8247,-1.5674,0.49661,-1.8518,-1.6977,0.40712,-1.8872
-1.5575,0.4372,-1.9039,-1.5664,0.43928,-1.9236,-1.7247,0.40391,-1.901
-1.5425,0.51897,-1.8833,-1.5456,0.50869,-1.9064,-1.6958,0.41374,-1.9106
-1.5235,0.52832,-1.8659,-1.5874,0.51743,-1.8725,-1.6742,0.4139,-1.9342
-1.5515,0.46057,-1.9333,-1.614,0.45926,-1.9246,-1.6914,0.41624,-1.9414
-1.5238,0.51828,-1.8887,-1.59,0.50781,-1.8863,-1.6738,0.42133,-1.9513
-1.5424,0.51369,-1.9099,-1.6079,0.50181,-1.9048,-1.6734,0.41892,-1.9594
-1.5441,0.50935,-1.9058,-1.6164,0.50012,-1.9052,-1.6953,0.41764,-1.9787
-1.5506,0.5178,-1.9084,-1.6148,0.50517,-1.9062,-1.6862,0.41666,-1.9559
-1.5596,0.51916,-1.9165,-1.6268,0.50943,-1.9119,-1.7145,0.42493,-1.9667
-1.5594,0.50727,-1.9136,-1.6268,0.49828,-1.9082,-1.712,0.4173,-1.9538
-1.5496,0.50769,-1.9029,-1.6188,0.50307,-1.9002,-1.7123,0.42431,-1.9493
-1.5612,0.50459,-1.9065,-1.6254,0.50003,-1.9017,-1.7098,0.42821,-1.9412
-1.558,0.52421,-1.8975,-1.6238,0.51223,-1.8956,-1.7147,0.43669,-1.9438
-1.5616,0.51753,-1.9073,-1.6277,0.50949,-1.9037,-1.714,0.43436,-1.9529
-1.5561,0.51894,-1.9257,-1.6229,0.50592,-1.9237,-1.702,0.42088,-1.969
-1.5019,0.52146,-1.8598,-1.5743,0.51793,-1.8679,-1.694,0.42682,-1.9683
-1.5573,0.47155,-1.9307,-1.6224,0.46379,-1.9286,-1.6877,0.42578,-1.9518
-1.5324,0.54187,-1.8751,-1.5554,0.53806,-1.9163,-1.7064,0.41579,-1.9653
0.0681,0.52169,-1.1776,0.07289,0.54848,-1.1115,-0.00041634,0.71285,-0.93485
0.11439,0.31205,-1.1306,0.091854,0.30966,-1.1548,0.10079,0.24335,-1.223
0.10517,0.29665,-1.1353,0.097659,0.3122,-1.1606,0.07773,0.31884,-1.2671
0.11161,0.29719,-1.119,0.096186,0.29975,-1.144,0.083574,0.28644,-1.2039
0.064971,0.45164,-1.192,0.057907,0.46496,-1.1666,-0.018543,0.60707,-1.0706
-1.3521,0.5621,-2.0315,-1.3935,0.55713,-2.0718,-1.3913,0.42877,-2.1178
-1.1742,0.51082,-1.7966,-1.1909,0.50015,-1.8328,-1.2406,0.36973,-1.8793
-0.82876,0.53694,-1.3669,-0.81686,0.53502,-1.3931,-0.87258,0.48392,-1.4222
-1.1354,0.19182,-0.94103,-1.157,0.20634,-0.99226,-1.1872,0.11331,-1.1602
-1.1482,0.22725,-1.0621,-1.1535,0.2314,-1.1067,-1.1118,0.14671,-1.2546
-1.1165,0.18646,-1.0223,-1.1273,0.19349,-1.0643,-1.1005,0.12571,-1.1989
-1.0969,0.19046,-0.91936,-1.1098,0.1969,-0.95488,-1.0823,0.12501,-1.068
-1.0935,0.17781,-0.91112,-1.1046,0.18278,-0.94344,-1.0716,0.11168,-1.043
-1.1285,0.1663,-0.92087,-1.14,0.17079,-0.95263,-1.076,0.11119,-1.0534
-1.171,0.16941,-1.017,-1.1969,0.181,-1.0409,-1.1631,0.12677,-1.1657
-1.2633,0.20641,-1.0652,-1.2811,0.2177,-1.0997,-1.2767,0.14913,-1.2235
-1.3145,0.27288,-1.0743,-1.3336,0.26515,-1.1108,-1.2923,0.17926,-1.1949
-1.3202,0.18714,-1.0581,-1.2903,0.19701,-1.0808,-1.2533,0.16724,-1.1163
-1.2977,0.19098,-1.0329,-1.2763,0.20028,-1.0642,-1.2593,0.15379,-1.1382
-1.29,0.25939,-1.0189,-1.2798,0.25791,-1.0525,-1.2751,0.17104,-1.1368
-1.3002,0.27844,-1.0169,-1.2834,0.27124,-1.0546,-1.2879,0.16533,-1.1538
-1.2971,0.2878,-1.0322,-1.3348,0.24976,-0.9673,-1.2773,0.21225,-1.0953
-1.2944,0.24276,-1.0343,-1.2913,0.25068,-1.0698,-1.2734,0.17392,-1.1764
-1.3081,0.23472,-1.0222,-1.294,0.2416,-1.0593,-1.267,0.17566,-1.1499
-1.3157,0.25126,-1.0266,-1.3059,0.25555,-1.0577,-1.2834,0.20388,-1.091
-1.3223,0.29114,-1.0479,-1.291,0.27686,-1.0917,-1.3345,0.10789,-1.2668
-1.2981,0.26789,-1.0361,-1.2893,0.26547,-1.0874,-1.27,0.14588,-1.2323
-1.2756,0.28243,-1.0321,-1.2492,0.2753,-1.0785,-1.2827,0.18114,-1.1742
-1.2625,0.23929,-1.0426,-1.2539,0.24377,-1.0983,-1.2445,0.13943,-1.2562
-1.2489,0.23683,-1.0584,-1.2351,0.23604,-1.1058,-1.2306,0.14588,-1.2469
-1.2661,0.2092,-1.0635,-1.2423,0.2152,-1.1124,-1.3044,0.11648,-1.2185
-1.2869,0.23639,-1.0146,-1.2884,0.23569,-1.0668,-1.3627,0.15225,-1.1768
-1.2645,0.23709,-1.054,-1.2563,0.23352,-1.1223,-1.3011,0.072856,-1.2812
-1.2529,0.25461,-1.0493,-1.2532,0.25431,-1.1195,-1.2524,0.095649,-1.2998
-1.2151,0.23034,-1.0559,-1.2188,0.23233,-1.1035,-1.1831,0.13697,-1.2294
-1.2473,0.21832,-1.0561,-1.2397,0.22129,-1.1056,-1.2085,0.13284,-1.2316
-1.223,0.20294,-1.0735,-1.2135,0.21268,-1.1155,-1.2058,0.13999,-1.2431
-1.2481,0.24086,-1.0425,-1.2505,0.24482,-1.0912,-1.264,0.11085,-1.2508
-1.2626,0.24127,-1.0349,-1.2559,0.24203,-1.083,-1.226,0.13102,-1.2371
-1.2636,0.21853,-1.046,-1.2533,0.22471,-1.0856,-1.2436,0.15134,-1.182
-1.2845,0.20025,-1.0363,-1.27,0.21073,-1.0736,-1.2511,0.18491,-1.1469
-1.2483,0.2015,-1.0831,-1.2328,0.20574,-1.117,-1.2245,0.14217,-1.2048
-1.267,0.22082,-1.0457,-1.2528,0.22943,-1.0833,-1.2174,0.18333,-1.1549
-1.2893,0.21783,-1.0251,-1.2864,0.22992,-1.0643,-1.2509,0.16579,-1.1854
-1.2787,0.18768,-1.0424,-1.2751,0.19994,-1.0818,-1.2361,0.14916,-1.1809
-1.2727,0.2109,-1.0333,-1.2684,0.21162,-1.0849,-1.2814,0.11022,-1.2064
-1.2847,0.22075,-1.027,-1.2947,0.23525,-1.0728,-1.3384,0.10328,-1.2166
-1.2704,0.25228,-1.0197,-1.2525,0.25549,-1.0684,-1.2557,0.14576,-1.2046
-1.29,0.23683,-1.0212,-1.2836,0.23672,-1.0659,-1.2371,0.14953,-1.1718
0.47599,0.15692,-0.84938,0.47602,0.15674,-0.85782,0.60648,0.16421,-0.91309
0.53699,0.18999,-0.93386,0.53298,0.1935,-0.9455,0.63725,0.1852,-1.0238
0.48594,0.16337,-0.88275,0.47593,0.16563,-0.92044,0.48866,0.077235,-1.0804
0.42203,0.13862,-0.77193,0.41542,0.14335,-0.79578,0.44597,0.081457,-0.92962
0.6171,0.15112,-0.86868,0.62813,0.15857,-0.87304,0.75411,0.17971,-0.93276
0.74093,0.0956,-0.90259,0.77542,0.11499,-0.92424,0.88768,0.15552,-1.0273
0.60461,0.077542,-0.9258,0.63499,0.096164,-0.95207,0.65132,0.094391,-1.1072
0.4541,0.16195,-0.93038,0.41583,0.16556,-0.93856,0.49784,0.20833,-0.97586
0.46387,0.24753,-0.93005,0.40869,0.22865,-0.92809,0.45586,0.18147,-0.9363
0.40517,0.22295,-0.99479,0.40998,0.21605,-1.0037,0.44847,0.16844,-1.0626
0.3945,0.16251,-1.0017,0.41254,0.17585,-1.0166,0.48019,0.18938,-1.1192
0.40148,0.16089,-1.0061,0.42837,0.16707,-1.0234,0.49674,0.1393,-1.158
-1.2661,0.19393,-1.1334,-1.2737,0.20554,-1.1632,-1.2706,0.17718,-1.2412
-1.2151,0.21742,-1.1383,-1.234,0.22335,-1.165,-1.236,0.14376,-1.2777
-1.1991,0.26765,-1.1121,-1.2338,0.27131,-1.1305,-1.2766,0.22481,-1.1808
-1.1875,0.23705,-1.1314,-1.2144,0.24641,-1.152,-1.2698,0.22255,-1.1827
-1.2021,0.20626,-1.1362,-1.2454,0.22028,-1.1462,-1.2752,0.22102,-1.1852
0.48634,0.49812,-1.0852,0.47251,0.45435,-1.0978,0.51036,0.2322,-1.095
-0.63705,-0.072169,0.32346,-0.67009,-0.063612,0.31715,-0.69191,-0.07482,0.30261
1.3683,-0.29056,1.7829,1.3494,-0.31158,1.7961,1.3864,-0.37421,1.7387
-1.1042,0.25395,-1.2564,-1.1472,0.2545,-1.2552,-1.1868,0.24483,-1.2489
-1.1104,0.27451,-1.3571,-1.1655,0.28236,-1.3599,-1.193,0.29542,-1.3798
-1.1261,0.32714,-1.337,-1.1818,0.33428,-1.348,-1.204,0.31203,-1.4095
-1.2073,0.30776,-1.3349,-1.2711,0.31022,-1.3501,-1.292,0.29004,-1.4123
-1.19,0.31694,-1.3175,-1.2285,0.31645,-1.3287,-1.2928,0.25549,-1.4096
-1.1064,0.26652,-1.3054,-1.1204,0.2729,-1.3178,-1.052,0.2357,-1.4015
-1.1038,0.28988,-1.2992,-1.1575,0.29393,-1.3033,-1.2196,0.26511,-1.3381
-1.1433,0.2837,-1.3179,-1.1926,0.28568,-1.3242,-1.2412,0.27488,-1.3564
-1.1432,0.27972,-1.3086,-1.1949,0.28447,-1.3189,-1.2172,0.2858,-1.3379
-1.1103,0.26058,-1.3582,-1.1525,0.26955,-1.3607,-1.1742,0.29919,-1.319
-1.11,0.28304,-1.373,-1.1607,0.28505,-1.3767,-1.1772,0.28344,-1.3511
-1.1394,0.33382,-1.3199,-1.1886,0.3324,-1.3312,-1.2048,0.31657,-1.3787
-1.1458,0.33148,-1.3076,-1.1866,0.31691,-1.3326,-1.2333,0.18401,-1.4552
-1.1048,0.32626,-1.3013,-1.1359,0.32687,-1.3106,-1.0478,0.30627,-1.4232
-1.0722,0.33353,-1.3252,-1.0893,0.31864,-1.3475,-1.0106,0.21939,-1.4428
-1.0702,0.31743,-1.3252,-1.0896,0.31765,-1.3406,-1.0524,0.19981,-1.501
-1.0807,0.31726,-1.3224,-1.1079,0.30532,-1.3453,-1.0435,0.17351,-1.4829
-1.0973,0.30529,-1.348,-1.1281,0.30133,-1.3684,-1.0524,0.199,-1.5011
-1.1137,0.33511,-1.3121,-1.1456,0.32482,-1.3363,-1.1003,0.16822,-1.5175
-1.1034,0.32421,-1.3249,-1.143,0.31689,-1.3447,-1.0744,0.20038,-1.4956
-1.118,0.30313,-1.335,-1.1499,0.29408,-1.3479,-1.0856,0.17903,-1.4704
-1.136,0.33387,-1.3024,-1.1724,0.32289,-1.3227,-1.1358,0.1844,-1.4795
-1.13,0.31171,-1.3002,-1.1656,0.3023,-1.3224,-1.1172,0.1694,-1.4869
-1.0927,0.3535,-1.3184,-1.1282,0.33739,-1.3392,-1.0771,0.19193,-1.4665
-1.072,0.35471,-1.3198,-1.0886,0.33309,-1.3451,-1.096,0.16382,-1.463
-1.0781,0.3431,-1.3115,-1.1146,0.32483,-1.3314,-1.1064,0.14638,-1.4773
-1.1191,0.32622,-1.3272,-1.1446,0.31278,-1.3495,-1.1098,0.15513,-1.5045
-1.0888,0.32619,-1.3214,-1.1109,0.31615,-1.3402,-1.0542,0.18721,-1.4581
0.48994,0.19704,-0.99345,0.49032,0.18363,-0.96802,0.50317,0.13004,-1.1219
-1.0447,0.25523,-1.3085,-1.0669,0.26318,-1.3282,-0.96803,0.25291,-1.4033
-1.0179,0.29493,-1.312,-1.0358,0.30431,-1.3373,-0.97824,0.24848,-1.4706
-0.95269,0.19946,-1.1831,-0.89286,0.19964,-1.1851,-0.9158,0.27508,-1.4401
-0.54652,0.2068,-0.67161,-0.53361,0.20485,-0.69345,-0.42312,0.17504,-0.7394
0.69899,0.13601,-0.83973,0.72438,0.14096,-0.81015,0.69428,0.19118,-0.90736
0.81801,0.047308,-0.72822,0.81268,0.071425,-0.72294,0.80184,0.1773,-0.77863
0.84892,-0.018125,-0.52463,0.84558,0.0021749,-0.52077,0.86464,0.07884,-0.57166
0.87352,0.075297,-0.3841,0.8843,0.084643,-0.37799,0.84838,0.13265,-0.44501
0.96413,0.064128,-0.53905,0.97316,0.070537,-0.53565,0.95807,0.10961,-0.59917
0.91959,0.064248,-0.48007,0.93015,0.071109,-0.47826,0.87875,0.10995,-0.53601
0.99453,0.030042,-0.44992,1.0072,0.042736,-0.44632,0.98391,0.12414,-0.50981
1.0439,0.028082,-0.45041,1.055,0.040972,-0.44637,1.042,0.098139,-0.49964
1.0294,0.036131,-0.45173,1.0354,0.044997,-0.44828,1.0212,0.098168,-0.49312
1.0126,0.031693,-0.45984,1.0267,0.040067,-0.45783,0.9895,0.067884,-0.54436
0.99979,0.052146,-0.46714,1.0154,0.013266,-0.48133,0.96719,-0.20504,-0.63383
1.0254,0.088459,-0.46351,1.0457,0.047577,-0.49405,1.0236,-0.20796,-0.65326
1.0281,0.042646,-0.46634,1.0352,0.048049,-0.46715,1.0056,0.080943,-0.53204
1.0162,0.068439,-0.45087,1.0278,0.074286,-0.45147,1.005,0.10388,-0.52512
1.0185,0.047505,-0.4686,1.0393,0.012526,-0.48731,1.0173,-0.19293,-0.64859
1.0423,0.074706,-0.46827,1.0566,0.045411,-0.40572,1.0399,0.07098,-0.56222
1.1264,0.086805,-0.53823,1.1546,0.06317,-0.48084,1.102,0.10488,-0.61766
1.113,0.049537,-0.5535,1.0813,-0.022492,-0.51533,1.0835,-0.189,-0.69862
0.93183,0.10026,-0.53747,0.90922,0.02995,-0.50024,0.88505,-0.18426,-0.68805
0.86795,0.10809,-0.51642,0.87456,0.039005,-0.46616,0.8314,-0.14977,-0.66883
0.90972,0.11978,-0.53236,0.8854,0.046102,-0.49895,0.90419,-0.17937,-0.69269
0.87723,0.12831,-0.49162,0.94232,0.101,-0.44906,0.88442,0.059812,-0.54671
0.89782,0.07942,-0.54145,0.94371,0.033622,-0.52854,0.88801,-0.16938,-0.69353
0.90285,0.065059,-0.53464,0.93451,0.048719,-0.49775,0.90847,0.064335,-0.57157
0.90145,0.093868,-0.52282,0.89646,0.058849,-0.45227,0.89622,0.053833,-0.57507
0.91317,0.075059,-0.51708,0.91169,0.043012,-0.45032,0.92599,0.063196,-0.58472
0.90579,0.083553,-0.52424,0.9042,0.013918,-0.47665,0.89783,-0.18277,-0.68108
0.91285,0.08313,-0.52058,0.90875,0.055888,-0.4523,0.91744,0.10699,-0.5788
0.92757,0.078044,-0.51798,0.91844,0.055225,-0.44793,0.92828,0.11859,-0.57066
0.90057,0.027452,-0.53279,0.89572,-0.00046396,-0.4605,0.89468,0.044197,-0.56952
0.97271,-0.043131,-0.53368,0.95459,-0.024809,-0.5332,0.97017,0.052909,-0.53853
1.1815,-0.047448,-0.47485,1.194,-0.018326,-0.46586,1.1673,0.085486,-0.48834
1.1372,-0.0081799,-0.44297,1.1458,0.010672,-0.43477,1.1506,0.094323,-0.45423
1.0589,0.072342,-0.33476,1.1094,0.073988,-0.3283,1.1612,0.070996,-0.38897
1.036,0.059404,-0.3567,1.0711,0.068431,-0.35295,1.1376,0.071508,-0.42068
1.0759,-0.10948,-0.44479,1.0686,-0.078737,-0.44932,1.1279,0.011828,-0.44053
1.127,-0.017214,-0.46309,1.1634,0.016633,-0.50226,1.1249,0.049716,-0.44795
1.1458,-0.034744,-0.42381,1.1589,-0.0082743,-0.4244,1.2026,0.13235,-0.42726
1.097,-0.026147,-0.48055,1.1022,-0.0019872,-0.47814,1.1525,0.10015,-0.51087
0.91344,0.074035,-0.61076,0.98492,0.080724,-0.57978,1.0113,0.16703,-0.64862
1.0681,0.12553,-0.96498,1.1211,0.12969,-0.95682,1.1188,0.14068,-1.1074
0.92755,0.12099,-0.89475,0.99274,0.11538,-0.8617,0.94296,0.19164,-0.98177
0.73056,0.15054,-1.0177,0.67984,0.13958,-0.96244,0.72102,0.21758,-1.0434
0.76528,0.29401,-1.2888,0.7034,0.25613,-1.2424,0.73358,0.23447,-1.3656
1.0477,0.27783,-1.5919,1.0567,0.28461,-1.5904,1.067,0.31046,-1.6759
1.262,0.296,-1.8736,1.25,0.32795,-1.8788,1.3231,0.41407,-1.8637
1.2517,0.19062,-1.9435,1.3047,0.20234,-1.9981,1.376,0.20725,-2.181
1.2717,-0.13979,-1.7032,1.2973,-0.1331,-1.7755,1.2444,-0.1586,-1.9845
1.2235,0.045028,-1.8862,1.2562,0.029387,-1.9505,1.2455,-0.10508,-2.106
1.2059,0.30911,-1.9328,1.2471,0.32248,-1.9335,1.3004,0.34765,-2.0112
1.2299,0.38894,-1.9346,1.275,0.39629,-1.9177,1.3731,0.45924,-1.8939
1.2425,0.43279,-1.9425,1.3119,0.43413,-1.9338,1.3475,0.48421,-1.941
1.1562,0.43898,-1.9109,1.2124,0.44253,-1.8946,1.2103,0.51146,-1.9038
0.98302,0.43902,-1.864,1.0078,0.44542,-1.8389,1.074,0.49831,-1.7918
0.90377,0.40617,-1.9806,0.98008,0.39718,-1.9698,1.0149,0.41644,-2.021
0.81004,0.40976,-1.8417,0.87233,0.39581,-1.8227,0.91424,0.39398,-1.8338
0.81018,0.40082,-1.8207,0.86302,0.40512,-1.8129,0.89053,0.45008,-1.8655
0.76218,0.34103,-1.7732,0.81215,0.34622,-1.7717,0.85659,0.35829,-1.8895
0.84995,0.34326,-1.7637,0.89716,0.35469,-1.7552,0.91877,0.41681,-1.8271
0.83515,0.34822,-1.8076,0.8769,0.362,-1.8008,0.92522,0.45093,-1.852
0.851,0.40126,-1.7927,0.89963,0.40596,-1.7836,0.94285,0.40084,-1.8739
0.8528,0.39377,-1.8017,0.89992,0.39548,-1.7931,0.93345,0.33274,-1.9058
0.85975,0.40616,-1.7854,0.91123,0.40943,-1.7734,0.95082,0.38569,-1.8729
0.87619,0.37089,-1.7866,0.92654,0.37339,-1.7786,0.95421,0.37277,-1.8916
0.88012,0.37274,-1.7895,0.92996,0.37227,-1.7812,0.97303,0.33357,-1.8977
0.88589,0.3877,-1.7908,0.91353,0.38549,-1.7967,0.9433,0.33627,-1.894
0.89876,0.37566,-1.805,0.90632,0.37034,-1.8143,0.93752,0.31189,-1.8914
0.9013,0.3707,-1.7982,0.95379,0.35873,-1.7794,0.91476,0.30308,-1.9295
0.89551,0.33779,-1.7831,0.9478,0.33686,-1.778,0.97621,0.30102,-1.9124
0.41776,0.2027,-0.99622,0.40775,0.19337,-0.99969,0.42369,0.16496,-1.0581
0.76644,0.019153,-0.11465,0.7673,0.0091692,-0.12938,0.85387,-0.04275,-0.17477
1.1544,0.36637,-1.7261,1.1762,0.36308,-1.6938,1.2321,0.41484,-1.7821
-0.90706,0.39834,-1.7631,-0.91193,0.39984,-1.7712,-0.89409,0.3843,-1.7799
-0.82252,0.37469,-1.647,-0.80245,0.3829,-1.6662,-0.81342,0.37365,-1.6339
-0.79334,0.37112,-1.5774,-0.76014,0.38291,-1.5968,-0.76856,0.40417,-1.5328
-0.81779,0.39893,-1.6559,-0.79313,0.40828,-1.6668,-0.83071,0.44075,-1.5863
-0.82014,0.40469,-1.6449,-0.79048,0.41376,-1.657,-0.85477,0.41188,-1.5979
-0.81805,0.39446,-1.6498,-0.80459,0.40036,-1.6691,-0.85061,0.39329,-1.6201
-0.81054,0.40865,-1.6409,-0.79573,0.42153,-1.6472,-0.82158,0.42627,-1.5845
-0.81635,0.39869,-1.6494,-0.80054,0.40347,-1.6658,-0.82105,0.41767,-1.6163
-0.81615,0.40135,-1.6466,-0.79101,0.40845,-1.6652,-0.84728,0.37145,-1.6399
-0.77816,0.41436,-1.657,-0.76939,0.41643,-1.6726,-0.82045,0.33639,-1.685
-0.77295,0.40787,-1.6681,-0.7631,0.40811,-1.6819,-0.78328,0.36146,-1.6768
-0.81543,0.32379,-1.57,-0.80452,0.33335,-1.5843,-0.87803,0.33139,-1.5411
-0.83347,0.29422,-1.5597,-0.83072,0.31276,-1.5707,-0.939,0.33411,-1.5066
-0.78181,0.31629,-1.5614,-0.77544,0.32569,-1.5733,-0.83414,0.32198,-1.5192
-0.62229,0.92408,-1.5727,-0.58409,0.88769,-1.4817,-0.70798,0.80874,-1.4727
1.312,0.35568,-1.7549,1.3579,0.36596,-1.756,1.3314,0.39143,-1.6743
1.3176,0.32601,-1.7515,1.3604,0.33741,-1.7469,1.329,0.38375,-1.6443
1.3244,0.35853,-1.7514,1.3731,0.36531,-1.751,1.3199,0.37799,-1.6623
1.3346,0.36075,-1.7582,1.3667,0.36987,-1.7603,1.3131,0.38294,-1.6787
1.32,0.34859,-1.7709,1.3584,0.36072,-1.7747,1.3353,0.40084,-1.6905
1.3219,0.378,-1.7506,1.3665,0.38661,-1.7597,1.3771,0.40765,-1.7273
1.3014,0.36379,-1.7999,1.3405,0.37627,-1.797,1.317,0.43424,-1.7022
1.2637,0.39605,-1.8676,1.3064,0.40176,-1.8688,1.2811,0.41891,-1.7813
1.289,0.39368,-1.8209,1.3316,0.40266,-1.8241,1.3167,0.42702,-1.7371
1.3159,0.41133,-1.7659,1.3567,0.41728,-1.7715,1.3404,0.42443,-1.6852
1.2962,0.35862,-1.7573,1.3589,0.3763,-1.7634,1.3865,0.44107,-1.6683
1.3369,0.47329,-1.6926,1.3788,0.46352,-1.6997,1.4181,0.43319,-1.6311
1.3414,0.50093,-1.6815,1.3902,0.48771,-1.6904,1.4352,0.4423,-1.6471
1.3067,0.45446,-1.7095,1.3604,0.44762,-1.719,1.3978,0.42686,-1.6741
1.198,0.42472,-1.7847,1.2354,0.41901,-1.7854,1.2733,0.41363,-1.7446
1.2493,0.38154,-1.6042,1.2347,0.38641,-1.6132,1.2582,0.38836,-1.6441
1.5045,0.35996,-1.7595,1.5007,0.36135,-1.7683,1.5522,0.33712,-1.8239
1.5475,0.38742,-1.7781,1.5762,0.39279,-1.7756,1.7001,0.44895,-1.7309
1.5902,0.30259,-1.538,1.6189,0.31055,-1.5229,1.5914,0.36775,-1.4627
1.7968,0.20065,-1.1837,1.8224,0.21097,-1.1715,1.8602,0.27795,-1.1173
1.8496,0.11749,-0.80964,1.8796,0.12263,-0.7929,1.8916,0.17063,-0.71971
1.9112,0.42311,-0.61083,1.9367,0.49917,-0.59279,2.067,0.74883,-0.59415
2.0933,0.033416,-0.16213,2.1503,0.03828,-0.16541,2.1918,0.080642,-0.035913
2.0516,0.016954,0.23174,2.0447,0.023705,0.24037,2.1585,0.059304,0.27566
2.1436,0.044517,0.20069,2.1532,0.034293,0.20793,2.2503,0.015689,0.25283
2.1791,-0.084808,-0.065871,2.2241,-0.085735,-0.075991,2.3266,-0.040629,0.0037348
2.1574,-0.093114,-0.081873,2.1307,-0.049311,-0.13829,2.3117,-0.028266,-0.067642
2.1758,-0.069213,-0.049118,2.1494,-0.021464,-0.088574,2.3405,0.030012,-0.006618
2.1651,-0.08374,-0.066863,2.1372,-0.033287,-0.11227,2.3187,0.018289,-0.02842
2.1749,-0.092373,-0.077706,2.2331,-0.067012,-0.1004,2.321,0.044569,-0.013607
2.1793,-0.14923,-0.093441,2.1935,-0.093009,-0.16101,2.3437,-0.047824,-0.048498
2.2055,-0.15812,-0.074649,2.1857,-0.12014,-0.068839,2.3566,-0.0011465,-0.035977
2.2325,-0.10861,-0.03832,2.2576,-0.086815,-0.028747,2.3678,0.076969,0.053694
2.149,-0.11407,-0.075917,2.1538,-0.096889,-0.056584,2.2657,0.019633,0.025434
2.0337,-0.086936,-0.11712,2.0398,-0.062771,-0.098622,2.1058,0.065904,-0.026343
1.9859,-0.076442,-0.1409,1.9956,-0.053435,-0.12744,2.0765,0.072293,-0.078947
1.9729,-0.074501,-0.15277,1.9676,-0.044839,-0.14024,2.0541,0.070073,-0.12614
2.0448,-0.045287,-0.044391,2.0812,-0.020649,-0.10726,2.1203,0.025421,-0.055923
2.0855,-0.06708,-0.004354,2.0761,-0.036703,0.0069227,2.2331,0.082224,0.037716
2.1377,-0.075402,-0.06409,2.131,-0.048427,-0.034275,2.2397,0.12366,0.095143
2.1267,-0.092866,-0.084396,2.125,-0.068685,-0.064144,2.2613,0.071071,0.020302
2.21,-0.093171,-0.10226,2.2277,-0.079958,-0.076094,2.378,0.036361,0.033696
2.3194,-0.092745,-0.10459,2.3197,-0.072799,-0.086752,2.4977,0.040739,-0.025303
2.308,-0.073642,-0.065908,2.3033,-0.053369,-0.063476,2.4975,0.029588,-0.068946
2.289,-0.04911,-0.12374,2.2834,-0.03514,-0.11679,2.4724,0.040602,-0.10874
2.2889,-0.043846,-0.11352,2.2844,-0.03246,-0.10604,2.4856,0.0354,-0.098697
2.2856,-0.033122,-0.2529,2.303,-0.023631,-0.23397,2.3999,0.069982,-0.15564
2.2339,-0.087144,-0.30445,2.2095,-0.05866,-0.28238,2.3846,0.069483,-0.17472
2.1758,-0.015671,-0.3411,2.1285,0.0070592,-0.36126,2.2208,0.086857,-0.348
2.1366,-0.0062531,-0.37282,2.156,0.01424,-0.37811,2.1888,0.11142,-0.35956
2.1637,-0.016093,-0.30407,2.1648,0.00069433,-0.30117,2.218,0.10924,-0.28953
2.1981,-0.064939,-0.35318,2.1979,-0.046853,-0.35253,2.2638,0.02944,-0.38074
2.1677,-0.073091,-0.41769,2.1611,-0.06342,-0.40777,2.2613,0.0034733,-0.38471
2.1909,-0.05685,-0.44336,2.1737,-0.053194,-0.42326,2.2705,0.026976,-0.34417
2.1969,-0.026326,-0.28601,2.1914,-0.011309,-0.27316,2.2955,0.090305,-0.21814
2.2023,0.041552,-0.078039,2.2243,0.037559,-0.076992,2.2792,0.078286,-0.026726
2.2362,-0.05371,-0.12882,2.2547,-0.04505,-0.11589,2.3025,0.021422,-0.026203
2.2538,0.072189,-0.089299,2.2678,0.053427,-0.08433,2.3453,0.027788,-0.044518
2.2719,-0.037712,-0.13684,2.2986,-0.028326,-0.12049,2.3858,0.043109,-0.011527
2.275,-0.032604,-0.13585,2.2958,-0.02909,-0.11895,2.3903,0.036182,-0.0052872
2.2417,-0.03395,-0.12504,2.2677,-0.041295,-0.11682,2.3979,0.02727,-0.034884
2.2223,-0.026118,-0.24801,2.2343,-0.038412,-0.23683,2.345,-0.028331,-0.17811
2.2128,-0.018208,-0.20966,2.2204,-0.015553,-0.19796,2.3467,0.055711,-0.1519
2.2277,-0.052217,-0.24372,2.2372,-0.055863,-0.23475,2.37,-0.0060232,-0.19497
2.2651,0.011596,-0.20362,2.2687,0.019938,-0.1886,2.3784,0.062503,-0.13794
2.2468,0.054714,-0.18671,2.2551,0.039799,-0.17529,2.3629,0.044338,-0.12521
2.2285,0.042368,-0.20482,2.2354,0.032175,-0.17955,2.366,0.062285,-0.11138
2.2403,0.046659,-0.1678,2.2577,0.039619,-0.15947,2.3757,0.049268,-0.11899
2.2612,0.054597,-0.17377,2.2561,0.041367,-0.16301,2.3733,0.027508,-0.1433
2.2091,-0.10903,-0.3219,2.1887,-0.1247,-0.32819,2.2979,-0.21288,-0.39598
2.2458,0.0049445,-0.25627,2.2455,-0.00014731,-0.24989,2.3643,0.019355,-0.25614
2.238,-0.0051724,-0.25024,2.2322,-0.0032325,-0.24342,2.3332,-0.018431,-0.28019
2.1938,-0.019281,-0.22509,2.2019,-0.028466,-0.22779,2.3767,-0.042608,-0.29043
2.221,-0.0059149,-0.18587,2.233,-0.0084473,-0.18269,2.3916,0.011044,-0.24108
2.2125,0.053798,-0.19476,2.2224,0.045181,-0.18994,2.3991,0.038012,-0.22827
2.1516,0.075648,-0.19962,2.1748,0.044457,-0.19959,2.3323,-0.012681,-0.17584
2.2086,0.19106,-0.1174,2.2292,0.15213,-0.12279,2.3632,0.028481,-0.16293
2.1807,0.18793,-0.1442,2.2122,0.15572,-0.1412,2.3437,0.088999,-0.087218
2.2052,0.092125,-0.16211,2.2301,0.075395,-0.16587,2.3927,0.064315,-0.20419
2.1742,0.051941,-0.18816,2.1979,0.043606,-0.19289,2.3587,0.045067,-0.24095
2.2115,-0.010056,-0.266,2.2548,-0.021798,-0.29709,2.366,-0.061765,-0.2729
2.1972,-0.047721,-0.27394,2.2283,-0.050918,-0.29013,2.3127,-0.053359,-0.31346
2.2274,0.042898,-0.24592,2.1715,0.051122,-0.25505,2.3343,0.051904,-0.25139
2.1693,-0.070542,-0.27602,2.1736,-0.073306,-0.27061,2.2857,-0.041001,-0.29826
2.1873,0.0027799,-0.2525,2.1635,-0.0034378,-0.24808,2.3258,-0.027951,-0.28097
2.1874,-0.043618,-0.22646,2.2248,-0.033574,-0.24641,2.2948,-0.02903,-0.24062
2.1464,0.0056419,-0.18077,2.1932,0.0067125,-0.21273,2.2771,-0.008722,-0.22286
2.1344,0.0097845,-0.17355,2.1885,0.012549,-0.2129,2.265,0.018469,-0.21922
2.1667,0.015799,-0.21112,2.2073,0.031674,-0.24246,2.2575,0.048513,-0.25904
2.1804,0.060576,-0.18238,2.2227,0.050655,-0.21634,2.289,-0.016162,-0.24028
2.1695,-0.0074426,-0.23723,2.2186,-0.0011161,-0.26386,2.3109,0.0095311,-0.2558
2.167,-0.028148,-0.20077,2.2258,-0.024957,-0.22823,2.3351,-0.0032345,-0.18368
2.1801,-0.015511,-0.19781,2.2395,-0.0060298,-0.2266,2.3462,0.026446,-0.2005
2.1819,0.0075406,-0.20847,2.2383,0.017242,-0.23577,2.3427,0.062193,-0.22083
2.1797,0.00023511,-0.19854,2.2233,0.0039727,-0.22272,2.32,0.02198,-0.22759
2.1638,0.02842,-0.1932,2.2282,0.036573,-0.2229,2.3221,0.054777,-0.21482
2.1643,0.013329,-0.17357,2.2276,0.019069,-0.20662,2.3205,0.042576,-0.21801
2.1961,-0.032509,-0.20079,2.2614,-0.01759,-0.22745,2.3323,0.032591,-0.21305
2.2001,-0.073465,-0.22224,2.2745,-0.055102,-0.24805,2.3374,0.041387,-0.19335
2.2247,-0.21272,-0.33726,2.2773,-0.20361,-0.36208,2.3053,-0.2144,-0.39706
2.1376,-0.029114,-0.311,2.1958,-0.011181,-0.31599,2.2965,0.085283,-0.26596
2.0512,-0.13197,-0.429,2.1018,-0.091238,-0.42906,2.1193,0.098519,-0.33943
1.6821,-0.051193,-0.41793,1.741,-0.025853,-0.41693,1.7656,0.11319,-0.34504
1.2829,-0.041945,-0.48834,1.3526,-0.020285,-0.48362,1.3611,0.10387,-0.44035
1.2586,0.1108,-0.54671,1.2948,0.11268,-0.55538,1.3187,0.13331,-0.52421
1.342,0.098786,-0.58587,1.3841,0.096886,-0.57702,1.413,0.12701,-0.49931
1.1327,0.17112,-0.79631,1.1891,0.16021,-0.78952,1.2166,0.1658,-0.70051
1.126,0.1794,-0.80284,1.1815,0.17191,-0.80263,1.1915,0.17905,-0.7193
1.1417,0.18495,-0.77413,1.2004,0.1813,-0.77795,1.2104,0.19219,-0.72062
1.1388,0.15363,-0.79923,1.1965,0.15582,-0.80213,1.2081,0.18987,-0.74658
1.1389,0.1264,-0.82231,1.2013,0.13577,-0.82233,1.2258,0.20122,-0.74722
1.1615,0.20014,-0.76325,1.2171,0.19952,-0.77229,1.2164,0.2055,-0.73118
1.1684,0.203,-0.75718,1.22,0.19987,-0.76301,1.2166,0.20108,-0.74062
1.1496,0.20081,-0.74072,1.2049,0.19851,-0.7477,1.2218,0.20308,-0.7192
1.1481,0.20543,-0.75871,1.1993,0.19918,-0.76254,1.2144,0.19497,-0.72215
1.1437,0.13121,-0.80869,1.2022,0.1393,-0.80844,1.2509,0.20265,-0.76541
1.168,0.10542,-0.7936,1.2183,0.1176,-0.7971,1.2404,0.18651,-0.75262
1.1852,0.20222,-0.71947,1.223,0.21283,-0.732,1.2827,0.26058,-0.75496
1.1919,0.21517,-0.72948,1.218,0.23408,-0.72108,1.2634,0.40013,-0.64845
1.1459,0.20822,-0.77412,1.1795,0.20505,-0.7812,1.1824,0.19974,-0.77972
1.125,0.18615,-0.78731,1.1699,0.18165,-0.79657,1.1827,0.15795,-0.80823
1.1067,0.17484,-0.785,1.1534,0.17619,-0.79135,1.1733,0.18088,-0.78376
1.131,0.21972,-0.79166,1.1732,0.21466,-0.79957,1.18,0.20859,-0.77679
1.1489,0.2296,-0.79136,1.192,0.22083,-0.80065,1.2055,0.21085,-0.76788
1.1513,0.22367,-0.78838,1.1972,0.22011,-0.79679,1.2169,0.22078,-0.76952
1.1442,0.22538,-0.78447,1.1888,0.22172,-0.79479,1.2007,0.21387,-0.77886
1.1751,0.14852,-0.83749,1.2088,0.15184,-0.84447,1.224,0.19825,-0.81686
1.1721,0.18958,-0.78546,1.2083,0.2018,-0.79194,1.2184,0.26175,-0.77458
1.1949,0.21093,-0.75304,1.2256,0.20717,-0.76391,1.2189,0.22861,-0.71584
1.1823,0.21793,-0.73714,1.2126,0.2201,-0.74176,1.2098,0.25109,-0.69451
1.1632,0.2099,-0.76292,1.1924,0.21435,-0.76914,1.2002,0.25654,-0.73101
1.1674,0.1336,-0.79926,1.1916,0.15508,-0.80229,1.1961,0.25713,-0.77778
1.1547,0.20688,-0.77713,1.2043,0.20666,-0.79253,1.21,0.21414,-0.79706
1.1785,0.1727,-0.79475,1.2147,0.17451,-0.80246,1.2248,0.2054,-0.7678
1.211,0.23341,-0.76201,1.2531,0.22389,-0.77235,1.2704,0.20473,-0.73435
1.3798,0.24905,-0.76383,1.4449,0.23803,-0.76696,1.4952,0.20816,-0.71668
1.3162,0.22041,-0.79772,1.3723,0.20847,-0.8032,1.4019,0.20021,-0.75316
1.1317,0.29503,-0.90198,1.1845,0.28374,-0.90491,1.2208,0.27472,-0.85996
1.1093,0.28265,-0.88041,1.1473,0.27977,-0.8738,1.0956,0.24924,-0.83522
1.1035,0.29495,-0.91278,1.1395,0.29846,-0.913,1.1023,0.30541,-0.86924
1.0781,0.29031,-1.172,1.1174,0.2977,-1.1733,1.1063,0.32589,-1.1458
0.77901,0.41334,-1.4393,0.81179,0.41761,-1.4425,0.80723,0.42087,-1.4458
0.80752,0.41989,-1.638,0.85238,0.43014,-1.6456,0.87782,0.4698,-1.6595
0.80827,0.45081,-1.5743,0.85419,0.44857,-1.5804,0.87212,0.45505,-1.5572
0.8028,0.39655,-1.5551,0.84888,0.40251,-1.5561,0.86994,0.43671,-1.5126
0.80458,0.41864,-1.5526,0.84971,0.41698,-1.556,0.86727,0.40696,-1.5218
0.80406,0.40448,-1.5486,0.8528,0.40281,-1.5526,0.86073,0.37943,-1.5203
0.8012,0.41765,-1.5465,0.85128,0.41922,-1.5513,0.88796,0.44133,-1.5215
0.80933,0.42802,-1.5532,0.85935,0.42736,-1.5572,0.88312,0.43735,-1.5285
0.81001,0.41356,-1.5431,0.86641,0.41643,-1.5492,0.91608,0.43517,-1.5306
0.82333,0.4133,-1.5409,0.87202,0.41179,-1.5471,0.89133,0.41345,-1.5304
0.80817,0.42411,-1.5701,0.85504,0.42047,-1.5766,0.87136,0.40994,-1.5527
0.81527,0.42178,-1.5385,0.86493,0.42053,-1.5457,0.88453,0.40618,-1.5329
0.80961,0.41518,-1.5405,0.8578,0.41048,-1.5454,0.86894,0.42527,-1.5081
0.81439,0.39685,-1.5463,0.86179,0.39532,-1.5509,0.87451,0.40218,-1.5243
0.80399,0.38279,-1.5498,0.84986,0.37724,-1.5559,0.84972,0.37046,-1.5217
0.79751,0.4269,-1.5202,0.85008,0.42299,-1.528,0.86688,0.41432,-1.5118
0.80843,0.31862,-1.5963,0.8539,0.33639,-1.5942,0.83947,0.41792,-1.5468
0.87032,0.27927,-1.5684,0.90378,0.29232,-1.5609,0.86445,0.37063,-1.5084
0.85416,0.28274,-1.5726,0.89952,0.29784,-1.5705,0.88306,0.36031,-1.5329
0.85424,0.31991,-1.564,0.90692,0.33989,-1.5649,0.89097,0.42953,-1.5064
0.80215,0.34636,-1.5032,0.85406,0.3553,-1.503,0.87436,0.41473,-1.4277
0.86938,0.294,-1.4956,0.84381,0.31375,-1.488,0.81674,0.41936,-1.4397
0.89337,0.34358,-1.5135,0.86381,0.35586,-1.503,0.82455,0.42597,-1.4697
0.88101,0.28123,-1.5281,0.86036,0.30546,-1.5247,0.85833,0.39514,-1.5037
0.88912,0.44604,-1.3388,0.86476,0.43873,-1.345,0.90321,0.38351,-1.3238
1.1643,0.27373,-1.3736,1.1544,0.32531,-1.4353,1.2005,0.40946,-1.294
1.2365,0.23374,-1.1929,1.2515,0.25411,-1.1747,1.2341,0.37048,-1.0983
1.2773,0.28908,-1.1786,1.2782,0.29892,-1.1543,1.2455,0.3796,-1.055
1.2774,0.26907,-1.223,1.2674,0.28231,-1.2038,1.2511,0.39499,-1.115
1.258,0.26332,-1.2388,1.2644,0.27753,-1.2189,1.2702,0.38147,-1.1342
1.2954,0.26957,-1.2793,1.3045,0.31895,-1.3437,1.2951,0.37925,-1.1955
1.2248,0.4944,-1.0772,1.2721,0.47995,-1.0854,1.2686,0.41005,-1.1018
1.2196,0.4991,-1.0956,1.2558,0.50037,-1.0923,1.2513,0.54429,-1.035
1.2882,0.37407,-1.2139,1.3168,0.40275,-1.184,1.2591,0.61608,-1.0014
1.271,0.29949,-1.1873,1.2836,0.3031,-1.1679,1.3065,0.37619,-1.0761
1.2987,0.31446,-1.2096,1.324,0.32838,-1.1969,1.2627,0.48924,-1.0291
1.2758,0.30455,-1.2103,1.2818,0.31238,-1.1977,1.2795,0.37978,-1.1531
1.2508,0.35777,-1.1498,1.2526,0.36514,-1.145,1.2524,0.41148,-1.1442
1.2451,0.3501,-1.1649,1.2562,0.36275,-1.1358,1.2169,0.4698,-0.98982
1.2643,0.3,-1.1902,1.2608,0.31501,-1.1773,1.3116,0.38777,-1.1505
1.2605,0.30304,-1.1836,1.3052,0.33364,-1.1864,1.3163,0.47543,-1.1002
1.2289,0.31774,-1.1224,1.2783,0.32599,-1.1379,1.2745,0.36942,-1.0863
1.2672,0.46155,-1.0127,1.3151,0.46588,-1.0198,1.3075,0.5258,-0.94895
1.2353,0.43121,-1.1403,1.2848,0.41946,-1.1559,1.2894,0.37079,-1.1342
1.212,0.34754,-1.1445,1.2537,0.34839,-1.1559,1.204,0.36442,-1.1126
1.2176,0.41024,-1.1097,1.2663,0.39173,-1.1306,1.2775,0.3315,-1.1414
1.2262,0.40759,-1.1111,1.2749,0.38992,-1.1333,1.2844,0.32339,-1.1462
1.2534,0.39174,-1.0992,1.2974,0.37329,-1.1224,1.2983,0.28147,-1.1524
1.2676,0.35268,-1.1099,1.3145,0.34375,-1.1316,1.3311,0.30486,-1.1456
1.2445,0.36662,-1.1522,1.3003,0.35722,-1.1701,1.3554,0.33412,-1.1597
1.3497,0.37662,-1.0465,1.3696,0.35551,-1.054,1.3467,0.2589,-1.0874
0.54643,0.33252,-1.2948,0.53573,0.33086,-1.333,0.58605,0.2032,-1.5126
0.46423,0.42647,-1.2669,0.47208,0.39729,-1.2886,0.54541,0.24174,-1.3881
0.4782,0.40458,-1.1982,0.48283,0.36573,-1.2215,0.47511,0.18202,-1.325
0.46844,0.37904,-1.1366,0.4831,0.354,-1.1619,0.52101,0.22686,-1.2619
0.45849,0.37759,-1.1287,0.47497,0.34754,-1.152,0.53531,0.22286,-1.2418
0.47686,0.40207,-1.1072,0.49619,0.37202,-1.1351,0.53206,0.19687,-1.2539
0.43642,0.42337,-1.1168,0.46412,0.38962,-1.1524,0.49952,0.18213,-1.3028
0.4402,0.38787,-1.1639,0.44521,0.36833,-1.1717,0.46507,0.2884,-1.2427
0.44812,0.3828,-1.1456,0.45698,0.3545,-1.164,0.50005,0.224,-1.2816
0.44672,0.38917,-1.1372,0.45561,0.36276,-1.1609,0.49954,0.23361,-1.2912
0.44003,0.3817,-1.1691,0.45687,0.35804,-1.1916,0.50208,0.23474,-1.2931
0.4501,0.36859,-1.1452,0.45938,0.34726,-1.1666,0.49639,0.22748,-1.2895
0.42166,0.39779,-1.1759,0.4363,0.37333,-1.1962,0.47717,0.3026,-1.2756
0.42359,0.40087,-1.1693,0.43494,0.37841,-1.1904,0.46039,0.29426,-1.2739
0.33743,0.52736,-1.1419,0.37943,0.50492,-1.148,0.44654,0.46104,-1.1218
0.3819,0.34375,-1.2086,0.392,0.31269,-1.2188,0.44107,0.1882,-1.2817
0.41444,0.37625,-1.2034,0.41953,0.34368,-1.2119,0.46997,0.2045,-1.2826
0.51152,0.37298,-1.2749,0.52215,0.34161,-1.2866,0.60724,0.22711,-1.3988
0.45957,0.30214,-1.2689,0.49704,0.30195,-1.3092,0.50092,0.23313,-1.4554
0.32651,0.25052,-1.1893,0.34882,0.25369,-1.2175,0.35797,0.22942,-1.2795
0.47458,0.23842,-1.4094,0.42955,0.24976,-1.4174,0.491,0.25579,-1.462
0.44456,0.19668,-1.2235,0.42176,0.20132,-1.2189,0.4719,0.22766,-1.2559
0.27041,0.2675,-1.3064,0.23703,0.26447,-1.3006,0.28912,0.26494,-1.3387
0.15982,0.53227,-1.2959,0.17508,0.52728,-1.2601,0.22135,0.58372,-1.1201
0.98257,0.32936,-1.2806,0.96143,0.33095,-1.2703,1.0179,0.36818,-1.2132
0.58554,0.38249,-1.3323,0.57,0.41941,-1.3066,0.70322,0.64469,-1.2037
1.4111,0.076975,-0.073148,1.4059,0.055543,-0.051087,1.4398,0.033674,-0.021968
1.4427,0.050163,-0.18337,1.4516,0.033889,-0.16273,1.5125,0.044962,-0.12324
1.1378,0.14836,-0.38094,1.1521,0.12577,-0.36631,1.1544,0.073631,-0.32799
1.0642,0.14426,-0.78723,1.0865,0.14425,-0.77263,1.1206,0.20311,-0.71469
0.88674,0.20648,-0.87398,0.89892,0.20415,-0.85969,0.89309,0.23266,-0.81611
0.75367,0.18341,-0.98026,0.74471,0.19369,-0.94933,0.70289,0.31486,-0.84268
0.75168,0.22456,-1.154,0.74747,0.23194,-1.1259,0.74408,0.32736,-1.0448
0.76457,0.21555,-1.1474,0.768,0.22578,-1.1266,0.74896,0.31551,-1.0579
0.74342,0.21488,-0.95897,0.75205,0.21582,-0.93676,0.74896,0.2769,-0.85049
0.75774,0.21612,-0.96403,0.76805,0.21393,-0.93896,0.77481,0.27562,-0.85304
0.78311,0.23032,-1.0166,0.79289,0.22548,-0.98704,0.80324,0.27806,-0.88249
0.78281,0.18883,-1.002,0.79083,0.17673,-0.9715,0.77352,0.17957,-0.86519
0.50432,0.1451,-0.74231,0.51101,0.15136,-0.71726,0.48562,0.23348,-0.64885
0.52428,0.15702,-0.75279,0.51597,0.16224,-0.72146,0.48388,0.2363,-0.65777
0.67184,0.20157,-0.92282,0.6717,0.19561,-0.88877,0.64672,0.24434,-0.7756
0.51482,0.21187,-0.87651,0.51582,0.21583,-0.85852,0.45752,0.26187,-0.83248
0.41907,0.47376,-0.91647,0.43623,0.50557,-0.80918,0.40425,0.95192,-0.61584
0.44647,0.62842,-0.89672,0.46241,0.65471,-0.82546,0.43411,0.90749,-0.6796
0.56574,0.42381,-1.0037,0.56809,0.45589,-0.90304,0.50612,0.92376,-0.74284
0.58589,0.40542,-1.0408,0.60798,0.41739,-1.0047,0.53038,0.56769,-0.85074
0.54042,0.36751,-1.0207,0.53645,0.37027,-0.99081,0.48128,0.44967,-0.91692
0.47786,0.076006,-1.065,0.48938,0.10673,-1.0314,0.4754,0.29135,-0.9221
0.30483,0.76574,-0.67618,0.35217,0.79357,-0.63898,0.38777,0.97251,-0.51088
0.57161,0.18476,-0.97706,0.58346,0.20433,-0.94428,0.54016,0.33649,-0.87064
0.52082,0.15506,-0.93611,0.5398,0.16529,-0.91122,0.51701,0.27014,-0.82949
0.44082,0.19197,-0.93545,0.4396,0.20961,-0.89439,0.42854,0.38323,-0.76366
0.45721,0.26755,-0.86851,0.45518,0.28968,-0.83146,0.38384,0.44705,-0.75772
0.46855,0.019693,-1.0198,0.4732,0.054474,-0.97965,0.45005,0.27987,-0.84058
0.50523,0.12307,-1.0082,0.51672,0.14404,-0.98714,0.46488,0.27668,-0.90932
0.52484,0.084573,-1.0374,0.54836,0.11507,-1.0128,0.55486,0.29318,-0.93889
0.50504,0.097271,-0.99802,0.5099,0.1241,-0.96848,0.47566,0.29077,-0.87355
0.48176,0.087488,-0.9296,0.47727,0.11483,-0.90132,0.43679,0.28593,-0.82542
0.28639,0.61433,-0.50577,0.33082,0.71349,-0.45381,0.31751,1.1435,-0.50017
0.57199,0.45423,-0.8697,0.57767,0.50324,-0.79615,0.47637,0.88259,-0.60125
0.51201,0.085156,-1.0554,0.51216,0.12314,-1.01,0.4517,0.38596,-0.85963
0.51761,0.079402,-1.0197,0.5258,0.11087,-0.99152,0.45532,0.27458,-0.93287
0.45766,0.086655,-0.95905,0.46241,0.13912,-0.91351,0.42041,0.47118,-0.73486
0.60215,0.13982,-0.76823,0.59831,0.14713,-0.74647,0.59957,0.23654,-0.65799
0.46731,0.19014,-0.92757,0.43878,0.2747,-0.78899,0.35933,0.96825,-0.57856
0.25065,-0.13646,0.62174,0.29395,-0.14158,0.66725,0.28077,-0.073237,0.76877
0.19987,-0.33517,0.73392,0.25461,-0.33004,0.78527,0.27765,-0.22477,0.91673
0.24322,-0.40476,0.77763,0.22899,-0.38552,0.76696,0.30045,-0.33797,0.64945
0.20395,-0.39451,0.7911,0.19608,-0.3945,0.79062,0.29042,-0.44565,0.71891
0.24691,-0.45384,0.8295,0.23502,-0.43811,0.84785,0.28726,-0.33008,0.87928
0.2783,-0.30218,0.73422,0.27769,-0.30888,0.73086,0.28403,-0.3358,0.77013
0.2248,-0.38883,0.73315,0.22942,-0.39316,0.7208,0.31175,-0.4475,0.66237
0.22217,-0.36516,0.80693,0.22348,-0.36989,0.80664,0.30464,-0.43194,0.72339
0.24128,-0.3135,0.8117,0.20915,-0.33597,0.81501,0.15468,-0.36177,0.73476
0.26474,-0.2531,0.80555,0.22903,-0.24611,0.82666,0.1707,-0.15276,0.8621
0.26132,-0.34596,0.80582,0.22668,-0.32338,0.83019,0.17783,-0.1495,0.89591
0.25316,-0.47212,0.88856,0.22924,-0.46247,0.88434,0.23932,-0.44774,0.81784
0.25039,-0.45974,0.84231,0.22627,-0.44295,0.83193,0.22453,-0.3903,0.78458
0.88804,-0.1863,0.42921,0.88766,-0.20389,0.38146,0.91942,-0.40281,0.20241
0.79997,-0.12164,0.32145,0.79535,-0.15586,0.27435,0.77788,-0.41262,0.12302
0.74378,-0.12392,0.34727,0.72445,-0.12034,0.29243,0.72103,-0.22858,0.14784
0.7125,-0.10513,0.4737,0.76114,-0.1166,0.43937,0.76651,-0.22132,0.37383
0.90807,-0.14076,0.50739,0.95248,-0.15908,0.47986,0.97297,-0.27206,0.44278
0.98935,-0.088698,0.57435,1.0016,-0.10371,0.54706,1.0307,-0.21984,0.44803
1.2037,-0.038982,0.35986,1.2193,-0.063023,0.32641,1.2319,-0.24444,0.18208
1.0922,0.035115,-0.17384,1.1213,0.028508,-0.26708,1.2163,-0.14003,-0.58124
1.1581,-0.007659,-0.18174,1.1632,-0.023946,-0.2673,1.1553,-0.2497,-0.4501
-0.70943,-0.28864,1.12,-0.69761,-0.33844,1.0845,-0.65543,-0.6223,0.94109
-0.77315,-0.24528,1.1062,-0.7786,-0.29472,1.0711,-0.81737,-0.57213,0.93771
-0.75463,-0.27491,1.1035,-0.7736,-0.31217,1.0611,-0.83953,-0.53551,0.89999
-0.76904,-0.29313,1.0837,-0.78434,-0.32615,1.0442,-0.83821,-0.52512,0.91266
-0.63184,-0.35591,1.1276,-0.61271,-0.3905,1.0929,-0.62099,-0.65117,0.96468
-1.1388,0.22409,-0.64165,-1.1501,0.21621,-0.66075,-1.2492,0.14802,-0.62479
-0.93588,0.24946,-0.81408,-0.9576,0.24805,-0.82653,-1.036,0.21898,-0.77164
-0.6058,0.11418,-0.60828,-0.64061,0.13722,-0.60659,-0.65081,0.21099,-0.5078
-0.38041,-0.065502,0.51276,-0.42049,-0.061044,0.53479,-0.40482,-0.0010946,0.64262
-0.50599,0.29594,-1.5524,-0.56557,0.29695,-1.5272,-0.58939,0.37017,-1.5293
-0.53418,0.31928,-1.5613,-0.59656,0.32486,-1.5515,-0.6028,0.37205,-1.5667
-0.51924,0.30483,-1.5761,-0.57838,0.31191,-1.5644,-0.59618,0.36521,-1.5721
-0.52164,0.31769,-1.5737,-0.58279,0.32387,-1.5667,-0.59491,0.36831,-1.5818
-0.51142,0.3237,-1.5751,-0.56777,0.32752,-1.5599,-0.58831,0.37235,-1.5397
-0.46757,0.31347,-1.5864,-0.53169,0.31596,-1.5698,-0.56844,0.36431,-1.5192
-0.20491,0.27191,-3.308,-0.23498,0.22875,-3.3567,-0.24023,-0.093285,-3.4536
-0.91098,-0.07226,0.509,-0.94636,-0.092197,0.5163,-0.95553,-0.15253,0.45661
-0.91989,-0.08786,0.46536,-0.95277,-0.09823,0.47348,-0.94747,-0.12234,0.4232
-0.89467,-0.052476,0.49037,-0.92728,-0.077642,0.49342,-0.9394,-0.1369,0.42824
-0.91123,-0.096835,0.4499,-0.94502,-0.10695,0.45453,-0.94841,-0.13904,0.38913
-0.94506,-0.083154,0.44413,-0.98258,-0.095673,0.44938,-0.99569,-0.14107,0.3871
-0.9393,-0.091203,0.44393,-0.97743,-0.10242,0.44753,-0.98098,-0.13086,0.38885
-0.94741,-0.060165,0.455,-0.98856,-0.080957,0.45682,-0.99667,-0.16363,0.37445
-0.9295,-0.08321,0.44571,-0.97091,-0.099847,0.44691,-0.97452,-0.17188,0.36582
-0.90529,-0.092805,0.44053,-0.93855,-0.10386,0.4425,-0.92865,-0.12092,0.38279
-0.71834,-0.090733,0.49828,-0.73802,-0.10034,0.49495,-0.74153,-0.13947,0.40031
-0.72785,-0.097702,0.57206,-0.74986,-0.10864,0.56782,-0.77576,-0.20011,0.46282
-0.78721,-0.13853,0.69932,-0.79473,-0.14801,0.68617,-0.85813,-0.24258,0.61201
-0.59697,-0.23418,1.0553,-0.58746,-0.24252,1.0454,-0.57953,-0.27668,1.0169
-0.61782,-0.29219,1.4726,-0.62138,-0.30307,1.4673,-0.6506,-0.36642,1.4434
-0.42703,-0.57237,1.7347,-0.42808,-0.59845,1.7176,-0.39973,-0.75529,1.6127
-0.49721,-0.38775,1.3603,-0.52221,-0.4053,1.3548,-0.48534,-0.47316,1.29
-0.5431,-0.061393,0.6639,-0.56713,-0.086451,0.64844,-0.51626,-0.21732,0.52317
0.57432,0.064177,-0.40552,0.65286,0.084579,-0.42483,0.80205,0.18009,-0.30312
0.90076,0.23258,-0.72706,0.94677,0.2291,-0.75894,0.97386,0.16447,-0.79213
-0.75683,-0.34133,2.0699,-0.74389,-0.38289,2.1446,-0.82158,-0.44173,2.1166
-1.3111,-0.17692,1.1844,-1.3954,-0.16726,1.1595,-1.4873,-0.15445,1.1689
-1.3141,0.021247,1.1815,-1.3922,0.031818,1.1772,-1.5174,0.077667,1.2669
-1.2283,-0.1656,1.2119,-1.2954,-0.15205,1.2166,-1.3687,-0.083121,1.3054
-1.1497,-0.11559,1.2398,-1.1721,-0.12977,1.2458,-1.1368,-0.17082,1.294
-1.136,-0.14374,1.131,-1.1425,-0.14474,1.0943,-1.0642,-0.211,1.074
-1.1595,-0.13355,1.2676,-1.1851,-0.13343,1.2501,-1.1219,-0.16397,1.287
-1.1331,-0.13922,1.2612,-1.1801,-0.14701,1.2427,-1.2673,-0.24304,1.2742
-0.94599,-0.30259,1.5562,-0.94731,-0.30266,1.57,-0.94509,-0.26694,1.6672
-0.32969,-0.37913,1.8712,-0.34374,-0.40494,1.8894,-0.33449,-0.44954,1.9904
0.79612,-0.084186,0.57168,0.79375,-0.067968,0.58886,0.82527,0.031207,0.62368
0.61271,-0.064137,0.49425,0.57982,-0.054726,0.5223,0.63633,0.035028,0.49654
0.83119,-0.2157,0.34882,0.8437,-0.1996,0.26445,0.85845,-0.25677,-0.0063906
0.74394,-0.29621,0.361,0.72962,-0.29509,0.26972,0.60843,-0.35473,0.020443
0.76037,-0.30356,0.18739,0.77156,-0.30583,0.12527,0.80461,-0.31909,-0.030509
0.57596,-0.040459,0.41116,0.54228,-0.044457,0.42244,0.62888,-0.012507,0.40315
0.55481,-0.14656,0.66884,0.55781,-0.1448,0.67763,0.6039,-0.11722,0.68478
0.38349,-0.24152,0.73582,0.37364,-0.2251,0.74459,0.34593,-0.12701,0.74645
0.3391,-0.34258,0.891,0.35496,-0.32232,0.91294,0.28901,-0.2051,0.94297
0.35392,-0.35049,1.1465,0.32105,-0.34752,1.1321,0.29852,-0.34009,1.1552
0.36456,-0.51272,1.0835,0.32598,-0.49701,1.0548,0.27694,-0.44888,0.95792
-0.74229,-0.20256,0.9884,-0.78211,-0.20264,1.0481,-0.78641,-0.11233,1.1736
-0.56039,-0.24256,1.3212,-0.58014,-0.22785,1.383,-0.49369,-0.069141,1.4887
-0.46273,-0.18974,1.6338,-0.51317,-0.16974,1.6791,-0.48966,0.017722,1.84
-0.4061,-0.14255,1.6854,-0.46221,-0.11974,1.7134,-0.47167,0.020505,1.813
-0.38104,-0.23241,1.6152,-0.44258,-0.20221,1.6541,-0.44355,-0.022314,1.7738
-0.39932,-0.26883,1.5687,-0.46355,-0.24822,1.6033,-0.4753,-0.12949,1.6908
-0.44841,-0.27143,1.5825,-0.50931,-0.25736,1.6079,-0.51108,-0.17874,1.6754
-0.42883,-0.25902,1.5623,-0.48841,-0.25804,1.5886,-0.49331,-0.21284,1.6499
-0.46609,-0.31501,1.5435,-0.51862,-0.30846,1.5765,-0.53362,-0.26648,1.6879
-0.48013,-0.30198,1.5789,-0.53569,-0.31207,1.6227,-0.56871,-0.29152,1.734
-0.45989,-0.30425,1.5944,-0.51748,-0.31788,1.6456,-0.5682,-0.29502,1.7499
-0.44501,-0.28616,1.6326,-0.50583,-0.30232,1.6721,-0.56278,-0.30963,1.7428
-0.42462,-0.29129,1.6108,-0.47425,-0.29789,1.6462,-0.46548,-0.25271,1.7299
-0.43656,-0.28523,1.6127,-0.49638,-0.2944,1.6463,-0.56131,-0.29631,1.6909
-0.4242,-0.28265,1.6055,-0.48036,-0.2943,1.6199,-0.50984,-0.3261,1.6393
-0.43368,-0.24265,1.5975,-0.49151,-0.26136,1.6224,-0.51876,-0.30453,1.6791
-0.43127,-0.22316,1.6292,-0.49338,-0.24258,1.6489,-0.54371,-0.2889,1.7113
-0.40824,-0.23846,1.6662,-0.47394,-0.25764,1.6911,-0.48161,-0.31163,1.7497
-0.31472,-0.30336,1.6728,-0.37792,-0.31192,1.7144,-0.34203,-0.30973,1.8208
-0.15561,-0.30125,1.6412,-0.21533,-0.3115,1.6764,-0.14332,-0.31362,1.7707
0.079296,-0.5278,1.3991,-0.00066525,-0.52975,1.391,0.00072342,-0.53457,1.3155
-0.042962,-0.16595,1.1867,-0.087688,-0.1955,1.2232,-0.050104,-0.25162,1.3122
-0.51236,-0.30289,0.97892,-0.49607,-0.28315,0.98376,-0.5861,-0.20464,1.0888
-0.84861,-0.29017,1.1109,-0.8822,-0.301,1.1399,-0.89115,-0.2853,1.2143
-0.8901,-0.08849,1.1962,-0.94946,-0.11689,1.1985,-0.92341,-0.21263,1.2444
-0.92038,-0.18889,1.1665,-0.97524,-0.19521,1.1786,-1.0324,-0.16879,1.2773
-0.99642,-0.10478,1.0452,-1.1153,-0.098419,1.0428,-1.3189,-0.12576,1.0163
-0.75157,-0.28654,1.2122,-0.80532,-0.29198,1.1941,-0.91055,-0.30427,1.248
-0.39699,-0.23071,1.157,-0.41978,-0.24685,1.1517,-0.47735,-0.28688,1.1683
-0.40394,-0.30768,1.3236,-0.40509,-0.28687,1.304,-0.36303,-0.28804,1.2976
1.2518,-0.039343,0.5278,1.2996,-0.044908,0.51131,1.3451,-0.06069,0.52228
1.4166,-0.12829,0.66784,1.5086,-0.13126,0.67624,1.602,-0.12648,0.70087
-0.11522,-0.45341,1.2042,-0.093151,-0.44103,1.2407,-0.12346,-0.30916,1.2184
-0.05548,-0.7121,1.183,-0.077484,-0.69679,1.1814,-0.16736,-0.66522,1.228
-0.28221,-0.47343,1.2136,-0.27287,-0.47348,1.1628,-0.33064,-0.59584,1.1508
-0.31065,-0.33205,1.2466,-0.31092,-0.37583,1.2187,-0.31186,-0.60267,1.1642
-0.29346,-0.41635,1.2427,-0.29086,-0.45336,1.2157,-0.32657,-0.68878,1.1785
-0.32409,-0.41439,1.2531,-0.31889,-0.45029,1.224,-0.33736,-0.67744,1.1794
-0.34099,-0.41269,1.2874,-0.30971,-0.43982,1.2529,-0.3268,-0.65473,1.1976
-0.33388,-0.37623,1.3075,-0.31483,-0.41085,1.271,-0.31035,-0.6029,1.2312
-0.33753,-0.33026,1.2928,-0.29722,-0.35938,1.2388,-0.26336,-0.5577,1.1345
-0.34206,-0.37495,1.3174,-0.31391,-0.41091,1.286,-0.30505,-0.6332,1.2548
-0.34094,-0.36255,1.315,-0.30373,-0.40176,1.2831,-0.30452,-0.64078,1.2589
-0.18795,-0.20423,1.1112,-0.17079,-0.23903,1.0873,-0.20775,-0.4527,0.96545
-0.21213,-0.24176,1.169,-0.1729,-0.27848,1.1467,-0.21111,-0.47243,1.0483
-0.20901,-0.23962,1.1575,-0.16719,-0.27379,1.1313,-0.2052,-0.45181,1.0218
-0.26204,-0.2948,1.2583,-0.21132,-0.31614,1.2342,-0.23215,-0.42837,1.1643
0.074776,-0.19814,2.5549,0.11117,-0.14041,2.6113,0.11266,0.23858,2.6995
0.96003,-0.043503,-0.17788,1.0224,-0.026743,-0.16747,1.0262,0.061717,-0.12356
0.82476,0.0015013,-0.33204,0.86434,0.011944,-0.33345,0.89476,0.10731,-0.27732
0.96487,0.021581,-0.31433,1.013,0.040688,-0.31791,1.0398,0.12281,-0.30207
0.95525,0.021596,-0.29901,1.0041,0.042834,-0.30436,1.0183,0.12348,-0.29504
0.97483,0.028909,-0.32884,1.0223,0.045238,-0.33551,1.0437,0.12005,-0.32233
0.99145,0.031727,-0.35547,1.0435,0.050863,-0.3635,1.0728,0.12668,-0.35831
0.99157,0.034837,-0.36966,1.0453,0.055545,-0.37766,1.0741,0.12603,-0.3776
0.99861,0.029023,-0.36078,1.0491,0.048932,-0.37013,1.0733,0.12192,-0.36203
0.99846,0.038414,-0.36686,1.0516,0.057468,-0.37235,1.0644,0.13238,-0.34944
0.99374,0.031198,-0.35485,1.0472,0.050949,-0.36159,1.0645,0.12961,-0.33475
0.99575,0.0392,-0.34093,1.0497,0.055033,-0.34901,1.0729,0.12202,-0.32611
0.99348,0.010594,-0.35246,1.0468,0.029987,-0.35744,1.0664,0.10733,-0.32311
0.93817,-0.36871,-0.32266,0.97899,-0.32861,-0.34853,0.92897,-0.24744,-0.44214
0.59461,0.4437,-0.69733,0.59158,0.46601,-0.71363,0.55197,0.5788,-0.79024
0.89261,0.29518,-3.3281,0.92487,0.25661,-3.375,0.72285,-0.30003,-2.2009
0.72352,-0.037375,-2.4343,0.751,-0.082406,-2.4478,0.78499,-0.3533,-2.3464
0.93675,0.17023,-3.3633,0.9657,0.14459,-3.3972,0.67297,-0.33427,-2.262
0.94165,0.16034,-3.3744,0.96552,0.13836,-3.4077,0.71337,-0.37025,-2.0341
0.95127,0.1686,-3.3759,0.97561,0.14753,-3.4084,0.68445,-0.30964,-2.3157
0.66237,-0.23619,-2.1339,0.68648,-0.2471,-2.1488,0.72037,-0.31034,-2.1581
-0.90745,0.54505,0.51223,-0.93557,0.49881,0.50542,-0.86344,0.32403,0.45829
-0.81723,0.15489,0.029044,-0.80453,0.1263,0.02485,-0.81284,-0.024412,0.010297
1.0286,0.063969,-1.285,1.0456,0.1161,-1.2524,1.0716,0.37076,-1.1192
0.37253,0.42567,-1.234,0.35282,0.43915,-1.2032,0.33995,0.5916,-1.0457
0.33443,0.31734,-1.1519,0.31091,0.33009,-1.1463,0.36113,0.39194,-1.0357
0.35666,0.28531,-1.2484,0.33862,0.33293,-1.2087,0.3875,0.58222,-0.95158
0.70561,-0.26579,0.53968,0.67785,-0.24086,0.56703,0.69995,-0.079632,0.76662
0.69223,-0.26791,0.77283,0.66881,-0.24177,0.77813,0.74716,-0.13351,0.92033
0.48398,-0.27698,1.1566,0.50456,-0.26506,1.1692,0.52726,-0.1873,1.2085
0.44016,-0.47479,1.0969,0.49308,-0.44655,1.065,0.42237,-0.40034,0.9996
0.50929,-0.50262,1.211,0.54722,-0.47556,1.1604,0.42314,-0.49588,1.0907
0.91846,0.46736,-2.2576,0.91803,0.47421,-2.2252,0.97899,0.57399,-2.2835
0.91272,0.45012,-2.2803,0.90974,0.46103,-2.2476,0.95223,0.58502,-2.297
0.91459,0.44258,-2.2953,0.91192,0.4543,-2.261,0.95215,0.58191,-2.2979
0.91711,0.4436,-2.2991,0.9136,0.45527,-2.2648,0.94963,0.58356,-2.2982
0.91648,0.44082,-2.3049,0.91154,0.45275,-2.2723,0.93748,0.58271,-2.309
0.90624,0.43213,-2.3522,0.90225,0.44737,-2.3143,0.93894,0.58804,-2.3256
0.93104,0.43259,-2.2991,0.93369,0.44864,-2.27,1.0048,0.59632,-2.3098
0.90654,0.44751,-2.3409,0.90521,0.47483,-2.2979,0.95219,0.67261,-2.2781
0.8804,0.46451,-2.338,0.87511,0.48783,-2.3008,0.90644,0.66421,-2.3007
0.89927,0.45449,-2.3069,0.90227,0.48354,-2.3126,0.91408,0.57733,-2.296
0.90305,0.49296,-2.3094,0.91197,0.52035,-2.3243,0.90972,0.58702,-2.3819
0.91305,0.5034,-2.3203,0.92969,0.52673,-2.3326,0.90765,0.58841,-2.3987
0.90612,0.46073,-2.357,0.91872,0.48962,-2.3645,0.9194,0.58107,-2.389
0.90493,0.45522,-2.3672,0.9159,0.48933,-2.3733,0.91882,0.61221,-2.3801
0.91733,0.46503,-2.3529,0.92514,0.49591,-2.3602,0.93169,0.59619,-2.3655
0.90735,0.4665,-2.3464,0.91394,0.49609,-2.3565,0.91898,0.58612,-2.3923
0.90827,0.45726,-2.3459,0.92401,0.48624,-2.3468,0.91335,0.58358,-2.3668
0.90367,0.43269,-2.3451,0.92435,0.46634,-2.343,0.9208,0.58866,-2.366
0.8947,0.48132,-2.3765,0.91801,0.51207,-2.3678,0.90989,0.63937,-2.3807
0.95933,0.42358,-2.2808,0.98645,0.46019,-2.2743,1.031,0.59064,-2.2601
1.0111,0.49384,-2.2251,1.0215,0.53669,-2.2091,0.99017,0.74922,-2.1346
1.0049,0.51192,-2.2228,0.99089,0.55438,-2.2208,0.98103,0.75551,-2.1328
1.0121,0.3966,-2.2313,1.0204,0.4338,-2.2214,1.0264,0.591,-2.1575
1.0343,0.39084,-2.2494,1.0368,0.43002,-2.2432,1.0357,0.59156,-2.1904
1.0275,0.39901,-2.2603,1.0323,0.43844,-2.2548,1.0487,0.60148,-2.1923
1.0727,0.36436,-2.285,1.0715,0.40269,-2.2794,1.0501,0.57581,-2.2156
1.0394,0.32115,-2.381,1.0512,0.36566,-2.3611,1.0473,0.55886,-2.2731
-0.60689,0.29613,-1.2756,-0.64818,0.30351,-1.2765,-0.7022,0.3326,-1.2447
-0.66264,0.27315,-1.2751,-0.70864,0.28249,-1.2736,-0.78364,0.31965,-1.2379
-0.67531,0.27697,-1.2725,-0.72285,0.28692,-1.2697,-0.80431,0.33035,-1.2262
-0.64184,0.292,-1.3153,-0.67773,0.30319,-1.3171,-0.75262,0.34611,-1.2933
-0.56437,0.21409,-1.4205,-0.61872,0.24153,-1.4134,-0.67892,0.35913,-1.3865
-0.57374,0.21889,-1.4096,-0.62874,0.25031,-1.4073,-0.68904,0.36667,-1.3935
-0.58054,0.21354,-1.4361,-0.64284,0.24371,-1.42,-0.70074,0.37254,-1.3798
-0.58274,0.2163,-1.4481,-0.64154,0.24376,-1.434,-0.68296,0.37364,-1.3958
-0.56975,0.22477,-1.438,-0.62845,0.25161,-1.4266,-0.67189,0.36393,-1.393
-0.58682,0.21794,-1.439,-0.64149,0.24432,-1.4248,-0.66807,0.35778,-1.397
-0.57534,0.22465,-1.4399,-0.62921,0.24963,-1.4274,-0.65185,0.35837,-1.4003
-0.59598,0.22924,-1.4741,-0.65187,0.25071,-1.4651,-0.68746,0.33742,-1.4604
-0.5562,0.22977,-1.4464,-0.61186,0.25373,-1.4321,-0.62259,0.36543,-1.3816
-0.58361,0.22351,-1.4388,-0.63594,0.24951,-1.4312,-0.64141,0.35392,-1.4282
-0.58788,0.22329,-1.449,-0.64449,0.24937,-1.4393,-0.67245,0.36644,-1.4174
-0.57535,0.194,-1.4293,-0.61905,0.21543,-1.4135,-0.61903,0.30764,-1.3817
-0.53232,0.19589,-1.3543,-0.58068,0.22853,-1.34,-0.53602,0.36164,-1.2916
-0.55487,0.19844,-1.4074,-0.61529,0.23068,-1.3948,-0.62562,0.36842,-1.3539
-0.60611,0.22653,-1.4303,-0.65608,0.25242,-1.4221,-0.64588,0.3504,-1.422
-0.5815,0.37886,-1.3493,-0.64525,0.39218,-1.355,-0.69851,0.41084,-1.318
-0.62042,0.26814,-1.3885,-0.68566,0.29137,-1.3919,-0.70595,0.35686,-1.4138
-0.6866,0.26,-1.4701,-0.74768,0.28036,-1.4683,-0.72638,0.36835,-1.4242
-0.71825,0.19935,-1.4238,-0.79507,0.22592,-1.4238,-0.84593,0.31869,-1.371
-0.77071,0.22427,-1.2228,-0.8183,0.24014,-1.2111,-0.92872,0.31678,-1.0828
