0.094831,-0.12126,0.11994,0.087151,-0.10982,0.11755,0.065957,-0.078245,0.096117,0.079754,-0.089341,0.094433,0.12191,-0.076971,0.077545,0.13003,-0.1677,0.14794,0.1405,-0.18678,0.20834,0.15503,-0.22466,0.26176,0.083199,-0.098199,0.1069,0.054873,-0.15426,0.025118,0.014161,-0.17561,0.077808,-0.0096732,-0.17544,-0.019686,0.10823,-0.10973,0.12504,0.16773,-0.14776,0.13455,0.12427,0.076676,0.059343,0.1382,0.032346,0.065013,0.089376,-0.11761,0.12851,0.085861,-0.084487,-0.068044,0.029964,-0.056731,0.031935,0.032776,-0.013234,-0.0046434,2,2,2,1,1
0.24188,-0.088682,0.71362,0.2013,-0.091913,0.67657,0.14249,-0.21009,0.54428,0.043736,-0.282,0.63997,0.1955,-0.21767,0.4078,0.48358,-0.14137,0.46979,0.39237,0.061482,0.38688,0.39689,0.10294,0.29687,0.17556,-0.13805,0.57603,-0.048623,-0.17131,0.50177,0.19099,0.1565,0.75306,0.3172,0.2007,0.80123,0.22518,-0.10018,0.76563,0.076489,-0.070737,1.0013,0.4957,-0.23349,1.0943,0.58991,-0.21682,1.2059,0.28752,-0.061084,0.72223,0.28927,0.02812,0.8173,0.40301,0.024006,0.5855,0.42268,-0.0012764,0.584,2,2,2,2,2,1,1,1
-0.64148,-0.052045,3.7064,-0.64497,0.015485,3.7438,-0.56244,0.35065,3.7263,-0.50599,0.55545,3.6939,-0.69267,0.27617,3.6789,-0.84848,0.11051,3.6868,-0.8608,-0.066829,3.6628,-0.88114,-0.11743,3.6575,-0.45883,0.25703,3.7872,-0.42982,0.051519,3.8525,-0.47673,-0.11166,3.8968,-0.49236,-0.16606,3.9149,-0.70279,-0.10129,3.6841,-0.86056,-0.44227,3.6554,-0.87202,-0.74447,3.7242,-0.84658,-0.77408,3.6679,-0.60121,-0.10881,3.721,-0.63715,-0.40784,3.69,-0.72892,-0.62142,3.6546,-0.69103,-0.57813,3.6455,2,2,2,2,2,2,2,1,1,1,1
0.55664,0.15687,-0.68873,0.53094,0.14999,-0.69345,0.45886,0.14725,-0.67185,0.44396,0.12299,-0.66152,0.51535,0.087678,-0.75147,0.64752,0.082257,-0.87811,0.79777,0.2355,-0.99611,0.8641,0.27807,-1.0341,0.48476,0.14066,-0.67166,0.47011,0.14521,-0.59959,0.51692,0.14612,-0.55563,0.54432,0.14744,-0.54284,0.57787,0.13248,-0.73233,0.61809,0.069113,-0.66938,0.50315,0.057906,-0.69409,0.52982,0.05405,-0.6977,0.56354,0.13849,-0.65605,0.74754,0.08651,-0.73403,0.73316,-0.0012968,-0.59338,0.72248,-0.13971,-0.58998,2,2,2,2,2,2,2,1,1,1,1
0.34172,0.03736,-0.66129,0.37772,0.039606,-0.64459,0.33732,0.062825,-0.63533,0.25988,0.051385,-0.61936,0.26285,0.09976,-0.4928,0.22828,0.18498,-0.15686,0.075647,0.041265,0.06988,0.033045,-0.031813,0.10714,0.33813,0.10605,-0.74606,0.37045,0.12102,-1.0729,0.20815,0.32026,-1.2741,0.14225,0.38566,-1.3386,0.31495,0.042566,-0.6022,0.48419,0.12117,-0.78043,0.71611,0.093646,-0.9678,0.67536,0.055694,-0.9766,0.36833,0.055414,-0.72438,0.35146,0.030698,-0.5602,0.56955,0.092177,-0.42298,0.52275,0.15493,-0.49533,2,2,2,2,2,2,2,1,1,1,1
-0.44712,-0.10572,-0.50722,-0.42298,-0.091341,-0.50326,-0.46068,-0.017334,-0.40494,-0.48516,-0.033038,-0.3797,-0.41067,-0.044315,-0.38172,-0.40912,-0.040651,-0.41577,-0.4278,0.0051617,-0.6644,-0.4423,0.045607,-0.70879,-0.52463,-0.099743,-0.52426,-0.46168,-0.044216,-0.50624,-0.46264,-0.18813,-0.45985,-0.48685,-0.22303,-0.43176,-0.41927,-0.084188,-0.5069,-0.30781,-0.069206,-0.36499,-0.10239,0.048818,-0.28738,-0.11014,0.039174,-0.25299,-0.47676,-0.072761,-0.50989,-0.63272,-0.06957,-0.65699,-0.68305,-0.11073,-1.1213,-0.72456,-0.11141,-1.0946,2,2,2,2,2,2,2,1,1,1,1
-0.54533,0.032307,0.3428,-0.58196,0.023475,0.35439,-0.46796,0.013989,0.32523,-0.41172,0.025403,0.3418,-0.48799,-0.0096306,0.17009,-0.56647,-0.1335,-0.11264,-0.5565,0.08428,-0.1241,-0.51544,0.17379,-0.088303,-0.42081,-0.031449,0.43379,-0.50667,-0.12642,0.60987,-0.37786,-0.19488,0.72951,-0.31104,-0.23077,0.75674,-0.56853,0.035352,0.31463,-0.64765,0.0083997,0.28152,-1.1239,0.18243,0.10032,-1.1066,0.23407,0.060347,-0.5355,-0.0053594,0.36046,-0.65784,0.054078,0.31314,-0.58517,0.10656,0.49259,-0.57299,0.16893,0.50303,2,2,2,2,2,2,2,1,1,1,1
-0.15213,0.087548,0.80336,-0.13294,0.085327,0.7862,-0.18915,0.026729,0.69123,-0.13826,0.028327,0.68665,-0.14707,0.13111,0.75328,-0.14261,0.14246,0.93451,-0.022186,-0.095126,0.90554,-0.032685,-0.10765,0.87837,-0.18485,0.13938,0.63755,-0.29389,0.19738,0.47311,-0.30535,0.19404,0.34229,-0.3069,0.18984,0.34556,-0.13467,0.08842,0.8274,-0.36244,0.013975,0.83528,-0.29964,-0.19924,0.85474,-0.34207,-0.20286,0.85321,-0.16213,0.10401,0.80486,-0.10857,-0.023046,1.0302,-0.3273,-0.1332,1.1581,-0.29987,-0.19555,1.1233,3,2,2,3,2,2,2,1,1,2,2
0.20907,-0.19105,0.64399,0.188,-0.18166,0.63531,0.18232,-0.13321,0.67763,0.20299,-0.12361,0.65057,0.2409,-0.2233,0.59004,0.29813,-0.23522,0.38812,0.3437,-0.28908,0.66375,0.36732,-0.31316,0.74304,0.18232,-0.13321,0.67763,0.10417,-0.070761,0.97972,-0.020598,-0.061613,1.1328,-0.052891,-0.057192,1.1359,0.22172,-0.17654,0.63184,0.36431,-0.11761,0.64773,0.16623,-0.060157,0.76288,0.15275,-0.10945,0.79984,0.19826,-0.1858,0.65144,0.27966,-0.094215,0.63507,0.22603,-0.063425,0.68579,0.25725,-0.061732,0.68341,2,2,3,2,2,2,2,1,2,1,2
0.50038,0.099197,-0.13817,0.49373,0.087294,-0.16577,0.48829,-0.0029582,-0.22696,0.44742,-0.0093802,-0.26116,0.38376,0.0082985,-0.14815,0.4665,-0.030038,-0.076264,0.52242,0.22488,-0.21137,0.53095,0.23277,-0.26906,0.51599,-0.0078708,-0.044795,0.70324,-0.080081,-0.027036,0.88507,-0.10749,-0.059818,0.93034,-0.052786,-0.029238,0.48634,0.053732,-0.1418,0.43797,-0.01711,-0.051123,0.64693,-0.14788,0.17801,0.7153,-0.10132,0.14654,0.52648,0.076604,-0.11812,0.64714,0.041973,-0.16988,0.77682,0.069592,-0.08132,0.80457,0.0098923,0.0010259,2,3,2,2,2,2,2,2,1,1,2
0.25463,0.092916,-0.58996,0.27589,0.087657,-0.55847,0.26458,0.099559,-0.49063,0.21661,0.10798,-0.48892,0.2337,0.10724,-0.43661,0.19909,0.21697,-0.19474,0.023424,-0.047333,-0.20758,-0.047844,-0.10767,-0.22545,0.22917,0.051053,-0.66556,0.28846,0.066464,-0.90786,0.084648,0.29891,-1.0186,0.020488,0.31426,-1.0959,0.25354,0.10159,-0.55283,0.37805,0.1034,-0.78593,0.5449,0.075367,-0.98985,0.4906,0.038467,-0.98264,0.25234,0.096332,-0.65392,0.26995,0.11528,-0.60966,0.37987,0.078983,-0.68306,0.31592,0.13868,-0.7624,2,2,2,2,2,2,2,1,1,1,1
-0.41132,-0.030521,-0.59624,-0.40518,-0.027229,-0.58619,-0.37472,0.0073981,-0.59481,-0.36855,0.00087398,-0.57859,-0.33718,-0.0049264,-0.58139,-0.3538,-0.12303,-0.85036,-0.46611,0.11508,-0.9547,-0.47866,0.12314,-0.95339,-0.36704,0.024832,-0.54252,-0.3018,-0.027474,-0.45965,-0.13304,-0.25685,-0.47485,-0.081346,-0.31848,-0.48813,-0.41722,-0.034751,-0.60027,-0.39879,-0.055872,-0.33172,-0.24454,0.032119,-0.14136,-0.23056,0.0067401,-0.086006,-0.41741,-0.013889,-0.59093,-0.67069,-0.080622,-0.73674,-0.7461,-0.1134,-0.83805,-0.75723,-0.14175,-0.78113,2,2,2,2,2,2,2,1,1,1,1
-0.41691,-0.014689,-0.36364,-0.44324,-0.020141,-0.36405,-0.41892,-0.052665,-0.37567,-0.32703,-0.044798,-0.36684,-0.43611,-0.027834,-0.4458,-0.54595,0.088802,-0.34358,-0.45179,-0.12253,-0.2544,-0.41799,-0.14982,-0.24403,-0.37949,-0.049317,-0.28957,-0.50366,-0.043182,-0.24264,-0.48679,-0.031929,-0.24741,-0.47884,-0.048347,-0.2597,-0.42422,-0.0029671,-0.40639,-0.62871,0.057557,-0.559,-0.95214,0.0090818,-0.70863,-0.9201,0.075385,-0.77721,-0.41092,-0.045686,-0.32496,-0.3114,0.056402,-0.4215,-0.31733,0.17261,-0.34005,-0.24228,0.17201,-0.30287,2,2,2,2,2,2,2,1,1,1,1
0.2205,0.011458,-0.2395,0.20248,0.031683,-0.24341,0.25879,0.10641,-0.1503,0.28112,0.052927,-0.089598,0.33225,0.072792,-0.2369,0.28501,0.12944,-0.38677,0.33402,0.12032,-0.32434,0.35984,0.13118,-0.31788,0.18326,0.085119,-0.10303,0.15496,0.032688,-0.15837,0.31295,0.26241,-0.19836,0.36786,0.344,-0.18141,0.2477,0.049645,-0.22854,0.2016,0.063484,-0.19288,0.45928,0.23804,-0.34359,0.49376,0.23232,-0.24622,0.1973,0.043627,-0.24413,0.26578,0.044235,-0.17837,0.2045,-0.08528,-0.43864,0.23269,-0.068426,-0.50284,2,2,2,2,2,2,2,1,1,1,1
0.47823,0.020623,0.33552,0.50175,0.011194,0.33422,0.33991,-0.050862,0.20157,0.2823,-0.020955,0.16593,0.30668,-0.076782,0.36829,0.42774,-0.14899,0.37343,0.4039,-0.15182,0.41881,0.38999,-0.17692,0.4642,0.39293,0.02117,0.10817,0.53916,0.062086,0.12285,0.4383,0.099702,0.4789,0.44347,0.102,0.50046,0.46415,-0.032635,0.36322,0.77078,-0.038992,0.12691,0.50805,-0.099114,0.0047857,0.47439,-0.11944,-0.051673,0.51506,0.023653,0.31783,0.55411,-0.10859,0.45965,0.69985,0.019416,0.46048,0.62264,0.028378,0.42849,2,2,2,2,2,2,2,1,1,1,1
0.0043759,-0.1267,0.63489,-0.011662,-0.13218,0.64669,0.02535,-0.089272,0.7111,-0.0050881,-0.082442,0.72709,0.022026,-0.056741,0.60788,0.035026,-0.11465,0.66668,0.0080582,-0.066475,0.77072,-0.00443,-0.040162,0.78949,0.023687,-0.18187,0.69452,0.0081246,-0.17247,0.71879,-0.059198,-0.41608,0.58886,-0.12043,-0.48672,0.63136,0.0095571,-0.1016,0.59512,-0.033101,-0.092119,0.69796,0.18556,-0.12753,0.93516,0.18029,-0.10024,0.89328,-0.0071922,-0.14782,0.65683,-0.0062936,-0.10436,0.41461,0.052541,-0.075687,0.42599,0.084778,-0.071721,0.42594,2,2,2,2,2,2,2,1,1,1,1
-0.59191,0.12588,0.66534,-0.57735,0.12799,0.65547,-0.5272,0.092943,0.60661,-0.55408,0.092485,0.58543,-0.57172,0.10562,0.6251,-0.61462,0.13494,0.77509,-0.48771,0.39106,0.73143,-0.44541,0.47644,0.71688,-0.5319,0.11924,0.61619,-0.50098,0.21698,0.46856,-0.50832,0.18851,0.40345,-0.50992,0.18547,0.38018,-0.61104,0.10919,0.68669,-0.74255,0.023493,0.75103,-0.83371,-0.042321,0.59249,-0.84026,-0.044604,0.5913,-0.58814,0.12912,0.65756,-0.75898,0.093834,0.96995,-0.87312,-0.058464,0.94994,-0.91541,-0.043567,0.93172,3,2,2,3,2,2,2,1,1,2,2
-0.0041373,-0.080706,0.58476,-0.030298,-0.080004,0.56927,-0.055829,-0.062252,0.62732,-0.0036976,-0.073948,0.58698,0.097377,-0.10157,0.53486,0.18727,-0.098822,0.34599,0.15604,-0.071828,0.34494,0.14563,-0.062831,0.34457,-0.091936,-0.079171,0.58424,-0.23547,-0.21152,0.58426,-0.35261,-0.19973,0.56572,-0.35751,-0.20517,0.572,0.034602,-0.041568,0.60215,0.020875,-0.0052769,0.63838,-0.29255,0.068476,0.77569,-0.33483,0.011788,0.82243,-0.039676,-0.03489,0.57513,-0.18548,0.14804,0.55902,-0.11031,0.25451,0.56787,-0.17159,0.22205,0.63835,2,2,3,2,2,2,2,1,2,1,2
0.34009,-0.06959,-0.21429,0.35917,-0.068737,-0.20859,0.38477,-0.094513,-0.27888,0.34866,-0.055081,-0.28297,0.25864,-0.074561,-0.18942,0.24372,-0.13294,-0.15815,0.32423,-0.2999,-0.31419,0.27903,-0.40802,-0.44721,0.40778,-0.065666,-0.19943,0.43067,0.0021964,-0.17689,0.59344,0.081575,0.038384,0.5991,0.055567,0.10384,0.32554,-0.10253,-0.24473,0.3298,-0.059918,-0.17758,0.4921,-0.14051,0.064769,0.54748,-0.085029,0.022367,0.35862,-0.11779,-0.19457,0.68615,-0.18378,-0.25417,0.67923,-0.18497,-0.13902,0.70877,-0.054663,-0.12731,2,3,2,2,2,2,2,2,1,1,2
0.45668,0.16743,-0.74412,0.48169,0.15786,-0.73177,0.45003,0.14087,-0.69554,0.41744,0.12882,-0.69175,0.41161,0.1849,-0.62276,0.34985,0.31368,-0.36372,0.17679,0.14494,-0.25858,0.21085,0.14141,-0.19483,0.46998,0.14696,-0.79236,0.52511,0.17391,-0.80163,0.34326,0.3304,-1.1306,0.28289,0.4519,-1.2404,0.43663,0.16572,-0.7221,0.57923,0.11025,-0.93528,0.76884,0.097468,-1.0313,0.77035,0.055645,-1.0132,0.47425,0.15931,-0.77394,0.47807,0.085403,-0.59235,0.37437,0.087526,-0.48064,0.40703,-0.026174,-0.54431,2,2,2,2,2,2,2,1,1,1,1
-0.12397,0.067753,-0.90023,-0.11638,0.062949,-0.89554,-0.15385,0.053895,-0.84503,-0.1693,0.032786,-0.78915,-0.14084,0.018888,-0.79068,-0.070682,-0.040644,-1.1721,-0.016306,0.31688,-1.3194,0.019761,0.38164,-1.2703,-0.16433,0.053114,-0.86978,-0.027382,0.10518,-0.74194,0.15125,-0.14037,-0.7157,0.20758,-0.24257,-0.73007,-0.10849,0.041284,-0.87804,-0.14402,0.028829,-0.60132,0.0073299,0.14409,-0.44022,-0.063664,0.18839,-0.45299,-0.12413,0.082257,-0.94074,-0.20573,0.064897,-1.3661,-0.1757,0.029969,-1.6367,-0.17887,-0.0029186,-1.6043,2,2,2,2,2,2,2,1,1,1,1
-0.39567,-0.15006,-0.17999,-0.44489,-0.14015,-0.176,-0.39214,-0.060383,-0.14046,-0.35889,-0.081337,-0.22308,-0.32167,-0.11421,-0.34637,-0.41723,-0.16156,-0.12062,-0.30343,-0.44411,-0.16396,-0.30315,-0.48412,-0.22426,-0.40949,-0.09155,-0.040829,-0.51027,-0.21436,-0.034906,-0.57379,-0.21365,-0.0072167,-0.56266,-0.14767,0.036244,-0.39642,-0.11503,-0.2516,-0.4391,-0.021965,-0.31838,-0.72009,-0.006645,-0.69865,-0.63266,-0.0067303,-0.69622,-0.40725,-0.15141,-0.10218,-0.55832,0.049555,-0.12478,-0.37998,0.1703,-0.23622,-0.31094,0.20304,-0.25804,3,2,2,3,2,2,2,1,1,2,2
-0.37574,-0.031293,0.69562,-0.33338,-0.028636,0.69561,-0.31018,-0.035731,0.64025,-0.27085,-0.009533,0.72368,-0.34651,0.025721,0.73135,-0.38103,0.097123,0.82308,-0.61682,0.10362,1.1197,-0.69542,0.10579,1.2185,-0.29656,-0.05285,0.54684,-0.34202,0.007066,0.40002,-0.33856,0.0056431,0.45954,-0.35221,-0.058998,0.4976,-0.38965,-0.029745,0.75378,-0.32829,0.10855,0.977,-0.2934,0.052836,0.84936,-0.34916,0.053605,0.8355,-0.37361,-0.028075,0.65956,-0.23261,-0.23218,0.9904,-0.75648,-0.22983,1.0976,-0.81179,-0.26024,1.1256,2,2,3,2,2,2,2,1,2,1,2
0.28139,-0.045648,0.72033,0.30603,-0.023163,0.68213,0.28677,0.023035,0.60133,0.28256,0.035179,0.55529,0.36971,-0.0023438,0.56091,0.57139,-0.050524,0.36943,0.84482,0.068436,0.32382,0.91289,0.13631,0.29523,0.19179,0.026899,0.54736,0.014695,0.12018,0.48645,0.081354,0.15113,0.56875,0.060456,0.14952,0.50096,0.31238,-0.0095125,0.69789,0.077595,-0.19458,0.43897,-0.055824,-0.27611,0.72806,-0.10312,-0.28156,0.75446,0.25016,-0.019443,0.7723,0.2864,0.061514,0.91061,0.49475,-0.10729,1.2227,0.44701,-0.081567,1.2072,2,3,2,2,2,2,2,2,1,1,2
0.37947,0.10549,-0.13746,0.33609,0.078601,-0.11814,0.32279,-0.031331,-0.083149,0.27414,-0.030812,-0.065448,0.21338,0.001835,-0.010722,0.0068389,0.083392,0.19823,-0.19415,-0.11177,0.07924,-0.20826,-0.21181,0.037908,0.4525,0.027318,0.077107,0.67457,-0.038235,0.17949,0.62712,0.080776,-0.11563,0.54656,0.16935,-0.097793,0.34384,0.052009,-0.13507,0.60917,0.026758,-0.13174,0.83448,0.035123,-0.16019,0.90097,0.038834,-0.18655,0.42819,0.068186,-0.17135,0.37118,0.045514,-0.49696,0.42284,0.18996,-0.32804,0.48933,0.19368,-0.35439,2,2,2,2,2,2,2,1,1,1,1
0.062467,-0.026757,-0.81233,0.074884,-0.031689,-0.79588,0.074737,-0.013628,-0.74359,0.083817,-0.003884,-0.76432,0.057158,-0.020202,-0.7321,0.18413,-0.12455,-0.91736,0.23607,-0.013506,-1.1357,0.24152,0.10596,-1.1644,0.057363,-0.033636,-0.80713,0.07286,-0.090337,-0.65233,0.13101,-0.25271,-0.55053,0.24424,-0.34161,-0.5861,0.066741,-0.030113,-0.80325,-0.029863,0.026711,-0.82955,-0.044996,0.082982,-0.75029,-0.01506,0.06241,-0.7456,0.053779,-0.020207,-0.84185,0.093841,-0.051459,-0.84733,0.20909,-0.189,-1.0856,0.19736,-0.2263,-1.0543,3,2,2,3,2,2,2,1,1,2,2
-0.25897,0.0081473,-0.66494,-0.27728,0.0083608,-0.66021,-0.25212,0.020838,-0.64551,-0.19851,-0.010253,-0.66281,-0.20247,0.013809,-0.71891,-0.33448,0.049898,-0.75762,-0.28111,0.14518,-0.66963,-0.33241,0.11102,-0.61526,-0.23312,0.021029,-0.59598,-0.28817,0.037743,-0.57943,-0.31924,0.027607,-0.57636,-0.32025,0.034636,-0.55434,-0.25569,0.025033,-0.68291,-0.36364,0.048354,-0.72717,-0.46808,0.051036,-0.71352,-0.48199,0.17285,-0.64924,-0.26354,0.0062377,-0.64517,-0.29369,0.078128,-0.71243,-0.41253,0.11215,-0.60183,-0.40355,0.10858,-0.55709,2,2,3,2,2,2,2,1,2,1,2
0.1945,0.083896,-0.26443,0.20346,0.08078,-0.25918,0.24879,0.082502,-0.2211,0.31012,0.059274,-0.13184,0.18937,0.23485,-0.2025,0.23992,0.21373,-0.26857,0.15661,-0.0060299,-0.16949,0.19953,-0.089098,-0.19875,0.22284,0.068967,-0.25928,0.14377,0.012396,-0.39109,0.29081,0.20149,-0.42541,0.33191,0.28573,-0.44377,0.1643,0.085439,-0.26871,0.42277,0.03933,-0.33605,0.34402,0.061118,-0.53646,0.34231,-0.039171,-0.60244,0.21049,0.059792,-0.28205,0.22634,-0.027741,-0.26882,0.0054075,0.16937,-0.38816,0.086926,0.23745,-0.43136,2,3,2,2,2,2,2,2,1,1,2
0.15922,-0.028218,0.38603,0.16653,-0.023418,0.3483,0.091486,-0.09359,0.22334,-0.045911,-0.017915,0.27479,0.10217,-0.17532,0.35045,0.11813,-0.13408,0.42798,0.10207,-0.11682,0.52035,0.074845,-0.052322,0.5607,0.077432,0.00075373,0.27778,0.20835,0.072874,0.37402,-0.073445,0.073604,0.3523,-0.15572,0.044839,0.34572,0.18491,-0.04549,0.42284,0.059432,-0.031648,0.6527,0.29715,-0.10961,0.69661,0.27252,-0.16145,0.82767,0.15217,-7.5921e-05,0.39644,0.19868,0.066828,0.44364,0.47403,0.039238,0.10612,0.37283,0.0097628,0.075656,2,2,2,2,2,2,2,1,1,1,1
-0.2338,-0.099492,0.78534,-0.25159,-0.088661,0.80644,-0.24279,0.0078928,0.85005,-0.21225,-0.037831,0.74423,-0.21183,-0.075222,0.70679,-0.1869,-0.126,0.73921,-0.306,-0.05517,0.58661,-0.34339,-0.090241,0.53447,-0.23527,-0.099799,0.81778,-0.22309,-0.12341,0.75803,-0.13033,-0.19146,1.0607,-0.099417,-0.21414,1.1616,-0.2255,-0.088044,0.7528,-0.1392,-0.11343,0.78717,-0.50319,0.1382,0.79169,-0.40221,0.2225,0.72909,-0.24259,-0.10104,0.80763,-0.24292,-0.18786,0.75067,-0.28989,-0.34146,1.0539,-0.23121,-0.32164,1.0752,2,2,2,2,2,2,2,1,1,1,1
-0.53013,0.12559,0.68587,-0.50169,0.11971,0.67367,-0.47674,0.052282,0.62309,-0.472,0.054584,0.62849,-0.51536,0.11682,0.6992,-0.52744,0.11712,0.82366,-0.39911,0.14612,1.1052,-0.35633,0.15579,1.1991,-0.48631,0.05836,0.57021,-0.52595,0.077463,0.44768,-0.53143,-0.010308,0.34642,-0.53325,-0.039565,0.31267,-0.54375,0.11529,0.71764,-0.77086,0.059097,0.49108,-0.58313,-0.1862,0.40063,-0.69929,-0.22136,0.3316,-0.53136,0.12346,0.66504,-0.59438,0.20679,0.90007,-0.67162,0.11824,0.81302,-0.73334,0.098933,0.7917,3,2,2,3,2,2,2,1,1,2,2
0.20777,-0.18828,0.49277,0.20858,-0.16678,0.47521,0.2694,-0.074257,0.50606,0.29966,-0.090195,0.46536,0.40849,-0.13439,0.40768,0.56946,-0.11341,0.26144,0.6989,0.041826,0.28643,0.71025,0.12673,0.20971,0.2266,-0.081951,0.47784,0.2017,-0.049977,0.46543,0.056253,0.10869,0.44864,0.060436,0.11379,0.4023,0.25029,-0.1456,0.52914,0.25326,-0.053661,0.59043,0.10249,0.088511,0.84531,0.10591,0.047581,0.85912,0.17647,-0.17068,0.47491,0.15561,-0.18048,0.63899,0.031694,-0.027032,0.46384,0.05366,-0.027256,0.46229,2,2,3,2,2,2,2,1,2,1,2
0.60459,0.02565,-0.138,0.58777,0.0023388,-0.13952,0.49378,-0.10556,-0.14542,0.44579,-0.068844,-0.16982,0.34996,-0.077342,-0.022146,0.23484,-0.06691,0.067207,0.11165,-0.32312,-0.14578,0.079521,-0.40081,-0.17943,0.53861,-0.071211,-0.042297,0.5628,-0.13819,0.18938,0.57036,-0.13259,0.1991,0.57038,-0.13248,0.19915,0.57207,-0.014967,-0.20391,0.61834,-0.0044842,-0.14434,1.0172,-0.12793,-0.07743,1.0265,-0.086805,-0.093043,0.64675,0.0010119,-0.092792,0.68188,0.019627,-0.307,1.0857,0.021594,-0.18756,1.0765,0.022013,-0.18781,3,3,2,3,2,2,2,2,1,2,2
0.20331,0.048213,-0.75335,0.20966,0.049841,-0.73801,0.19675,0.073329,-0.72152,0.16528,0.084535,-0.66405,0.2189,0.067648,-0.70565,0.24002,0.068392,-0.57799,0.21167,0.098464,-0.70284,0.20104,0.098868,-0.69928,0.22653,0.10164,-0.76537,0.18592,0.12879,-0.98747,0.23139,0.15846,-1.1762,0.2366,0.23776,-1.1486,0.20343,0.042447,-0.72164,0.29116,0.028978,-0.90734,0.20246,0.035806,-0.83701,0.20312,-0.027548,-0.77538,0.20256,0.05174,-0.7885,0.27432,-0.0090679,-0.80016,0.22384,-0.10533,-0.5097,0.20704,-0.10405,-0.50728,2,2,3,2,2,2,2,1,2,1,2
-0.42588,0.082467,-0.76117,-0.41064,0.081053,-0.73435,-0.41291,0.13392,-0.63949,-0.4166,0.11875,-0.59669,-0.41316,0.11888,-0.70417,-0.36144,0.050797,-0.81416,-0.47093,0.29759,-0.80083,-0.46688,0.33976,-0.80215,-0.51294,0.12149,-0.72408,-0.37496,0.1585,-0.69743,-0.2879,-0.040045,-0.61632,-0.29802,-0.11973,-0.63932,-0.40778,0.096776,-0.77789,-0.37068,0.061005,-0.67854,-0.21383,0.095967,-0.76854,-0.25017,0.16225,-0.82061,-0.45271,0.12133,-0.75893,-0.59832,0.11911,-0.93573,-0.72187,0.079396,-1.2642,-0.74351,0.058855,-1.214,2,3,2,2,2,2,2,2,1,1,2
-0.50558,0.0023262,0.067298,-0.54139,0.0083795,0.063852,-0.47248,0.024805,0.021999,-0.40887,0.0053414,-0.025338,-0.45277,-0.01652,-0.087592,-0.60084,0.025996,-0.16865,-0.46943,-0.17236,0.19482,-0.49627,-0.23096,0.24474,-0.39857,-0.056009,0.12554,-0.49219,-0.07491,0.1441,-0.50903,-0.074363,0.20482,-0.51571,-0.080551,0.22855,-0.5314,0.0096761,0.028576,-0.60881,0.064107,-0.074671,-0.93703,0.025176,-0.1659,-0.92455,-0.0064608,-0.12205,-0.48726,-0.043096,0.1018,-0.46663,-0.014286,-0.010672,-0.28537,0.12553,-0.17332,-0.31311,0.19637,-0.13487,3,2,2,3,2,2,2,1,1,2,2
-0.27221,-0.12413,0.63796,-0.24839,-0.12927,0.63992,-0.25288,-0.15447,0.6085,-0.24936,-0.15295,0.61293,-0.26324,-0.10585,0.68397,-0.30688,-0.10189,0.73811,-0.36069,-0.15877,0.59675,-0.35152,-0.1624,0.65663,-0.2456,-0.13481,0.55561,-0.32128,-0.18843,0.55769,-0.30467,-0.18874,0.7263,-0.29913,-0.18884,0.78252,-0.27288,-0.12892,0.67342,-0.33356,-0.18659,0.8129,-0.2765,-0.029909,0.47812,-0.25454,-0.039322,0.51709,-0.27765,-0.11573,0.60809,-0.22348,-0.1363,0.63238,-0.63924,-0.052038,0.85693,-0.56945,-0.10034,0.76459,2,2,3,2,2,2,2,1,2,1,2
0.50691,0.034492,0.59137,0.50451,0.048702,0.55184,0.50153,0.044637,0.47051,0.53838,0.039585,0.47277,0.59242,0.01587,0.42496,0.81435,0.014061,0.33419,0.95944,0.072895,0.35,1.0146,0.06029,0.30829,0.4914,0.068432,0.43915,0.37097,0.13199,0.29031,0.35495,0.49588,-0.056972,0.34338,0.58148,-0.16175,0.52978,0.030074,0.57857,0.43072,0.010263,0.66021,0.10399,0.016035,0.95964,0.16354,0.0053235,0.95581,0.48769,0.060033,0.63606,0.46572,0.034647,1.0858,0.57094,-0.15983,1.2734,0.59461,-0.20833,1.372,2,3,2,2,2,2,2,2,1,1,2
0.53905,0.032957,-0.25821,0.53096,0.021021,-0.28052,0.48411,-0.034642,-0.25726,0.40488,-0.0014176,-0.28422,0.38918,0.017224,-0.16475,0.20898,0.094766,0.057877,0.116,0.018783,-0.10109,0.10523,0.011661,-0.13457,0.49962,0.0027463,-0.16932,0.72794,0.016411,0.1241,0.76045,-0.2772,0.1389,0.77879,-0.35086,0.10603,0.52016,0.034066,-0.23527,0.83001,0.053656,-0.30501,1.3382,-0.15917,-0.30954,1.2841,-0.11372,-0.39638,0.57259,0.0041801,-0.28001,0.56684,0.050728,-0.19783,0.67179,0.10752,-0.037264,0.64876,0.14937,-0.13285,2,2,2,2,2,2,2,1,1,1,1
-0.044244,-0.032726,-0.7135,-0.02995,-0.030625,-0.69324,-0.013792,-0.0088919,-0.65798,-0.011314,-0.02673,-0.65943,-0.022106,-0.025858,-0.56113,0.079629,-0.1073,-0.67204,0.021817,-0.038929,-0.85027,0.0054526,0.060404,-0.87725,-0.032345,-0.040259,-0.70959,-0.03305,-0.071711,-0.871,-0.064291,-0.10408,-0.82983,-0.094358,-0.065486,-0.79965,-0.041331,-0.04144,-0.68699,-0.17776,0.013015,-0.72917,-0.10929,0.18844,-0.47446,-0.14832,0.19204,-0.46599,-0.055266,-0.032327,-0.75582,-0.008511,-0.038649,-1.1162,0.16361,-0.087353,-1.3047,0.16357,-0.12355,-1.2443,2,2,2,2,2,2,2,1,1,1,1
-0.45369,0.064633,-0.52739,-0.44786,0.061402,-0.50267,-0.42661,0.069716,-0.52088,-0.41303,0.060874,-0.52032,-0.42378,0.042728,-0.58535,-0.4929,0.082396,-0.56644,-0.49107,0.17547,-0.52853,-0.49218,0.16501,-0.55717,-0.42286,0.071862,-0.50191,-0.38636,0.087445,-0.42221,-0.38847,0.041776,-0.37407,-0.37106,0.0021149,-0.35129,-0.45692,0.076882,-0.53444,-0.57764,0.083603,-0.49361,-0.66304,-0.091356,-0.67003,-0.63908,-0.11969,-0.64174,-0.46055,0.056814,-0.52445,-0.56729,0.10445,-0.59295,-0.65632,0.082426,-0.49172,-0.67079,0.085155,-0.48576,2,2,2,2,2,2,2,1,1,1,1
0.035234,0.041152,-0.39661,0.012198,0.036628,-0.3897,0.010302,0.020957,-0.38796,0.1476,-0.047306,-0.38966,0.025981,0.084751,-0.47503,-0.041826,0.088878,-0.52486,0.040395,-0.056939,-0.41073,0.06611,-0.15389,-0.37482,-0.044539,-0.027707,-0.39318,-0.13286,-0.0094137,-0.211,-0.011752,0.21816,-0.32601,0.014987,0.27028,-0.31558,0.038189,0.043454,-0.44986,0.17222,0.071764,-0.58406,-0.0913,0.09312,-0.81636,-0.065879,0.11942,-0.85595,0.042939,0.061812,-0.34399,0.11007,0.054285,-0.17452,-0.074013,0.1958,-0.40613,-0.056488,0.28667,-0.49172,2,2,2,2,2,2,2,1,1,1,1
0.24639,-0.068401,0.28232,0.27922,-0.056496,0.28615,0.28454,0.027085,0.33595,0.14455,0.094421,0.37354,0.24477,-0.07177,0.3955,0.28981,-0.10549,0.41891,0.46602,0.094286,0.37987,0.43796,0.21268,0.38754,0.2861,0.020994,0.27613,0.28253,-0.050359,0.049528,0.27957,-0.172,0.46742,0.26994,-0.13439,0.50651,0.23576,-0.06214,0.3175,0.34924,-0.057644,0.27165,0.39107,0.1358,0.19152,0.34831,0.14074,0.19868,0.24429,-0.079031,0.23431,0.17979,-0.060594,0.29235,0.42102,-0.15005,0.2493,0.38558,-0.20095,0.27288,2,2,2,2,2,2,2,1,1,1,1
0.081713,-0.053266,0.78241,0.025478,-0.055067,0.78457,-0.01151,-0.052878,0.80493,-0.044004,-0.057539,0.83535,0.075636,-0.021954,0.66725,0.1267,0.010269,0.44585,-0.09489,-0.20727,0.51525,-0.084239,-0.33623,0.53741,-0.020844,-0.0077464,0.85072,0.063604,0.024546,0.97507,0.075713,-0.064446,0.79403,0.09463,-0.16245,0.7746,0.11491,-0.035771,0.74453,0.067936,-0.015207,0.66641,0.2451,-0.1585,1.1387,0.30755,-0.22203,1.2178,0.064024,-0.030496,0.82399,0.027492,-0.026774,0.79563,0.041593,0.045478,0.58394,0.08872,-0.0075345,0.62368,2,2,2,2,2,2,2,1,1,1,1
-0.51063,-0.010919,0.56523,-0.50664,0.0078091,0.53739,-0.49965,0.032454,0.42517,-0.4957,0.032342,0.39931,-0.4969,0.035715,0.42732,-0.28571,0.14376,0.78468,-0.17268,0.16901,0.99732,-0.14966,0.17197,0.99602,-0.51873,-0.0016467,0.41031,-0.69785,-0.029345,0.27777,-0.92557,0.0833,0.29993,-0.99938,0.1445,0.34753,-0.50409,-0.021698,0.59319,-0.66281,-0.13168,1.0827,-0.69099,-0.21522,0.94353,-0.63041,-0.12463,0.89751,-0.51718,0.0043529,0.564,-0.27632,-0.066235,0.53608,-0.2015,-0.18483,0.87379,-0.21173,-0.19831,0.92085,2,2,2,2,2,2,2,1,1,1,1
-0.43636,0.090101,-0.12796,-0.40872,0.070009,-0.13464,-0.37302,-0.025632,-0.075279,-0.28894,-0.01794,-0.12742,-0.41751,-0.014534,0.02392,-0.70975,-0.093645,-0.16419,-0.75871,0.16602,-0.4754,-0.77805,0.25905,-0.46272,-0.25641,0.036328,-0.0042837,-0.12284,0.11138,0.18135,0.036585,-0.040607,0.11091,0.075574,-0.11903,0.037294,-0.47246,0.073069,-0.12598,-0.4441,0.087843,-0.37694,-0.53345,0.19213,-0.19826,-0.61494,0.16286,-0.23715,-0.40987,0.047187,-0.14258,-0.67522,0.047211,0.050272,-0.97555,-0.038255,0.21251,-0.94739,-0.006591,0.22552,2,2,2,2,2,2,2,1,1,1,1
0.23689,-0.03144,-0.35576,0.21255,-0.036616,-0.34547,0.25613,-0.06329,-0.31258,0.32054,-0.071764,-0.23429,0.29778,-0.043941,-0.4088,0.27733,-0.02324,-0.52934,0.36109,-0.20997,-0.45743,0.39703,-0.23237,-0.46927,0.17482,-0.13464,-0.24263,0.05727,-0.25234,-0.40617,0.19492,0.039385,-0.57783,0.24987,0.11057,-0.60521,0.26777,-0.042484,-0.45169,0.25268,-0.056681,-0.47193,0.10174,-0.087022,-0.74528,0.15589,-0.089491,-0.71263,0.20516,-0.063853,-0.30322,0.3576,-0.020783,-0.56547,0.12105,0.22326,-0.7272,0.1517,0.25342,-0.80025,3,2,2,3,2,2,2,1,1,2,2
0.6839,-0.090929,0.052121,0.67314,-0.085835,0.049181,0.64074,-0.046815,0.077582,0.59597,-0.029275,0.12002,0.70204,0.039118,0.12297,0.71501,0.038086,0.052061,0.46851,-0.065838,-0.0066323,0.40502,-0.11641,-0.044187,0.63967,-0.050746,0.076379,0.50001,0.26816,-0.11193,0.55768,0.16699,0.22148,0.58756,0.16392,0.32687,0.69626,-0.046854,0.14097,0.63477,-0.032975,0.14749,0.72042,0.038012,-0.018612,0.69219,-0.012326,-0.007472,0.6776,-0.045501,-0.0019946,0.72491,-0.097511,-0.092094,0.78692,-0.16557,-0.25221,0.79582,-0.16449,-0.23809,2,2,3,2,2,2,2,1,2,1,2
0.5123,0.11843,0.31195,0.53478,0.12647,0.30623,0.46538,0.14761,0.20758,0.41038,0.13965,0.091885,0.4267,0.032574,0.21996,0.57706,-0.038271,0.34825,0.84817,0.2845,0.44907,0.91293,0.38225,0.47971,0.49011,0.14533,0.08147,0.43791,-0.080809,0.19999,0.20906,-0.24786,0.010916,0.13277,-0.30355,-0.052101,0.5045,0.10437,0.32116,0.66963,0.026078,0.4359,0.5794,-0.068557,0.75903,0.60438,-0.060523,0.77971,0.53035,0.13177,0.32138,0.59394,0.1202,0.55317,0.94769,0.033235,0.86626,0.90522,-0.026944,0.89196,2,3,2,2,2,2,2,2,1,1,2
-0.013329,-0.066908,-0.28675,0.0029197,-0.073593,-0.29535,-0.0080079,-0.11379,-0.26724,-0.087748,-0.10821,-0.25046,-0.058179,-0.070425,-0.10576,-0.093266,0.010545,0.15944,-0.22671,-0.3325,0.049705,-0.29076,-0.41002,0.023736,-0.0029631,-0.048184,-0.28343,0.23788,-0.075641,-0.27106,0.23178,0.094711,-0.43769,0.27003,0.13453,-0.50463,-0.021547,-0.092273,-0.24922,0.13475,-0.027616,-0.33532,0.29945,-0.0016358,-0.49023,0.25672,-1.9372e-05,-0.50679,-0.0027652,-0.082689,-0.33156,0.027227,-0.026205,-0.34403,0.092218,0.10099,-0.24084,0.014816,0.15857,-0.29588,3,2,2,3,2,2,2,1,1,2,2
-0.44317,-0.061956,-0.47583,-0.42891,-0.056201,-0.44001,-0.43392,0.018505,-0.35743,-0.4188,0.0066727,-0.32854,-0.48183,-0.15158,-0.45526,-0.48747,-0.21395,-0.57933,-0.42604,-0.15229,-0.38297,-0.36662,-0.16572,-0.3243,-0.50071,-0.014371,-0.41474,-0.4824,0.016395,-0.50269,-0.66334,-0.029235,-0.42637,-0.74537,0.011528,-0.35836,-0.46391,-0.070291,-0.51404,-0.43262,-0.030085,-0.41565,-0.11061,0.25787,-0.31422,-0.072893,0.25105,-0.27815,-0.42718,-0.036888,-0.45935,-0.61068,-0.015049,-0.68666,-0.55148,-0.13907,-1.0504,-0.54358,-0.16087,-1.0083,2,2,3,2,2,2,2,1,2,1,2
-0.67512,0.066028,0.24794,-0.68744,0.070137,0.24908,-0.73239,0.068921,0.19299,-0.73983,0.063375,0.18323,-0.73239,0.068921,0.19299,-0.4939,0.24861,0.26077,-0.80373,0.26912,0.11638,-0.88538,0.33435,0.064302,-0.67734,0.062601,0.19955,-0.53569,0.079675,0.31743,-0.28292,-0.064713,0.41482,-0.23144,-0.14288,0.41896,-0.66425,0.044978,0.25522,-0.80068,0.062118,0.39211,-0.96136,-0.27404,0.40975,-1.0355,-0.27817,0.42599,-0.67222,0.07045,0.24872,-0.77971,0.017366,0.37534,-0.84082,-0.0033346,0.56421,-0.88958,0.0089059,0.58307,3,3,2,3,2,2,2,2,1,2,2
-0.37188,0.11662,-0.37333,-0.38121,0.10039,-0.39296,-0.31487,0.0025651,-0.43957,-0.24317,0.013302,-0.46704,-0.2653,0.21793,-0.41846,-0.26528,0.21794,-0.41846,0.024752,0.20067,-0.52304,-0.012019,0.23702,-0.65714,-0.26356,0.034752,-0.33763,-0.33559,0.025993,-0.28637,-0.52868,0.24581,-0.36944,-0.5574,0.26194,-0.39249,-0.36828,0.13717,-0.35523,-0.3705,0.044605,-0.41904,-0.72362,0.21188,-0.65113,-0.71355,0.26461,-0.75136,-0.38809,0.089969,-0.37631,-0.37254,0.071001,-0.29048,-0.54728,0.15941,-0.28104,-0.45266,0.26358,-0.23364,2,2,3,2,2,2,2,1,2,1,2
0.38061,-0.10054,-0.32933,0.35424,-0.094784,-0.33102,0.38171,-0.033899,-0.2351,0.46374,-0.043635,-0.16379,0.46497,-0.13065,-0.39286,0.16805,-0.29942,-0.66872,0.19277,-0.3068,-0.50081,0.32006,-0.403,-0.33347,0.35921,-0.058644,-0.1277,0.22157,-0.18525,-0.13472,0.5409,-0.22949,-0.15987,0.62591,-0.19607,-0.17573,0.39285,-0.079685,-0.42175,0.27589,-0.0060125,-0.70022,0.7431,0.063854,-0.53216,0.82045,0.065539,-0.49538,0.36693,-0.1245,-0.26472,0.48181,-0.056048,-0.43031,0.36343,-0.10602,-0.74967,0.42563,-0.19641,-0.83873,3,3,2,3,2,2,2,2,1,2,2
0.42843,0.068073,0.29472,0.47202,0.055486,0.31585,0.48878,0.03214,0.34044,0.34978,0.031486,0.35495,0.33078,0.044543,0.48113,0.26524,0.092415,0.61053,0.18389,0.057881,0.65368,0.14955,0.039616,0.6599,0.47863,0.080389,0.17401,0.57271,0.1812,0.13483,0.23292,0.25417,0.25196,0.11966,0.27849,0.291,0.39401,0.04701,0.36411,0.55998,0.0036599,0.35125,0.15546,-0.22321,0.36233,0.047409,-0.16632,0.34734,0.44821,0.093299,0.21503,0.39346,-0.026725,0.39946,0.60753,-0.017011,0.39206,0.55946,0.00038445,0.33804,2,2,3,2,2,2,2,1,2,1,2
0.051036,0.0057525,0.77946,0.057025,0.023207,0.76164,0.0070048,0.032574,0.62554,0.098086,0.051312,0.62045,0.12157,0.12757,0.64037,0.20044,0.068876,0.73711,0.10449,0.13868,0.85424,0.072511,0.16195,0.89328,-0.030484,0.040377,0.62723,-0.092534,0.037079,0.49699,0.19477,-0.15845,0.677,0.29054,-0.22363,0.737,0.081733,0.037133,0.79936,-0.1088,-0.010159,0.83074,0.025131,0.0067208,0.52461,0.022071,-0.054103,0.51609,0.029944,0.026036,0.8016,0.12124,0.028282,0.82786,0.023319,-0.067968,1.1052,-0.03969,-0.08922,1.1358,2,3,2,2,2,2,2,2,1,1,2
0.18797,-0.031608,0.41209,0.16684,-0.017694,0.37812,0.18385,0.041453,0.37418,0.16045,0.028826,0.3115,0.22613,-0.078396,0.30793,0.17552,0.039409,0.41894,0.15347,-0.041371,0.42373,0.17696,-0.061948,0.32477,0.1686,-0.043309,0.36639,0.14464,-0.096306,0.54338,-0.099598,-0.15666,0.39701,-0.087693,-0.16434,0.36942,0.19956,-0.0067252,0.40605,0.24226,-0.00069284,0.58581,-0.00891,0.0371,0.89444,0.017443,-0.024418,0.95261,0.16951,-0.022988,0.41975,0.10058,-0.0096863,0.46406,0.11429,-0.028855,0.5649,0.15983,-0.064406,0.61633,2,2,2,2,2,2,2,1,1,1,1
0.088175,-0.03309,-0.41044,0.088044,-0.056517,-0.39723,0.10338,-0.15368,-0.34165,0.02753,-0.14486,-0.37995,-0.02525,-0.1226,-0.29351,0.025194,-0.22512,-0.3417,0.16322,-0.17868,-0.6043,0.17919,-0.1888,-0.58696,0.1699,-0.074723,-0.24814,0.24928,-0.051741,-0.20016,0.35735,0.036771,-0.37799,0.29938,0.051364,-0.46139,0.048818,-0.08664,-0.43104,0.10259,-0.020729,-0.593,0.37033,-0.10543,-0.51953,0.40232,-0.081566,-0.53573,0.13344,-0.067517,-0.40157,0.22936,0.022379,-0.44507,0.14462,0.27128,-0.29786,0.14505,0.31056,-0.36357,3,2,2,3,2,2,2,1,1,2,2
0.06041,-0.01103,-0.69919,0.072298,-0.012026,-0.67859,0.056456,0.0009051,-0.66445,0.078992,0.00534,-0.59836,0.057457,0.012906,-0.58875,0.12799,-0.052534,-0.67365,0.06541,-0.034158,-0.68536,0.030397,0.015998,-0.68982,0.05649,-0.023694,-0.73662,0.088725,0.043143,-0.8524,0.11864,0.043318,-0.85135,0.026045,0.088324,-0.89975,0.065816,-0.0093478,-0.68145,0.019102,0.0052685,-0.72145,0.16914,0.13679,-0.60022,0.11871,0.17898,-0.64889,0.056712,-0.015274,-0.72945,0.031392,-0.038816,-0.96067,0.31847,-0.19725,-1.2084,0.30947,-0.23504,-1.1721,2,2,3,2,2,2,2,1,2,1,2
-0.43386,-0.024649,-0.34913,-0.41847,-0.027885,-0.34389,-0.44189,-0.055852,-0.2801,-0.398,-0.016415,-0.18814,-0.40302,-0.045779,-0.25298,-0.47541,-0.0030477,-0.32104,-0.54523,0.28423,-0.26254,-0.55516,0.35521,-0.24681,-0.52632,0.08914,-0.30125,-0.5771,0.023993,-0.39656,-0.61165,-0.045933,-0.29183,-0.54109,-0.097189,-0.20177,-0.40146,-0.0039062,-0.36043,-0.32156,0.01348,-0.26175,-0.32556,-0.013747,-0.62405,-0.37403,0.019686,-0.60647,-0.46675,0.0050252,-0.34472,-0.68618,0.03448,-0.32771,-0.70269,0.12413,-0.52686,-0.70679,0.13095,-0.51809,2,3,2,2,2,2,2,2,1,1,2
-0.35708,0.16762,0.4094,-0.38148,0.17206,0.42247,-0.31702,0.2281,0.34536,-0.3287,0.18093,0.2554,-0.35536,0.24256,0.22061,-0.38766,0.20939,0.31208,-0.29165,0.22685,0.30577,-0.25965,0.23268,0.30366,-0.23909,0.049562,0.4022,-0.15632,0.1298,0.41701,-0.18821,0.14998,0.49364,-0.17285,0.12589,0.53031,-0.40045,0.16331,0.39835,-0.54104,0.13764,0.28223,-0.73917,0.15405,0.21324,-0.66135,0.079698,0.27575,-0.32292,0.12995,0.42662,-0.2574,0.034862,0.63619,-0.47683,-0.10553,0.73132,-0.46299,-0.072966,0.68595,3,2,2,3,2,2,2,1,1,2,2
0.15544,-0.11205,0.6893,0.16504,-0.10115,0.68006,0.15352,-0.073089,0.64677,0.16802,-0.079781,0.6102,0.2636,-0.11053,0.62014,0.20944,-0.00089335,0.68466,0.086462,-0.37644,0.88297,0.050888,-0.55304,0.95497,0.14646,-0.073805,0.5899,-0.016186,-0.18759,0.7579,-0.11272,-0.21164,0.72605,-0.10779,-0.19454,0.6875,0.18267,-0.10086,0.73755,0.20683,-0.10576,0.84082,-0.02315,-0.085065,0.83434,-0.051206,-0.10098,0.79719,0.12936,-0.084903,0.66441,0.23857,-0.032064,0.82259,0.19728,-0.06513,0.96727,0.1791,-0.067253,0.96931,2,2,3,2,2,2,2,1,2,1,2
0.2458,-0.035306,-0.035698,0.22511,-0.050007,-0.050766,0.18511,-0.14058,-0.058206,0.14862,-0.1095,-0.084595,0.05912,-0.12945,0.018241,0.18141,-0.21888,-0.065542,0.31144,-0.18072,-0.27311,0.3415,-0.10373,-0.35948,0.20862,-0.055923,0.07402,0.29748,0.0067985,0.13973,0.47728,0.12721,-0.042858,0.49528,0.15865,-0.090086,0.2367,-0.078775,-0.083908,0.33928,-0.14333,0.0065668,0.66833,-0.15263,0.34437,0.70793,-0.097947,0.29484,0.28008,-0.054549,0.0073905,0.23085,-0.052903,0.0043433,0.52763,0.032016,0.27777,0.55538,0.0072528,0.31352,2,3,2,2,2,2,2,2,1,1,2
-0.078672,0.058331,-0.64703,-0.063592,0.067017,-0.65772,-0.068036,0.10169,-0.65625,-0.072927,0.077139,-0.62247,-0.034898,0.10419,-0.60465,-0.026713,0.11539,-0.50502,-0.027702,0.09562,-0.45369,-0.042059,0.097596,-0.46029,-0.087536,0.041549,-0.75916,-0.06997,0.029472,-0.91252,-0.21639,0.072499,-0.86675,-0.28433,0.1012,-0.85801,-0.070953,0.073807,-0.60164,-0.15132,0.14268,-0.6872,-0.050916,0.06367,-0.6712,-0.057162,0.0014189,-0.56711,-0.094651,0.056422,-0.68472,0.016988,0.0051175,-0.90332,-0.073514,0.00090742,-1.161,-0.10441,-0.010807,-1.133,2,2,2,2,2,2,2,1,1,1,1
-0.36862,0.058699,-0.56479,-0.36492,0.060312,-0.53279,-0.41115,0.10602,-0.43915,-0.43405,0.093786,-0.42062,-0.49317,0.014809,-0.47899,-0.37179,0.072308,-0.53253,-0.49695,0.3468,-0.62821,-0.52562,0.34723,-0.58463,-0.47308,0.10577,-0.51542,-0.39618,0.10705,-0.51878,-0.23133,-0.045302,-0.41703,-0.16491,-0.10776,-0.37492,-0.38763,0.049159,-0.61001,-0.2194,0.090986,-0.4997,-0.24164,0.088712,-0.69618,-0.28607,0.15278,-0.78759,-0.34269,0.080911,-0.55409,-0.57038,0.21052,-0.72088,-0.8506,0.22173,-0.97883,-0.87788,0.2592,-1.0306,2,2,2,2,2,2,2,1,1,1,1
-0.15518,0.037417,0.095724,-0.17279,0.032513,0.087141,-0.15591,0.0077495,0.046196,-0.12235,0.0051632,0.0054985,-0.081307,0.023936,-0.026403,-0.11294,-0.067837,-0.0156,0.088827,-0.26302,-0.094669,0.19984,-0.12631,-0.19985,-0.12997,-0.027862,0.11707,-0.10316,0.071077,0.11085,-0.17457,0.070373,0.14248,-0.19334,0.051327,0.16522,-0.14198,0.058216,0.12416,0.098879,0.28211,-0.16671,-0.41178,0.57147,-0.2129,-0.32241,0.52944,-0.19471,-0.16475,0.027466,0.09895,-0.13555,0.025478,0.16194,-0.12373,-0.011884,0.21738,-0.093751,-0.021531,0.20213,1,2,2,1,1,1,1,1,1,1,1
