0.03742,-0.029496,0.13508,0.029613,-0.03282,0.13431,0.032711,-0.045168,0.14549,-0.043391,-0.054191,0.088613,0.0090663,-0.07373,0.12802,-0.05385,-0.035126,0.1875,0.00062954,0.039594,0.18208,-0.049851,0.082705,0.1915,-0.0047941,-0.0099528,0.18047,0.041836,-0.06136,0.24337,0.1632,-0.25654,0.3557,0.16608,-0.29131,0.38488,0.038048,-0.0373,0.11672,0.11135,-0.075802,0.18956,0.067712,-0.13604,0.19305,0.074675,-0.14898,0.20151,0.03511,-0.010134,0.14787,0.049142,0.057772,0.11106,-0.020463,0.029392,0.065098,-0.045284,-0.028657,0.084427,2,2,2,1,1
0.23751,-0.022104,0.95626,0.26443,-0.013961,0.95114,0.28717,0.0024188,0.88547,0.48643,-0.030817,0.94293,0.37852,0.029943,0.8832,0.53502,0.040136,0.67729,0.5352,-0.025608,0.7985,0.53853,-0.050154,0.848,0.29489,-0.033291,0.79958,0.13417,0.011362,0.70663,0.11442,0.37534,0.67253,0.14335,0.47719,0.66242,0.25626,0.0034062,0.96026,0.10105,-0.085292,0.90448,0.0047734,-0.15345,0.78932,-0.0052531,-0.18096,0.8598,0.21446,-0.023725,0.97376,0.20207,-0.14759,1.0509,0.24629,-0.22029,1.2318,0.31373,-0.23347,1.2085,2,2,2,2,2,1,1,1
0.69591,-0.11926,0.48721,0.69378,-0.12051,0.46283,0.66695,-0.17908,0.40296,0.63838,-0.14107,0.3625,0.619,-0.15229,0.4336,0.45823,-0.14251,0.57204,0.61602,0.0089415,0.50984,0.73992,0.061982,0.48878,0.62228,-0.16606,0.41927,0.76238,-0.24051,0.59371,0.85477,-0.30934,0.92077,0.92587,-0.37904,0.99242,0.69198,-0.13457,0.49642,0.94156,-0.10694,0.49608,0.90303,-0.058009,0.88546,0.9375,-0.067665,0.88739,0.70178,-0.10959,0.48898,0.66811,-0.079969,0.50834,0.76652,0.0030792,0.4479,0.72631,-0.052484,0.5309,2,2,2,2,2,2,2,1,1,1,1
0.44461,0.11158,-0.48253,0.42869,0.097075,-0.51285,0.43697,0.032078,-0.49648,0.2956,0.04912,-0.54614,0.34018,0.041232,-0.46145,0.43482,0.01932,-0.41628,0.4417,0.20919,-0.51776,0.37842,0.23049,-0.55143,0.49861,0.087629,-0.31977,0.47227,0.10724,-0.35916,0.4912,-0.10909,-0.45188,0.4572,-0.13445,-0.44537,0.41908,0.076549,-0.48428,0.33992,0.03203,-0.36852,0.53079,0.02008,-0.2812,0.54242,0.015146,-0.25245,0.46998,0.081151,-0.46886,0.61748,0.071029,-0.69999,0.60466,0.02583,-0.73143,0.67653,0.032667,-0.78721,2,2,2,2,2,2,2,1,1,1,1
-0.070819,0.04345,-0.82123,-0.063882,0.036857,-0.77417,-0.070201,0.0503,-0.72281,-0.072539,0.02923,-0.75645,-0.070827,0.035692,-0.68941,-0.080213,0.06792,-0.65536,-0.22311,-0.0018436,-0.76598,-0.23719,-0.016202,-0.75959,-0.042441,0.043728,-0.82407,0.034456,0.12011,-0.79256,-0.17271,0.18109,-1.1023,-0.21723,0.22271,-1.2157,-0.080095,0.046824,-0.82088,-0.0326,0.054425,-0.96305,0.060462,0.018703,-1.133,0.034377,0.044434,-1.2108,-0.060507,0.037233,-0.86266,-0.11731,0.045155,-0.9547,-0.087704,0.028757,-0.92545,-0.11077,0.034252,-0.91856,2,2,2,2,2,2,2,1,1,1,1
-0.33387,0.053646,-0.60666,-0.31435,0.056241,-0.60488,-0.36091,0.062356,-0.60246,-0.4157,0.049461,-0.54046,-0.32624,0.062195,-0.56091,-0.2931,0.11008,-0.4671,-0.3118,-0.059018,-0.35805,-0.30892,-0.10949,-0.38616,-0.40228,0.058496,-0.70002,-0.4721,0.028503,-0.81129,-0.58828,0.11875,-0.60322,-0.62759,0.13684,-0.52,-0.31046,0.039894,-0.56721,-0.38638,0.091445,-0.71382,-0.44958,0.12343,-0.89815,-0.50758,0.15484,-0.92626,-0.35024,0.057835,-0.65041,-0.29286,0.022348,-0.55105,-0.16894,0.028009,-0.46339,-0.16417,0.032388,-0.42804,2,2,2,2,2,2,2,1,1,1,1
-0.46401,-0.12729,-0.17531,-0.52424,-0.11797,-0.15442,-0.48329,-0.049625,-0.097719,-0.39504,-0.024856,-0.069734,-0.39652,-0.065009,-0.31365,-0.42397,-0.13916,-0.53536,-0.62026,0.035951,-0.22799,-0.68569,0.094322,-0.12552,-0.5235,0.0046345,-0.036648,-0.65797,0.0098135,-0.09487,-0.63546,-0.1627,-0.065184,-0.64973,-0.19222,-0.030256,-0.44207,-0.084228,-0.24054,-0.49569,-0.024438,-0.085484,-0.2297,0.013008,-0.052584,-0.11373,0.024734,-0.007097,-0.48457,-0.10111,-0.081281,-0.61492,0.011728,0.037774,-0.74481,0.056242,-0.032745,-0.77598,0.19854,-0.084323,2,2,2,2,2,2,2,1,1,1,1
-0.37963,0.080764,0.55363,-0.37291,0.080049,0.55021,-0.36122,0.10523,0.56761,-0.3194,0.10225,0.56101,-0.41272,0.065186,0.60768,-0.47774,0.058666,0.61047,-0.32076,-0.13546,0.47357,-0.26844,-0.20017,0.42787,-0.2926,-0.051259,0.63121,-0.14781,-0.031974,0.83112,0.0025839,-0.08719,0.75984,0.050539,-0.14288,0.70736,-0.41001,0.068278,0.52373,-0.31608,0.074899,0.50968,-0.75837,0.073563,0.57649,-0.76636,0.076104,0.5191,-0.34875,0.048399,0.5425,-0.28234,-0.0056413,0.47941,-0.44407,0.10859,0.16895,-0.36865,0.0077627,0.1641,2,2,2,2,2,2,2,1,1,1,1
-0.16748,-0.03498,0.80066,-0.13676,-0.031962,0.79799,-0.13455,-0.034907,0.7474,-0.08838,-0.052844,0.7737,-0.12608,0.012807,0.82253,-0.12231,-0.0083926,0.91012,-0.08674,-0.069039,0.74038,-0.089746,-0.093166,0.70027,-0.1153,-0.034556,0.67675,-0.12267,-0.069881,0.58288,-0.059636,0.0143,0.74418,-0.040452,0.053426,0.82535,-0.17526,-0.030953,0.86274,-0.28899,-0.062664,0.88807,-0.12945,-0.14005,0.64954,-0.20451,-0.21977,0.73449,-0.17144,-0.036678,0.75449,-0.24528,-0.053022,0.90742,-0.20142,-0.20071,1.0537,-0.24264,-0.20072,1.0421,2,2,2,2,2,2,2,1,1,1,1
0.041381,-0.06171,0.72215,0.068891,-0.069255,0.71437,0.077601,-0.10975,0.69499,-0.0055231,-0.078393,0.65099,0.03476,-0.10038,0.75089,0.18907,-0.10349,0.75336,0.047276,-0.016446,0.78805,0.069382,-0.0077806,0.76654,0.0032679,-0.077276,0.65025,-0.02968,-0.053307,0.62967,-0.19616,-0.15322,0.38949,-0.21306,-0.17984,0.34406,0.038619,-0.062881,0.77991,0.027636,-0.11302,0.77236,0.014326,-0.079926,0.83601,-0.0073977,-0.013275,0.75367,0.027821,-0.065128,0.6819,0.13261,-0.065553,0.73321,-0.11831,-0.0059494,0.70019,-0.045403,-0.045393,0.79216,2,2,2,2,2,2,2,1,1,1,1
0.71573,0.13423,3.7008,0.72525,0.20155,3.7223,0.7437,0.54825,3.7122,0.69224,0.71597,3.7214,0.53769,0.42711,3.7406,0.48429,0.24324,3.7911,0.55002,0.18362,3.622,0.57193,0.16375,3.57,0.84849,0.42642,3.672,0.94209,0.27584,3.6181,0.9143,0.33967,3.4396,0.91664,0.32824,3.3717,0.6418,0.065894,3.704,0.69605,-0.37133,3.5621,0.73496,-0.78464,3.7131,0.76439,-0.85292,3.6767,0.78011,0.06334,3.6896,0.8525,-0.38199,3.7762,0.74818,-0.79439,3.707,0.76279,-0.87407,3.7239,3,2,2,3,2,2,2,1,1,2,2
0.0012908,0.043572,-0.70324,-0.0072027,0.041535,-0.67822,-0.011328,0.058036,-0.66255,0.0045533,0.046404,-0.67359,0.013675,0.039139,-0.73926,0.01158,0.016218,-0.8059,0.073411,0.14528,-0.81317,0.082802,0.18436,-0.79962,0.031748,0.062179,-0.65474,-0.095069,-0.028602,-0.72886,-0.26679,0.0060051,-0.6384,-0.30922,0.035718,-0.62329,0.0012208,0.038745,-0.72569,0.0037145,-0.025477,-0.4915,0.071576,0.044195,-0.40311,0.04521,0.07946,-0.44819,0.0055813,0.039515,-0.69644,-0.097227,0.0054409,-0.84078,0.073945,0.075869,-0.86244,0.040608,0.08084,-0.94486,2,2,3,2,2,2,2,1,2,1,2
-0.22362,0.005486,-0.71099,-0.20502,6.5088e-05,-0.7017,-0.1983,0.0019617,-0.68718,-0.18487,0.0061912,-0.69882,-0.18134,0.023707,-0.62114,-0.18298,0.041757,-0.57692,-0.29035,-0.12287,-0.64894,-0.3317,-0.10851,-0.66583,-0.21394,-0.019856,-0.72464,-0.042503,0.0078449,-0.58499,-0.057535,-0.092545,-0.67881,-0.0442,-0.10318,-0.64412,-0.22346,0.012064,-0.68729,-0.24336,0.048107,-0.8386,-0.28734,0.040239,-1.0024,-0.28446,0.0044203,-0.95988,-0.23143,0.01181,-0.73946,-0.2334,0.05523,-0.76788,-0.15988,0.018742,-0.47844,-0.14678,0.02664,-0.44555,2,3,2,2,2,2,2,2,1,1,2
-0.28312,0.049932,-0.52367,-0.28229,0.053353,-0.54934,-0.31755,0.020352,-0.59092,-0.39763,-0.0067273,-0.49279,-0.28846,0.064612,-0.54749,-0.2508,0.009391,-0.55198,-0.23395,0.16104,-0.57481,-0.28614,0.18205,-0.54651,-0.32861,0.038651,-0.62049,-0.47828,0.020163,-0.7109,-0.47559,0.084489,-0.56911,-0.50222,0.11283,-0.55021,-0.25907,0.039479,-0.4762,-0.33082,0.090757,-0.51248,-0.34334,0.022483,-0.69089,-0.38986,0.056074,-0.71965,-0.29052,0.035453,-0.54702,-0.15059,0.034745,-0.43007,-0.17613,0.073181,-0.59937,-0.21107,0.10476,-0.63447,2,2,2,2,2,2,2,1,1,1,1
-0.49846,-0.15395,-0.23827,-0.51339,-0.14549,-0.22979,-0.46284,-0.092833,-0.20275,-0.41176,-0.070167,-0.17569,-0.50117,-0.081878,-0.29173,-0.58746,-0.054525,-0.36666,-0.66694,-0.099553,0.14804,-0.6691,-0.15773,0.16982,-0.51532,-0.031727,-0.12214,-0.57566,0.034353,-0.21099,-0.53822,-0.06841,-0.113,-0.56773,-0.097399,-0.086501,-0.51209,-0.13174,-0.30855,-0.55999,-0.13315,-0.32618,-0.2339,0.14135,-0.097701,-0.19049,0.14331,-0.11024,-0.49418,-0.12399,-0.16952,-0.59199,-0.067607,-0.18126,-0.431,-0.048238,-0.26637,-0.3876,-0.046279,-0.27891,2,2,2,2,2,2,2,1,1,1,1
-0.43875,0.080636,0.35469,-0.47017,0.067677,0.36982,-0.50231,0.053081,0.43958,-0.42395,0.062823,0.42642,-0.39843,0.032521,0.34021,-0.33912,0.011232,0.27976,-0.11263,-0.012674,-0.15608,0.013117,-0.013243,-0.21043,-0.46145,0.029487,0.44503,-0.31434,-0.048971,0.61065,-0.18828,-0.19228,0.5409,-0.12152,-0.26051,0.51408,-0.41563,0.086582,0.31649,-0.47276,0.14777,0.49861,-0.85065,-0.013531,0.36154,-0.82371,0.10252,0.4001,-0.45017,0.074247,0.36124,-0.50324,0.083724,0.30797,-1.0379,0.093413,0.24375,-1.0062,0.10635,0.25461,2,2,2,2,2,2,2,1,1,1,1
-0.22501,0.033036,0.71688,-0.18706,0.037472,0.72537,-0.16802,0.05794,0.69324,-0.15891,0.061531,0.71525,-0.1867,0.097045,0.76882,-0.29374,0.14919,0.94079,-0.23647,0.078876,1.0996,-0.12139,-0.049038,1.1389,-0.15499,0.042702,0.61377,-0.21096,0.11831,0.45004,-0.28858,0.35615,0.31834,-0.31445,0.43543,0.27438,-0.23582,0.043994,0.7588,-0.16884,-0.039987,0.66381,-0.19283,0.032512,0.47152,-0.21972,-0.06804,0.44337,-0.22804,0.033009,0.6785,-0.22465,-0.070964,0.83846,-0.032045,-0.11714,0.94511,-0.07611,-0.12714,0.93585,2,2,2,2,2,2,2,1,1,1,1
0.1524,-0.090906,0.86455,0.14701,-0.084313,0.86284,0.14935,-0.062855,0.8501,0.2,-0.077553,0.79176,0.086802,-0.18223,0.85771,0.3895,-0.17201,0.64709,0.29157,-0.21531,0.4883,0.10981,-0.1464,0.51781,0.15896,-0.1799,0.87988,0.068669,-0.19838,0.87355,0.12549,-0.42294,1.0635,0.14608,-0.46261,1.1633,0.13765,-0.11732,0.87097,0.20802,-0.18194,0.8336,0.033878,-0.073937,0.82968,0.073803,-0.14469,0.90733,0.16648,-0.093792,0.86462,0.0046049,-0.056151,0.87914,0.30653,0.21063,0.70839,0.22638,0.20533,0.76669,2,2,2,2,2,2,2,1,1,1,1
0.5581,-0.053945,0.45162,0.55077,-0.044679,0.44156,0.63979,-0.052175,0.46022,0.59308,-0.030315,0.41076,0.73068,0.014259,0.34488,0.61002,-0.012956,0.38485,0.59595,0.32786,0.48046,0.64438,0.46261,0.44351,0.63979,-0.052175,0.46022,0.5621,0.068429,0.41229,0.64298,0.4676,0.48395,0.66829,0.56548,0.47144,0.56952,-0.010835,0.46002,0.47796,-0.00089261,0.60454,0.48122,-0.1933,0.83019,0.47719,-0.13951,0.75186,0.53271,-0.065553,0.44841,0.77743,0.075413,0.52492,0.1704,0.012915,0.65431,0.24018,-0.049525,0.66259,2,2,2,2,2,2,2,1,1,1,1
0.65952,0.039487,-0.11814,0.64381,0.024166,-0.16314,0.46866,-0.060518,-0.2466,0.47261,-0.066945,-0.27771,0.44974,-0.063467,-0.11001,0.51199,-0.10271,-0.085559,0.17137,-0.2085,0.11535,0.057838,-0.24377,0.18231,0.5408,0.037611,-0.12951,0.69441,-0.029208,-0.10439,0.65816,-0.08356,-0.03759,0.69755,-0.13907,-0.0082245,0.66235,0.0022932,-0.12207,0.84108,0.069254,-0.13265,1.1588,0.01539,-0.14219,1.1407,0.012905,-0.14931,0.70274,0.047809,-0.085207,0.69631,-0.080981,-0.34541,1.131,-0.2197,-0.25443,1.1549,-0.2026,-0.18073,3,2,2,3,2,2,2,1,1,2,2
0.11486,0.047409,-0.59904,0.14494,0.056628,-0.58859,0.16931,0.099962,-0.5602,0.043111,0.088399,-0.53799,0.10771,0.07415,-0.43346,0.02226,0.11157,-0.32329,0.14929,-0.076197,-0.59771,0.17051,-0.1341,-0.67302,0.055254,0.088003,-0.74526,0.13879,0.050213,-0.64803,-0.0089493,-0.040833,-0.88209,-0.076447,-0.028215,-0.95531,0.11676,0.046664,-0.57568,0.020995,0.029653,-0.76933,0.01271,0.052372,-0.64203,-0.019914,0.016444,-0.59095,0.091919,0.058281,-0.64157,0.2398,0.0090584,-0.55874,0.32411,-0.044373,-0.50073,0.33484,-0.035173,-0.58522,2,2,3,2,2,2,2,1,2,1,2
-0.52485,0.09786,-0.62705,-0.52219,0.086012,-0.60558,-0.472,0.058728,-0.60393,-0.42097,0.076963,-0.5869,-0.50686,0.12074,-0.69246,-0.48606,0.067893,-0.79126,-0.4725,0.39815,-0.60201,-0.4611,0.44363,-0.61294,-0.428,0.068857,-0.56718,-0.44079,0.01569,-0.5126,-0.42843,-0.035267,-0.58281,-0.43304,-0.0040958,-0.60377,-0.54892,0.075774,-0.60749,-0.4182,0.023533,-0.40868,-0.35288,-0.0047927,-0.34969,-0.37322,-0.0035715,-0.35884,-0.51591,0.063869,-0.65332,-0.78506,0.065771,-0.76281,-0.93132,0.025796,-0.82268,-1.0072,0.026034,-0.83348,2,3,2,2,2,2,2,2,1,1,2
-0.29897,-0.03608,-0.57327,-0.32583,-0.031852,-0.56268,-0.3103,-0.012734,-0.56938,-0.22986,-0.019697,-0.59668,-0.29848,-0.047477,-0.67475,-0.391,-0.010622,-0.66028,-0.15168,-0.16814,-0.7991,-0.088999,-0.18142,-0.7573,-0.28292,-0.051958,-0.47152,-0.31475,-0.01585,-0.43066,-0.19985,0.12885,-0.39292,-0.2217,0.065013,-0.41316,-0.30162,-0.025482,-0.63729,-0.51695,0.056706,-0.71083,-0.79471,0.11454,-0.8216,-0.73916,0.15216,-0.86344,-0.29079,-0.028593,-0.50913,-0.20602,0.042283,-0.5595,-0.32098,0.072271,-0.50861,-0.2547,0.061554,-0.49093,2,2,2,2,2,2,2,1,1,1,1
0.33891,-0.025447,-0.43941,0.33006,-0.012688,-0.43739,0.41544,0.03569,-0.35162,0.42979,0.027798,-0.36521,0.38983,-0.027498,-0.50217,0.36823,0.026294,-0.51089,0.40716,-0.10239,-0.39993,0.44522,-0.10471,-0.40982,0.31243,0.035532,-0.31127,0.26302,0.014377,-0.32951,0.19914,-0.15312,-0.49887,0.19358,-0.14956,-0.56756,0.33322,-0.023486,-0.42871,0.58287,0.029808,-0.57625,0.56977,0.018537,-0.84889,0.6057,0.016231,-0.82459,0.32718,0.014946,-0.46205,0.26236,0.042325,-0.37808,0.17775,0.0989,-0.38173,0.10018,0.1283,-0.37515,2,2,2,2,2,2,2,1,1,1,1
0.14416,0.074629,0.28511,0.15023,0.048992,0.2862,0.042235,-0.023902,0.26392,0.10183,-0.24914,0.20324,0.090439,0.019961,0.46911,0.092054,-0.035277,0.54894,-0.17143,-0.17753,0.59607,-0.25509,-0.24603,0.62095,0.13594,0.17935,0.333,0.17897,0.17931,0.17673,0.31016,0.058814,0.25832,0.3738,0.017584,0.31621,0.1645,0.058313,0.30079,0.081786,-0.0022649,0.44478,0.18369,0.040828,0.46053,0.16489,0.018522,0.46843,0.1543,0.052447,0.24521,0.24387,-0.047675,0.35915,0.48513,0.0044441,0.08289,0.58293,0.025898,0.014387,2,2,2,2,2,2,2,1,1,1,1
-0.13326,-0.087442,0.47064,-0.14366,-0.075911,0.4845,-0.20689,0.014528,0.51087,-0.37036,0.24929,0.68033,-0.15575,0.010083,0.39631,-0.081163,0.031991,0.29559,0.12364,0.050921,0.22821,0.12738,0.051072,0.2317,-0.31167,-0.10127,0.30132,-0.19649,-0.040648,0.57925,-0.29478,-0.13182,0.58943,-0.45477,-0.27511,0.52717,-0.10769,-0.050247,0.4366,-0.30256,-0.10238,0.51509,-0.32673,-0.18307,0.62467,-0.267,-0.12686,0.65596,-0.15734,-0.055345,0.54709,-0.088087,-0.043731,0.47694,0.052829,-0.15071,0.56754,0.047101,-0.15096,0.5657,2,2,2,2,2,2,2,1,1,1,1
-0.42765,0.00080152,0.62775,-0.41637,0.0096771,0.62353,-0.33835,0.015544,0.58552,-0.30847,0.024539,0.56785,-0.39449,-0.054638,0.61551,-0.4865,-0.059053,0.67875,-0.54867,-0.13742,0.62203,-0.54857,-0.13707,0.62195,-0.26015,-0.071031,0.65097,-0.34276,-0.17359,0.50196,-0.29529,-0.16306,0.65113,-0.15225,-0.046647,0.76652,-0.45244,-0.028139,0.62563,-0.40787,-0.037325,0.60401,-0.35479,0.13221,0.41631,-0.47974,0.048588,0.38322,-0.41298,-0.021957,0.61389,-0.61507,-0.04859,0.45159,-0.8721,0.073811,0.35056,-0.91783,0.0086414,0.44562,2,2,2,2,2,2,2,1,1,1,1
-0.033387,-0.058206,0.51205,-0.014698,-0.059204,0.5149,0.04381,-0.058678,0.5195,0.038929,-0.057199,0.51603,0.15563,-0.00038308,0.543,0.28378,-0.019471,0.40513,0.35773,0.13323,0.66354,0.35785,0.13365,0.66345,0.031111,-0.11542,0.45722,-0.089838,-0.074838,0.33872,-0.15399,-0.040715,0.26711,-0.17537,-0.029341,0.24325,-0.0072651,-0.01727,0.52976,-0.10381,0.027209,0.68523,-0.2925,-0.129,0.80941,-0.25643,-0.074788,0.77475,-0.05873,-0.045909,0.51043,0.10407,-0.0080055,0.73716,0.019507,-0.14602,0.91956,0.021606,-0.11249,0.87124,2,2,2,2,2,2,2,1,1,1,1
0.57202,0.0038495,0.0095029,0.55066,0.014323,-0.0459,0.48327,-0.0070665,-0.14131,0.48348,-0.0035691,-0.17748,0.46509,-0.040675,-0.13752,0.3801,-0.044714,-0.017358,0.43031,0.076986,-0.20641,0.49486,0.16605,-0.18757,0.54749,-0.011958,0.050362,0.44093,0.04209,0.17444,0.44053,0.041408,0.17408,0.38908,0.10027,0.21726,0.55261,-0.041589,-0.036479,0.63719,-0.094375,-0.099692,0.58605,-0.036711,0.17172,0.56568,-0.076784,0.27297,0.58819,-0.056284,0.081661,0.64532,-0.015314,0.023624,0.85944,0.015896,0.11219,0.91019,0.0091593,0.12345,2,2,2,2,2,2,2,1,1,1,1
0.23507,0.034252,-0.6366,0.24991,0.018275,-0.63052,0.22093,-0.05227,-0.59195,0.21173,-0.066993,-0.6493,0.10791,-0.0017538,-0.50643,0.12411,0.040607,-0.44977,0.0010163,-0.062268,-0.60782,-0.032985,-0.030034,-0.67709,0.20294,0.032055,-0.74814,0.42939,0.0071806,-0.73123,0.26926,0.18218,-0.73232,0.26245,0.12655,-0.76961,0.22446,0.039714,-0.57226,0.41245,0.068353,-0.67388,0.71149,0.032598,-0.6893,0.70847,0.068131,-0.78886,0.25656,0.065722,-0.72151,0.22844,0.069342,-0.85673,0.25747,0.050898,-0.76054,0.26742,0.036651,-0.78372,2,2,2,2,2,2,2,1,1,1,1
-0.23421,0.095677,-0.77116,-0.21746,0.09926,-0.74384,-0.23749,0.14254,-0.71273,-0.27791,0.14314,-0.6523,-0.21174,0.13561,-0.70025,-0.16688,0.096206,-0.68025,-0.36967,0.031533,-0.43251,-0.42178,-0.073676,-0.36624,-0.29134,0.13588,-0.79406,-0.31801,0.11305,-0.8692,-0.26933,0.24851,-0.73883,-0.23888,0.25085,-0.72677,-0.21813,0.088967,-0.7224,-0.2564,0.091387,-0.92118,-0.30804,0.095581,-1.1482,-0.31194,0.070376,-1.1099,-0.24616,0.089426,-0.83419,-0.21087,0.0026522,-0.70607,-0.095183,0.045146,-0.71393,-0.12232,0.046378,-0.64617,2,2,2,2,2,2,2,1,1,1,1
-0.51391,-0.057148,-0.47747,-0.51529,-0.061825,-0.46182,-0.53546,-0.059253,-0.43393,-0.52089,-0.060751,-0.37655,-0.58287,-0.011542,-0.35333,-0.48964,0.055893,-0.60024,-0.20887,0.1467,-0.88653,-0.11528,0.17697,-0.98195,-0.49018,-0.071176,-0.39519,-0.66042,-0.048751,-0.45997,-0.63386,-0.12562,-0.50651,-0.63449,-0.053558,-0.49697,-0.53734,-0.044985,-0.57918,-0.54875,-0.014825,-0.34899,-0.32208,0.066186,-0.30684,-0.21906,0.15267,-0.24073,-0.49228,-0.061937,-0.39631,-0.74929,0.064808,-0.57669,-0.74384,0.12762,-0.60762,-0.69976,0.16071,-0.64853,2,2,2,2,2,2,2,1,1,1,1
-0.42072,0.034306,0.3305,-0.4805,0.043887,0.32143,-0.41276,0.10166,0.36741,-0.24608,0.073846,0.3367,-0.27118,-0.0096188,0.10936,-0.41149,-0.10184,0.23337,-0.56355,-0.28861,0.38523,-0.62931,-0.33704,0.44194,-0.43639,0.028417,0.52644,-0.31681,0.017746,0.67681,-0.2547,-0.18563,0.46585,-0.20553,-0.26739,0.4869,-0.3894,0.058782,0.32334,-0.44919,0.10272,0.20449,-0.73288,0.080696,0.09459,-0.79388,0.15134,0.097092,-0.4537,0.054332,0.34806,-0.39097,0.043589,0.47876,-0.94833,0.35235,0.31201,-0.93536,0.36893,0.28134,2,2,2,2,2,2,2,1,1,1,1
-0.18276,-0.010339,0.71626,-0.13304,-0.022548,0.72755,-0.12546,-0.082401,0.66159,-0.23498,-0.038419,0.69652,-0.1828,0.039304,0.79645,-0.22583,0.045295,0.83623,-0.23338,0.021922,0.80717,-0.27661,0.052675,0.80842,-0.10095,0.0058312,0.54413,-0.075455,-0.032463,0.41361,0.083488,0.022548,0.85692,0.080652,0.020311,0.84749,-0.20003,-0.023568,0.78017,-0.28465,-0.068076,0.79924,-0.32496,-0.024843,0.75128,-0.32264,-0.10225,0.65692,-0.17956,-0.013192,0.65422,-0.17391,-0.08165,0.79614,0.12668,-0.48297,0.8076,0.058564,-0.48164,0.77366,2,2,2,2,2,2,2,1,1,1,1
0.2726,-0.12704,0.75683,0.27316,-0.11799,0.75969,0.28973,-0.068272,0.76865,0.36387,-0.087955,0.72498,0.37515,-0.14501,0.71048,0.49666,-0.12563,0.62181,0.60989,0.083113,0.84947,0.656,0.047235,0.86668,0.26459,-0.082933,0.73105,0.20484,-0.093728,0.75954,0.26403,-0.048354,0.71643,0.29059,0.036862,0.77605,0.29785,-0.097746,0.74889,0.34237,-0.18844,0.75886,0.22783,-0.1902,0.87516,0.20022,-0.24029,0.8596,0.25123,-0.098341,0.78186,0.18684,-0.097806,0.86961,0.15561,-0.12326,0.71405,0.15397,-0.16167,0.82447,2,2,2,2,2,2,2,1,1,1,1
0.58962,0.014642,0.28059,0.57499,0.030795,0.25276,0.53828,0.05672,0.19422,0.52248,0.061949,0.14962,0.53412,0.026189,0.1705,0.51421,0.028552,0.23404,0.5978,0.10171,0.15733,0.64514,0.20321,0.18176,0.53828,0.05672,0.19422,0.53807,0.055544,0.19372,0.5193,0.17989,0.17447,0.5193,0.17989,0.17447,0.59461,0.016556,0.27007,0.53936,0.031915,0.35748,0.58967,-0.057309,0.53871,0.6007,-0.093268,0.65271,0.59139,0.0091897,0.2996,0.81132,0.0099516,0.23384,0.93913,0.011585,0.46922,0.99571,0.029194,0.42113,3,2,2,3,2,2,2,1,1,2,2
0.35859,0.0214,-0.39464,0.36733,0.0018665,-0.41372,0.36295,-0.1101,-0.40253,0.2492,-0.10074,-0.39138,0.20296,-0.050147,-0.28818,0.11499,-0.021951,-0.14871,-0.017738,-0.12473,-0.43918,-0.035857,-0.14175,-0.53007,0.37531,-0.075372,-0.32802,0.48985,-0.05212,-0.21652,0.33448,-0.057216,-0.5564,0.29695,-0.053015,-0.68428,0.31712,-0.024673,-0.38659,0.54172,0.037098,-0.49434,0.69521,0.030701,-0.49717,0.71968,0.03437,-0.54453,0.39889,-0.0081031,-0.40291,0.34685,0.0088439,-0.52998,0.34808,0.10666,-0.29606,0.29053,0.12304,-0.35699,2,2,3,2,2,2,2,1,2,1,2
0.00029463,0.096859,-0.66998,0.01207,0.094838,-0.66432,0.0060011,0.095778,-0.65919,-0.0055474,0.086429,-0.67216,0.020939,0.1223,-0.59647,0.07346,0.1383,-0.54698,0.021921,0.069123,-0.53043,0.027362,0.060788,-0.52809,-0.013432,0.068557,-0.7411,-0.022426,0.1014,-0.79576,-0.11577,0.080862,-0.71197,-0.14688,0.074014,-0.68404,0.011745,0.098465,-0.64509,-0.10107,0.077668,-0.74174,-0.043586,0.022349,-0.7016,-0.1009,0.018766,-0.72106,-0.013378,0.099281,-0.7007,0.039229,0.020893,-0.66236,0.058139,-0.06556,-0.84347,0.051313,-0.099337,-0.78741,2,3,2,2,2,2,2,2,1,1,2
-0.17475,-0.0076814,-0.68454,-0.17998,-0.011257,-0.64915,-0.12373,0.025142,-0.59491,-0.057317,0.032911,-0.60663,-0.13633,-0.0011166,-0.73501,-0.20912,-0.0037959,-0.89399,-0.053017,0.19289,-0.83207,-0.05605,0.24079,-0.77801,-0.11186,0.018812,-0.5671,-0.11977,0.0037381,-0.49016,-0.14457,0.028653,-0.57063,-0.1528,0.070191,-0.53232,-0.19469,-0.0021127,-0.71223,-0.20291,0.031284,-0.66399,-0.34744,0.087128,-0.56069,-0.30572,0.13487,-0.6224,-0.17099,-0.011137,-0.6857,-0.31943,0.11704,-0.79979,-0.44514,0.13561,-0.93906,-0.42987,0.17417,-0.99644,2,2,2,2,2,2,2,1,1,1,1
-0.064472,-0.11806,-0.28526,-0.096253,-0.091612,-0.3076,-0.04202,-0.038825,-0.34852,0.062855,-0.10925,-0.18421,0.1473,-0.068293,-0.35219,0.35863,-0.075344,-0.39271,0.33513,-0.13583,-0.1353,0.36156,-0.19432,-0.09403,-0.07873,-0.12167,-0.24536,-0.099216,0.0059906,-0.11373,0.028019,-0.078646,-0.21443,0.072275,-0.11157,-0.2843,-0.024756,-0.076113,-0.25032,-0.010671,-0.0086237,-0.31731,-0.15644,-0.035336,-0.61049,-0.12101,-0.050736,-0.55938,-0.093842,-0.10049,-0.28164,0.10921,-0.060287,-0.078334,0.026588,-0.022868,-0.082511,0.083626,-0.031141,-0.049987,3,2,2,3,2,2,2,1,1,2,2
0.29136,0.11378,0.46144,0.34035,0.074831,0.48224,0.23389,-0.033982,0.50383,0.11681,0.068096,0.52224,0.041969,0.035653,0.66507,-0.13667,0.040226,0.75269,-0.086526,0.01885,0.46837,-0.069811,0.011725,0.37359,0.22972,0.16361,0.43209,0.30068,0.037955,0.18202,0.28985,0.12412,0.28559,0.28437,0.12432,0.29129,0.2669,0.064061,0.44598,0.26154,-0.016146,0.4885,0.39986,0.074717,0.30768,0.30912,0.078475,0.2794,0.31609,0.10723,0.44182,0.28955,-0.045843,0.4474,0.46889,-0.085574,0.46206,0.37291,-0.077638,0.43732,2,2,3,2,2,2,2,1,2,1,2
0.10171,-0.0893,0.7096,0.065856,-0.073964,0.71706,0.027438,0.01225,0.74214,0.0010846,-0.026349,0.66579,0.065233,-0.10597,0.54104,0.11101,-0.10853,0.46166,0.054322,-0.099354,0.49937,-0.053691,-0.095403,0.50802,-0.022084,-0.03808,0.70257,0.052906,-0.021056,0.82522,-0.11047,-0.15957,0.8725,-0.12278,-0.2673,0.90267,0.12539,-0.081096,0.67045,0.20881,-0.078348,0.86108,0.3627,-0.15665,0.99995,0.40277,-0.1562,0.99222,0.09554,-0.062253,0.75656,0.087919,0.047431,0.59801,0.19809,0.025278,0.47127,0.23816,0.025731,0.46355,2,3,2,2,2,2,2,2,1,1,2
-0.26801,-0.024544,0.52487,-0.2499,-0.0041159,0.52385,-0.24974,0.066339,0.5057,-0.27177,0.071998,0.44567,-0.17977,0.1064,0.51574,-0.10582,0.058644,0.46272,-0.16337,-0.053858,0.4735,-0.16322,-0.053843,0.47367,-0.26228,0.0015105,0.44753,-0.42616,-0.030875,0.31321,-0.36005,0.03555,0.50198,-0.38015,0.11926,0.55052,-0.25006,0.0023074,0.56737,-0.16641,0.0073153,0.61052,-0.072161,-0.026655,0.65745,-0.097747,-0.028055,0.66022,-0.29122,-0.0084799,0.49876,-0.36774,-0.10384,0.53606,-0.50848,-0.10586,0.75414,-0.60039,-0.11341,0.87369,2,2,2,2,2,2,2,1,1,1,1
-0.55628,0.11629,0.088444,-0.54182,0.093421,0.049843,-0.5249,-0.072587,-0.016073,-0.47767,-0.067609,-0.051603,-0.57653,0.0035347,0.1683,-0.57636,0.0028629,0.168,-0.7702,0.05249,0.51002,-0.76503,0.030626,0.63139,-0.45291,-0.054394,0.013541,-0.40206,-0.043082,0.045326,-0.42286,-0.017374,-0.024028,-0.42979,-0.0088044,-0.047146,-0.5796,0.072713,0.12926,-0.8076,0.0043713,0.049488,-0.98878,0.024693,0.17162,-1.0161,-0.021789,0.21116,-0.53918,0.047695,0.054724,-0.483,0.013895,0.13327,-0.24927,0.025331,0.1805,-0.13692,-0.0060727,0.13712,2,2,2,2,2,2,2,1,1,1,1
-0.31835,-0.037586,-0.45648,-0.33997,-0.035742,-0.46825,-0.30368,-0.023966,-0.45582,-0.24583,-0.032761,-0.46072,-0.3288,-0.045129,-0.55324,-0.42302,-0.026743,-0.46869,-0.20051,-0.014029,-0.83535,-0.15808,0.043143,-0.96284,-0.24484,-0.0063049,-0.32293,-0.25614,-0.016633,-0.20954,-0.19683,0.0056685,-0.42564,-0.17706,0.013103,-0.49769,-0.34023,-0.021278,-0.52436,-0.3931,0.0077209,-0.54622,-0.43521,0.0447,-0.36915,-0.37529,0.08706,-0.40829,-0.29932,-0.027829,-0.38865,-0.50945,0.012624,-0.47876,-0.75563,0.029685,-0.48546,-0.83771,0.017335,-0.46129,2,2,2,2,2,2,2,1,1,1,1
0.054833,0.030859,-0.56675,0.052701,0.040881,-0.56628,0.095791,0.08816,-0.55385,0.11784,0.08401,-0.52119,0.15062,0.069653,-0.67321,0.13595,0.070105,-0.69614,0.20579,0.18988,-0.56031,0.25178,0.18808,-0.49987,0.069588,0.051103,-0.52353,0.006548,0.085907,-0.50186,0.11754,0.10753,-0.49544,0.15453,0.11474,-0.4933,0.063062,0.032606,-0.61142,0.040906,0.10223,-0.6012,-0.072258,0.13551,-0.78568,-0.033595,0.13328,-0.76714,0.038465,0.027606,-0.52999,0.1666,0.088347,-0.61658,0.08049,0.06359,-0.73495,0.17401,0.077692,-0.80765,2,2,2,2,2,2,2,1,1,1,1
0.57154,0.010446,-0.50805,0.55175,-0.0025402,-0.49896,0.4893,-0.051189,-0.49037,0.5073,-0.060151,-0.46795,0.47057,-0.034348,-0.42316,0.39357,-0.017776,-0.39613,0.38069,-0.12772,-0.47329,0.38604,-0.15404,-0.49978,0.50104,0.054916,-0.37864,0.57344,0.0095544,-0.57492,0.56088,0.083824,-0.47085,0.55669,0.10858,-0.43615,0.58415,0.0032788,-0.50088,0.80828,-0.044089,-0.59255,0.94977,-0.10506,-0.57226,0.94795,-0.12751,-0.51463,0.58659,0.015407,-0.52111,0.63498,-0.0045766,-0.49701,0.52216,0.065756,-0.29415,0.47224,0.039263,-0.20578,2,2,2,2,2,2,2,1,1,1,1
0.17324,-0.019363,-0.40644,0.21003,-0.019415,-0.39793,0.19383,-0.036889,-0.43341,0.10043,-0.045602,-0.55576,0.15716,0.039192,-0.2771,0.25974,0.045858,-0.12394,0.10138,-0.005538,-0.24617,0.063036,0.0389,-0.29276,0.20275,-0.10273,-0.66972,0.25548,-0.031442,-0.55406,0.086446,-0.050369,-0.53604,0.096507,-0.037874,-0.52607,0.14746,-0.013367,-0.33699,0.039572,0.068164,-0.40962,0.17795,0.026668,-0.40902,0.098127,0.056231,-0.4705,0.18586,-0.027402,-0.46358,0.23929,0.028517,-0.39688,0.61405,-0.041489,-0.50174,0.59707,0.0066905,-0.60414,2,2,2,2,2,2,2,1,1,1,1
-0.40586,-0.063826,-0.17941,-0.43379,-0.096434,-0.19432,-0.44211,-0.24024,-0.17469,-0.35691,-0.30202,-0.20738,-0.43425,-0.32393,-0.19894,-0.47101,0.071697,-0.31845,-0.25511,0.19726,-0.2364,-0.25508,0.19733,-0.2365,-0.4405,-0.062054,0.087685,-0.6032,0.07615,-0.16857,-0.58048,-0.063431,-0.16716,-0.63931,-0.12876,-0.17067,-0.39339,-0.090613,-0.21317,-0.19303,-0.051301,-0.02645,-0.1153,0.010756,-0.29202,-0.075588,0.042365,-0.32868,-0.38202,-0.039302,-0.15213,-0.48918,-0.052154,-0.14168,-0.39922,0.16098,-0.19751,-0.4485,0.21968,-0.19171,2,2,2,2,2,2,2,1,1,1,1
-0.39116,0.099401,0.46762,-0.39306,0.14291,0.4821,-0.39003,0.36991,0.54167,-0.42806,0.37655,0.52997,-0.3038,0.34243,0.38677,-0.27618,-0.11417,0.31536,-0.45595,-0.38703,0.40705,-0.51889,-0.47341,0.452,-0.44289,0.15257,0.31371,-0.32456,-0.081885,0.56207,-0.21127,-0.019716,0.4658,-0.14929,0.042575,0.47464,-0.3705,0.146,0.44136,-0.60659,0.0958,0.34267,-1.0387,0.40372,0.34442,-0.99849,0.35609,0.52052,-0.43752,0.11965,0.48498,-0.58038,0.14811,0.48666,-0.9153,0.0031852,0.46346,-0.80867,0.088813,0.51553,3,2,2,3,2,2,2,1,1,2,2
-0.17699,-0.081355,0.71773,-0.14909,-0.077743,0.74843,-0.098215,-0.0207,0.75906,-0.12077,0.061899,0.9491,-0.097519,-0.036873,0.77258,-0.19318,-0.0095468,0.83411,-0.27384,-0.0055742,0.79595,-0.21011,-0.071973,0.79518,-0.07305,-0.060404,0.66841,-0.1173,-0.026203,0.58739,-0.054946,-0.21426,0.90771,-0.058387,-0.31851,0.97353,-0.18838,-0.084251,0.77631,-0.19641,-0.10401,0.83153,0.028452,-0.37027,0.88817,-0.015799,-0.33065,0.73883,-0.1853,-0.093003,0.65571,-0.043588,-0.092399,0.77713,-0.070523,-0.10779,0.63566,-0.13086,-0.22801,0.58296,2,2,3,2,2,2,2,1,2,1,2
0.35886,0.055177,0.85037,0.35699,0.052755,0.83968,0.37657,-0.00076824,0.75801,0.38699,0.0015217,0.73592,0.3262,0.032148,0.8044,0.61136,0.052787,0.74163,0.72365,0.11251,0.76089,0.7287,0.15461,0.77249,0.35908,0.02758,0.83178,0.32445,-0.01423,0.87676,0.26737,0.283,0.70322,0.2551,0.35176,0.52816,0.35314,0.051508,0.84849,0.43544,0.006276,0.77331,0.2325,-0.010878,0.70803,0.22425,-0.037189,0.70121,0.35852,0.049722,0.86685,0.29998,-0.072125,0.9234,0.33805,-0.21252,1.2182,0.36748,-0.22446,1.2006,2,3,2,2,2,2,2,2,1,1,2
0.62553,-0.14017,0.19671,0.59547,-0.13751,0.17222,0.56225,-0.15805,0.16453,0.54223,-0.15467,0.1324,0.6059,-0.18346,0.13005,0.36384,-0.2138,0.16327,0.53162,0.054219,0.22793,0.55833,0.06252,0.22954,0.6132,-0.20079,0.26364,0.4794,-0.07154,0.13177,0.48414,-0.069169,0.13533,0.47971,-0.057696,0.13378,0.63418,-0.15442,0.14189,0.71193,-0.16146,0.33754,0.83243,-0.17714,0.66242,0.87376,-0.17915,0.67268,0.6253,-0.15166,0.2603,0.81547,-0.070612,0.22431,0.60763,0.11576,0.20084,0.64896,0.11375,0.2111,2,2,2,2,2,2,2,1,1,1,1
0.33538,0.13671,-0.44139,0.36365,0.12763,-0.45425,0.36452,0.096795,-0.43149,0.28549,0.080979,-0.45648,0.24183,0.10807,-0.31713,0.30477,0.1895,-0.16572,0.12547,0.031089,-0.34201,0.097096,0.024682,-0.33984,0.3107,0.16086,-0.55596,0.55406,0.12178,-0.40882,0.44984,0.02207,-0.45955,0.51341,0.0038114,-0.43282,0.31903,0.13627,-0.37861,0.31933,0.14119,-0.71788,0.51022,0.073362,-0.82347,0.47856,0.024942,-0.79112,0.3502,0.13032,-0.50924,0.34665,0.12007,-0.56661,0.6213,0.041965,-0.56744,0.60909,-0.006095,-0.52174,2,2,2,2,2,2,2,1,1,1,1
-0.18421,0.014859,-0.72977,-0.17159,0.011451,-0.70008,-0.19929,0.017345,-0.69234,-0.20788,0.018005,-0.64728,-0.17147,0.0045207,-0.69934,-0.15759,-0.011929,-0.73818,-0.20379,0.059499,-0.83665,-0.21971,0.11758,-0.91783,-0.18839,0.035451,-0.73505,-0.17984,0.022163,-0.76098,-0.22918,0.047025,-0.708,-0.28498,0.045603,-0.66712,-0.17869,0.0090579,-0.72868,-0.26334,0.023093,-0.55582,-0.12781,0.11896,-0.41411,-0.17377,0.16964,-0.447,-0.18379,0.019206,-0.74194,-0.30203,-0.051414,-0.96454,-0.22889,-0.069977,-1.0737,-0.29205,-0.050326,-1.1044,2,2,2,2,2,2,2,1,1,1,1
-0.37576,0.025167,-0.54638,-0.37478,0.01826,-0.54072,-0.37772,-0.0049893,-0.53847,-0.32126,0.0077124,-0.5755,-0.36789,0.060058,-0.52373,-0.39957,-0.012903,-0.70022,-0.38461,0.11056,-0.59128,-0.37122,0.1607,-0.54025,-0.35631,-0.029828,-0.53731,-0.3899,-0.023217,-0.5081,-0.38377,0.028635,-0.5153,-0.38383,0.028771,-0.51565,-0.37991,0.013171,-0.53233,-0.43557,-0.015486,-0.53866,-0.6704,-0.080891,-0.5998,-0.66053,-0.11375,-0.54481,-0.3706,0.0041579,-0.56826,-0.36514,0.03574,-0.54394,-0.39864,0.059938,-0.47741,-0.39587,0.060709,-0.44015,2,2,2,2,2,2,2,1,1,1,1
0.10623,-0.011855,-0.48228,0.084055,-0.021572,-0.48852,0.19407,-0.10206,-0.50454,0.19056,-0.105,-0.51701,0.073895,-0.064464,-0.62048,-0.023342,0.047393,-0.54406,0.17211,-0.046276,-0.50427,0.17343,-0.038148,-0.48791,0.12852,-0.082626,-0.33643,0.057433,-0.028214,-0.15934,0.10256,-0.14347,-0.34046,-0.023481,-0.11477,-0.48108,0.060419,0.00083669,-0.54696,0.18692,0.10631,-0.63819,0.050674,0.08455,-0.86512,0.092114,0.12083,-0.92232,0.11145,-0.0067135,-0.41353,0.10642,0.057285,-0.27877,-0.16846,0.052998,-0.35956,-0.13758,0.10999,-0.42107,2,2,2,2,2,2,2,1,1,1,1
