0.015594,0.004629,0.049032,0.012439,0.0032586,0.048738,0.025452,-0.0054631,0.042889,-0.03267,0.0020727,0.09938,0.0056927,0.0024318,0.059323,0.00088614,0.0055302,0.072688,-0.020273,0.008351,0.086433,-0.010651,0.059349,0.09453,0.0064453,0.0028057,0.069617,0.0068067,0.0014459,0.069904,0.0047052,-0.002505,0.071726,0.010224,0.00014673,0.084783,0.017734,0.0057622,0.047822,-0.023124,0.035925,0.034892,-0.031896,0.023462,0.0034952,-0.10739,0.062276,-0.12532,0.016487,0.0044813,0.051898,0.020334,-0.0013978,0.11543,0.021151,-0.043553,0.2033,0.040823,-0.079315,0.32506,2,2,2,1,1
-0.0010083,-0.0094668,0.56133,-0.015783,-0.0090383,0.55393,0.032585,-0.024498,0.51223,0.054697,-0.006309,0.45807,0.024287,-0.037928,0.49162,-0.0027514,-0.074625,0.4629,-0.0074213,-0.031468,0.46625,-0.010515,-0.026967,0.50629,0.079662,-0.073695,0.61405,0.049702,-0.020047,0.75211,0.034644,0.028306,0.92177,0.035136,0.035734,1.008,-0.018431,-0.03096,0.5258,-0.083304,-0.10665,0.6098,-0.087105,-0.095968,0.64181,-0.051006,-0.099922,0.64534,0.008029,-0.026537,0.59567,-0.048202,-0.043534,0.37594,-0.067693,-0.042809,0.32027,-0.10915,-0.049797,0.32195,2,2,2,2,2,1,1,1
-0.060105,-0.034374,0.47289,-0.04102,-0.039633,0.4871,-0.057851,-0.043837,0.50307,-0.10825,-0.026025,0.51997,-0.077236,-0.025187,0.51556,-0.096387,-0.026332,0.57311,-0.077552,-0.035689,0.61295,-0.05782,-0.047681,0.56202,-0.099246,0.0034538,0.3975,-0.071,-0.075891,0.27288,-0.043125,-0.12959,0.10448,-0.045024,-0.16823,-0.0046744,-0.051582,-0.021565,0.49397,-0.0023928,-0.076516,0.40885,-0.065478,-0.11857,0.44718,-0.22862,-0.10103,0.5582,-0.067692,-0.024132,0.44838,-0.10518,-0.048031,0.54514,-0.070026,0.027927,0.43736,-0.042048,0.067606,0.3063,2,2,2,2,2,2,2,1,1,1,1
0.18382,-0.012346,0.43698,0.19562,-0.022662,0.43593,0.22919,-0.068679,0.41446,0.11475,-0.085118,0.37098,0.14976,0.0039966,0.41951,0.23764,-0.011926,0.36408,0.27727,-0.038496,0.24704,0.24105,-0.0095938,0.27347,0.14449,-0.017549,0.39737,0.1372,-0.00020424,0.38173,0.13939,0.0022713,0.46604,0.16706,0.0089954,0.52764,0.17262,-0.014947,0.44883,0.053297,-0.044292,0.36328,0.034784,0.020477,0.36354,0.14662,0.005204,0.21382,0.18026,-0.0080373,0.42387,0.13904,-0.015041,0.42599,0.0928,-0.094696,0.60805,0.035467,-0.13479,0.69161,2,2,2,2,2,2,2,1,1,1,1
0.2418,-0.040208,0.19719,0.26965,-0.035494,0.1885,0.22587,-0.025248,0.20523,0.3453,-0.0091124,0.24343,0.32664,-0.007249,0.23503,0.49802,-0.0037009,0.099177,0.59981,-0.016902,0.10283,0.66063,-0.020004,0.11618,0.1602,-0.0023088,0.17984,0.21276,-0.016523,0.24957,0.22689,-0.030711,0.10643,0.22699,-0.012607,0.091075,0.27837,-0.015403,0.22188,0.39227,0.0096152,0.2695,0.27901,0.039926,0.22813,0.2734,-0.018893,0.33981,0.20883,-0.019672,0.18601,0.33143,-0.063083,0.29407,0.34374,-0.024938,0.39354,0.37577,-0.033915,0.38014,2,2,2,2,2,2,2,1,1,1,1
0.31243,0.0017369,-0.035034,0.31753,0.0040564,-0.060743,0.26331,-0.030395,-0.090334,0.38201,-0.076127,-0.12093,0.26067,-0.014931,-0.077094,0.10709,-0.013354,-0.040163,-0.058495,0.0042006,-0.023643,-0.088649,0.0033787,-0.057291,0.22545,-0.081052,-0.086323,0.22559,-0.080968,-0.085653,0.3967,0.080885,0.24595,0.40652,0.076695,0.16826,0.33895,-0.0032149,-0.099105,0.39182,0.10806,-0.1156,0.62209,0.0045649,-0.044948,0.726,0.011925,-0.056386,0.3127,-0.012539,0.030254,0.26965,0.077232,-0.1499,0.067694,0.088907,-0.038929,0.12903,0.080848,0.006109,2,2,2,2,2,2,2,1,1,1,1
0.28521,0.06252,-0.28257,0.22934,0.045076,-0.28022,0.29731,-0.028205,-0.28063,0.16891,-0.0078919,-0.35902,0.21107,-0.040636,-0.30691,0.2061,-0.0087388,-0.28614,0.33471,0.046131,-0.38255,0.35902,0.061032,-0.45985,0.47014,0.030955,-0.11808,0.42869,0.03842,-0.15367,0.25305,-0.094288,-0.47427,0.22006,-0.079675,-0.45374,0.22629,0.01524,-0.28682,0.11716,-0.055244,-0.16286,0.043646,-0.020837,-0.0083892,0.00015938,-0.011584,-0.0036163,0.3343,0.034192,-0.29248,0.39641,0.034516,-0.41034,0.62789,0.04199,-0.70275,0.60481,0.065103,-0.8116,2,2,2,2,2,2,2,1,1,1,1
0.095206,0.012686,-0.38094,0.12964,0.012851,-0.36349,0.14031,0.038289,-0.3739,0.11154,0.033385,-0.34917,0.13988,0.039891,-0.27371,0.12359,0.027572,-0.11059,-0.0017401,-0.0082522,0.03901,-0.06324,-0.043664,0.12577,0.13036,0.036634,-0.47136,0.14223,0.05347,-0.5201,0.10868,0.052801,-0.52645,0.099824,0.025757,-0.53251,0.084413,0.02967,-0.32669,0.15436,0.06609,-0.58451,0.19666,0.096065,-0.81756,0.15666,0.089719,-0.88776,0.085659,0.017423,-0.43282,0.067537,-0.014884,-0.24476,0.022722,-0.054495,-0.12152,0.022409,-0.056946,-0.077709,2,2,2,2,2,2,2,1,1,1,1
-0.034267,0.028213,-0.41508,-0.047127,0.028522,-0.40639,-0.0759,0.044306,-0.38723,-0.089473,0.04301,-0.37381,-0.076098,0.0018281,-0.42085,-0.055671,0.016784,-0.59232,-0.029423,0.072064,-0.78215,0.00046739,0.095777,-0.86568,-0.057943,0.051768,-0.37446,-0.036211,0.043229,-0.30276,-0.0022852,0.029426,-0.2245,0.027084,0.022179,-0.16821,-0.028917,0.016232,-0.4448,0.012011,-0.015935,-0.26157,0.062905,-0.045769,-0.13501,0.061232,-0.032655,-0.10192,-0.026037,0.03983,-0.39855,-0.039149,0.08511,-0.61682,0.0032569,0.057377,-0.52089,-0.021572,0.058069,-0.51635,2,2,2,2,2,2,2,1,1,1,1
-0.10033,0.024057,-0.43142,-0.08113,0.024032,-0.43839,-0.048018,0.014053,-0.46067,-0.052668,0.014016,-0.46076,-0.04514,0.057997,-0.40636,-0.04582,0.012432,-0.31733,-0.045375,-0.045541,-0.17524,-0.053599,-0.074472,-0.10377,-0.068939,0.0042687,-0.47869,-0.10782,0.035787,-0.55115,-0.17174,0.073298,-0.66422,-0.22387,0.094413,-0.71973,-0.1053,0.036445,-0.39504,-0.15714,0.04999,-0.49771,-0.11328,0.037585,-0.31531,-0.1458,0.070134,-0.35113,-0.11079,0.010553,-0.45519,-0.13273,0.00014475,-0.34551,-0.12756,0.032157,-0.46701,-0.15438,0.024809,-0.48967,2,2,2,2,2,2,2,1,1,1,1
-0.1732,0.0038589,-0.37869,-0.17115,0.0003843,-0.37873,-0.18,-0.0076671,-0.36564,-0.16593,-0.0053186,-0.36809,-0.17018,-0.0050678,-0.35433,-0.16875,0.026372,-0.34221,-0.16877,0.018689,-0.34785,-0.16521,0.045936,-0.35469,-0.16852,-0.001924,-0.37745,-0.19287,-0.066719,-0.39612,-0.19837,-0.094194,-0.32739,-0.18244,-0.015464,-0.28675,-0.17365,-0.0037619,-0.36787,-0.15091,0.068474,-0.38529,-0.24919,0.087882,-0.60585,-0.25407,0.088774,-0.60242,-0.17303,-0.00012694,-0.39692,-0.10427,0.032558,-0.34827,-0.050327,0.025348,-0.13215,-0.011329,0.019388,-0.05119,2,2,2,2,2,2,2,1,1,1,1
-0.17364,0.0085222,-0.28931,-0.16861,0.0041381,-0.29088,-0.17584,-0.013424,-0.28755,-0.10682,-0.024564,-0.30948,-0.12104,0.038207,-0.29189,-0.16245,0.021814,-0.33537,-0.19838,0.075393,-0.43563,-0.22664,0.074498,-0.49271,-0.16777,-0.026299,-0.32447,-0.17714,-0.030299,-0.33916,-0.20042,-0.022108,-0.34195,-0.20626,-0.092207,-0.35946,-0.17172,0.016383,-0.27911,-0.14352,0.024048,-0.20876,-0.075401,0.068523,-0.11408,0.020774,0.10967,-0.083105,-0.17573,0.0018045,-0.30162,-0.21242,0.04031,-0.41629,-0.23474,-0.023692,-0.69296,-0.27885,0.0092009,-0.78479,2,2,2,2,2,2,2,1,1,1,1
-0.10681,-0.10143,-0.26218,-0.13423,-0.12307,-0.30085,-0.11571,-0.31184,-0.34072,-0.22402,-0.34331,-0.39395,-0.21953,-0.20592,-0.34632,-0.070053,-0.12414,-0.52595,-0.049224,-0.16185,-0.40787,-0.047207,-0.15337,-0.33816,-0.045678,-0.14228,-0.17746,-0.32098,0.056597,-0.22378,-0.39848,0.095041,-0.20809,-0.40669,0.096961,-0.18169,-0.14638,-0.13578,-0.2739,-0.26964,-0.11197,-0.18069,-0.29069,-0.00054592,-0.5794,-0.35115,-0.044567,-0.61411,-0.086004,-0.11052,-0.2279,-0.10664,-0.11062,-0.092342,-0.039718,0.025723,-0.026843,-0.046977,0.1829,0.044112,3,2,2,3,2,2,2,1,1,2,2
-0.36998,0.062822,0.060333,-0.38189,0.060896,0.037493,-0.43225,0.046283,0.015437,-0.4375,0.059939,0.048373,-0.45797,-0.013586,0.068018,-0.40819,-0.049551,0.11756,-0.45236,-0.029567,0.16201,-0.4545,-0.026845,0.16963,-0.4632,0.19562,0.17796,-0.37341,0.1128,0.14172,-0.39636,0.039631,0.11218,-0.43028,0.027015,0.12929,-0.32969,0.051796,0.020211,-0.20502,0.049435,0.018804,-0.53145,0.30944,0.20532,-0.50674,0.30121,0.21408,-0.33514,0.05972,0.15699,-0.34331,-0.043709,0.10896,-0.47684,-0.09144,0.09372,-0.40707,-0.24127,0.02251,2,2,3,2,2,2,2,1,2,1,2
-0.2179,0.031042,0.26864,-0.21197,0.067884,0.27237,-0.18754,0.2596,0.3077,-0.20266,0.24408,0.29442,-0.10082,0.1365,0.19965,-0.23117,0.14003,0.32685,-0.051297,0.14757,0.23677,-0.053334,0.14961,0.23041,-0.2437,0.017728,0.20953,-0.026766,-0.077844,0.45679,0.15467,-0.040578,0.58983,0.21561,-0.023476,0.58395,-0.21736,0.073453,0.25521,-0.30406,0.072802,0.23348,-0.044875,-0.30669,0.33963,-0.067866,-0.15007,0.4307,-0.25981,0.061815,0.23815,-0.3241,0.18751,0.33127,-0.30849,0.21423,0.28702,-0.29167,0.33558,0.29946,3,3,2,3,2,2,2,2,1,2,2
-0.070579,-0.021325,0.36224,-0.078114,-0.012152,0.40814,-0.070611,0.072419,0.45594,-0.010362,0.11168,0.56501,-0.036726,0.06441,0.372,-0.16995,0.046487,0.42528,-0.31233,0.053365,0.58128,-0.34302,0.075738,0.57376,-0.066628,-0.014691,0.30339,-0.069686,0.010625,0.2255,-0.078905,-0.011328,0.17988,-0.066572,-0.044672,0.15613,-0.059441,-0.0078701,0.36022,-0.073752,-0.0049925,0.33315,-0.062371,0.033064,0.2162,-0.05512,0.0015288,0.18813,-0.080059,-0.013678,0.34344,-0.048876,-0.034976,0.32836,-0.084893,-0.034138,0.37615,-0.10616,-0.14274,0.35791,2,2,3,2,2,2,2,1,2,1,2
-0.023302,-0.030446,0.37225,-0.028435,-0.034465,0.39058,-0.021086,-0.020072,0.41115,-0.01207,-0.019546,0.41848,0.012448,-0.020329,0.38644,0.016215,-0.027486,0.36771,-0.012041,-0.087283,0.30707,0.038731,-0.14094,0.32602,-0.026392,-0.019212,0.38559,0.00023115,0.0094601,0.47826,-0.040942,0.033497,0.58862,-0.059845,0.068894,0.66253,-0.01516,-0.022034,0.36751,0.1252,-0.068837,0.28215,0.13171,-0.069551,0.28859,0.090755,-0.22387,0.30561,-0.034233,-0.022112,0.37735,-0.16791,-0.050175,0.38989,-0.012283,-0.0031466,0.10533,-0.0079898,-0.0020359,0.10652,2,3,2,2,2,2,2,2,1,1,2
0.011166,-0.015344,0.38437,0.012835,-0.018581,0.38884,-0.0036649,-0.021296,0.39398,-0.0046261,-0.022057,0.40839,-0.0020723,0.011626,0.412,-0.036781,0.057988,0.49451,0.0036612,0.064358,0.54146,0.013059,0.086463,0.54303,-0.016958,0.016139,0.38944,-0.019047,-0.050303,0.267,0.023947,-0.060954,0.14344,0.022657,-0.023481,0.088607,0.014711,-0.011446,0.40961,-0.1211,-0.062723,0.44492,-0.12599,-0.18015,0.50469,-0.0552,-0.19,0.53548,0.012577,-0.0085398,0.35797,0.20169,-0.092054,0.42346,0.082608,-0.23158,0.80431,0.019054,-0.26255,0.84938,2,2,2,2,2,2,2,1,1,1,1
0.14587,0.015833,0.42484,0.1513,0.026551,0.41548,0.19031,0.03401,0.36176,0.16307,0.033905,0.34932,0.13714,-0.037271,0.36998,0.21502,-0.078033,0.29957,0.24126,-0.05718,0.18936,0.24614,-0.08109,0.1551,0.16077,-0.0031274,0.38658,0.14696,-0.0080488,0.45001,0.15405,0.00016843,0.51092,0.19349,-0.031981,0.5394,0.14336,0.0035491,0.42103,0.21521,0.04685,0.46232,0.076189,0.06902,0.42459,0.054965,0.11954,0.30725,0.14206,0.016369,0.43864,-0.054033,0.031352,0.37609,0.013986,0.12112,0.1259,0.044436,0.077292,0.19406,2,2,2,2,2,2,2,1,1,1,1
0.11118,-0.07325,0.34382,0.13519,-0.08678,0.35167,0.1489,-0.10668,0.39427,0.16015,-0.10347,0.38791,0.21191,-0.0088348,0.40204,0.41718,-0.027566,0.25569,0.47524,-0.037065,0.23102,0.4911,-0.035461,0.23012,0.14983,-0.11046,0.30616,0.11589,-0.094006,0.16543,0.10213,-0.18124,0.061622,0.12781,-0.14514,-0.024883,0.11837,-0.052958,0.37478,0.15262,-0.14241,0.32946,0.16795,-0.034858,0.29336,0.13267,-0.044686,0.31411,0.095861,-0.084983,0.30463,0.2031,-0.023195,0.41151,0.11848,-0.12601,0.5269,0.15651,-0.097885,0.45674,2,2,2,2,2,2,2,1,1,1,1
0.33314,0.00043991,0.17181,0.3246,0.014036,0.16718,0.26611,0.053037,0.13205,0.31987,0.052627,0.14439,0.2779,-0.028871,0.10814,0.21576,-0.023574,0.11371,0.21547,-0.082517,0.1678,0.19381,-0.058164,0.19001,0.26324,0.053173,0.12552,0.26317,0.054246,0.12587,0.1591,0.12932,0.14476,0.15882,0.12944,0.14498,0.35402,0.018037,0.14958,0.33533,0.065301,0.22035,0.48845,-0.084657,0.37653,0.55498,-0.10358,0.45159,0.32888,0.014277,0.20573,0.17683,-0.037023,0.070774,0.11544,0.079314,0.046635,0.046513,0.063456,0.13304,2,2,2,2,2,2,2,1,1,1,1
0.30127,-0.057243,-0.015327,0.29258,-0.043851,-0.036423,0.25419,-0.019581,-0.053228,0.29707,-0.028268,-0.096551,0.23929,-0.013029,-0.039987,0.22058,-0.031896,-0.025646,0.27743,0.062025,-0.033229,0.32571,0.046595,-0.045981,0.25419,-0.019581,-0.053227,0.25408,-0.017862,-0.052545,0.25419,-0.019581,-0.053227,0.25397,-0.019488,-0.053052,0.28543,-0.07329,-0.032657,0.13847,-0.04602,-0.047533,0.019348,0.019337,-0.0026305,0.0020571,0.0095748,-0.024624,0.31684,-0.058058,0.0047657,0.63928,-0.021698,-0.028944,0.77423,-0.044853,0.014332,0.86288,-0.015164,-0.10284,2,2,2,2,2,2,2,1,1,1,1
0.20173,0.098225,-0.1304,0.2046,0.072748,-0.12741,0.27876,-0.057875,-0.15907,0.22019,-0.057873,-0.21489,0.17348,-0.0018972,-0.070938,0.068037,0.00031839,0.023994,-0.054288,-0.018721,-0.025975,-0.10562,0.0029117,-0.049316,0.3614,-0.032819,-0.013608,0.42488,0.0028635,0.096446,0.5661,0.020762,0.06284,0.53027,-0.051087,0.079416,0.16166,0.061715,-0.1192,0.26847,0.04572,-0.29681,0.36075,0.039576,-0.38544,0.33216,0.075544,-0.46003,0.22646,0.056658,-0.14949,0.13577,0.022936,-0.15293,0.040597,-0.032558,-0.042877,0.023014,-0.03202,-0.035481,2,2,2,2,2,2,2,1,1,1,1
-0.058034,0.028668,-0.35154,-0.054727,0.022067,-0.33736,-0.090124,0.031503,-0.3009,-0.10469,0.035671,-0.27125,-0.071975,0.013879,-0.2837,-0.034442,0.041099,-0.29671,-0.04045,0.062762,-0.35615,-0.043526,0.083102,-0.3754,-0.084494,0.042359,-0.34262,-0.11232,0.020189,-0.39054,-0.16645,0.019568,-0.40512,-0.18667,0.01703,-0.40442,-0.049036,0.02511,-0.34591,-0.0036653,-0.0077134,-0.21365,0.023331,0.0097051,-0.12203,0.030925,-0.04454,-0.086763,-0.056715,0.040865,-0.37358,-0.034517,0.054772,-0.52131,0.013287,0.04332,-0.4852,-0.0053914,0.031432,-0.44397,2,2,2,2,2,2,2,1,1,1,1
-0.11366,0.036116,-0.32946,-0.096523,0.040279,-0.33894,-0.083615,0.037593,-0.37073,-0.11062,0.030903,-0.37834,-0.086854,0.080433,-0.32561,-0.07516,0.041896,-0.25216,-0.063203,-0.0034487,-0.1275,-0.067483,-0.05573,-0.08481,-0.11897,0.023411,-0.40746,-0.10206,0.02391,-0.40402,-0.097133,0.018104,-0.3875,-0.10267,0.016482,-0.37901,-0.11312,0.036168,-0.29715,-0.13496,0.05716,-0.31193,-0.079094,0.060854,-0.15616,-0.099527,0.11424,-0.20717,-0.12402,0.029665,-0.34601,-0.14082,0.037111,-0.26587,-0.16655,0.037998,-0.41373,-0.21879,0.040271,-0.45483,2,2,2,2,2,2,2,1,1,1,1
-0.17036,-0.015015,-0.33799,-0.16818,-0.01703,-0.3425,-0.15001,-0.015415,-0.31784,-0.15879,-0.019703,-0.32771,-0.15942,-0.043376,-0.30179,-0.173,-0.044316,-0.31575,-0.19329,-0.04863,-0.3791,-0.17917,-0.037385,-0.38842,-0.15814,-0.01758,-0.31642,-0.1803,-0.025008,-0.31133,-0.20845,-0.024901,-0.30472,-0.21813,0.023995,-0.28747,-0.17611,-0.017219,-0.32937,-0.20267,-0.0062137,-0.39346,-0.30669,-0.021,-0.65075,-0.31685,-0.051853,-0.63203,-0.17321,-0.020416,-0.35437,-0.092531,-0.031314,-0.21659,-0.024975,-0.0055989,-0.043614,-0.0075415,-0.0062995,-0.005095,2,2,2,2,2,2,2,1,1,1,1
-0.11729,0.013484,-0.3101,-0.13734,0.015512,-0.29708,-0.16926,0.029459,-0.29698,-0.15736,0.032158,-0.29596,-0.1602,0.034028,-0.36293,-0.17029,0.060274,-0.42456,-0.17752,0.12016,-0.50341,-0.19289,0.13834,-0.56114,-0.14325,0.039894,-0.26578,-0.10219,0.052958,-0.23258,-0.049661,0.047383,-0.21728,-0.022431,0.020514,-0.21431,-0.11319,0.012367,-0.34338,-0.082843,-0.03436,-0.15069,-0.020613,-0.046638,-0.07439,-0.035111,-0.038741,-0.04635,-0.10176,0.030985,-0.27898,-0.18269,0.065804,-0.4855,-0.25466,0.07453,-0.7144,-0.2702,0.080539,-0.76689,2,2,2,2,2,2,2,1,1,1,1
-0.11226,-0.0036485,-0.25408,-0.089363,-0.0012816,-0.26247,-0.080355,0.00058955,-0.27902,-0.099584,0.0031291,-0.25188,-0.056431,-0.0088553,-0.23353,-0.045188,-0.00015917,-0.11651,-0.031821,-0.040045,0.014333,-0.033776,-0.070543,0.074445,-0.10364,0.0025863,-0.32954,-0.14389,0.0087888,-0.40529,-0.21267,0.029854,-0.46256,-0.24329,0.052912,-0.47866,-0.11032,0.0044553,-0.21896,-0.15583,0.06745,-0.40376,-0.20531,0.074179,-0.4445,-0.21202,0.098813,-0.46714,-0.1254,-0.013164,-0.28016,-0.075014,0.002559,-0.16458,-0.032392,-0.02475,-0.047637,-0.019236,-0.029182,0.0037835,2,2,2,2,2,2,2,1,1,1,1
-0.21767,0.10726,-0.054702,-0.21389,0.093637,-0.054167,-0.22988,0.054545,-0.034095,-0.26351,0.045099,-0.0011048,-0.22105,0.093253,-0.040503,-0.19621,0.1442,-0.069627,-0.22168,0.066256,-0.079085,-0.24167,0.10305,-0.081143,-0.27823,0.012563,-0.071367,-0.34724,-0.024905,-0.082185,-0.36937,-0.034412,-0.028418,-0.37172,-0.051531,-0.025941,-0.1999,0.057542,0.0059061,-0.086767,0.047671,-0.0088165,-0.060812,0.036275,-0.064969,-0.071656,0.036813,-0.059037,-0.23409,0.061448,-0.13784,-0.36235,0.0046601,-0.16184,-0.18746,0.031908,-0.16516,-0.21692,0.058015,-0.17929,2,2,2,2,2,2,2,1,1,1,1
-0.16014,-0.1308,0.092417,-0.21876,-0.1101,0.10376,-0.23886,-0.005643,0.127,-0.1323,0.0058973,0.15507,-0.14762,-0.088102,-0.040295,-0.22327,-0.16471,-0.1487,-0.23929,-0.1316,-0.10665,-0.22004,-0.13992,-0.092301,-0.18967,0.071113,0.19804,-0.36138,0.14407,0.1946,-0.41255,0.079306,0.2169,-0.44593,0.078246,0.27369,-0.14477,-0.067736,-0.055322,-0.33649,0.0019219,0.10948,-0.37305,0.052504,0.18284,-0.2995,0.026524,0.20942,-0.15259,-0.060985,0.25572,-0.060373,0.020604,0.24702,-0.15773,0.037389,0.083287,-0.077026,0.051693,0.040467,2,2,2,2,2,2,2,1,1,1,1
-0.088187,-0.020247,0.21511,-0.080843,-0.025545,0.22484,-0.084612,-0.023932,0.27131,-0.080997,-0.034334,0.30375,-0.089737,0.028437,0.29417,-0.15695,0.079227,0.40915,-0.14308,0.11125,0.4697,-0.14464,0.12273,0.50924,-0.063082,-0.039801,0.25668,0.20808,-0.11146,0.31101,0.37182,-0.053366,0.29364,0.43144,-0.061755,0.22512,-0.096733,-0.0040879,0.24763,-0.048714,0.00061148,0.16267,-0.02212,0.019457,0.053484,-0.027785,0.049189,0.012798,-0.08424,-0.013536,0.17926,-0.11631,-0.089675,0.34732,-0.25351,-0.1419,0.5647,-0.26474,-0.14112,0.56184,2,2,2,2,2,2,2,1,1,1,1
0.024421,0.00285,0.38878,0.024687,0.0099193,0.37682,0.069601,0.0012174,0.31739,0.086869,0.0010746,0.30769,0.061842,-0.023501,0.33108,0.062708,-0.034085,0.29477,0.053195,-0.030328,0.26655,0.053109,-0.030334,0.26662,0.091585,-0.053459,0.36706,0.046853,-0.0019647,0.50466,0.0093654,0.030292,0.66273,-0.0020901,0.032656,0.75061,0.015377,-0.015322,0.36626,0.12812,-0.12136,0.36925,-0.021188,-0.1868,0.62374,0.01385,-0.18505,0.621,0.026773,-0.012014,0.41441,-0.10612,-0.031383,0.30133,0.0045242,-0.00083572,0.038155,-0.020747,-0.042957,0.15768,2,2,2,2,2,2,2,1,1,1,1
0.0071558,-0.019164,0.376,0.0099695,-0.019935,0.38042,-0.020543,-0.011336,0.39204,-0.021369,-0.0054008,0.37627,-0.013772,-0.0029358,0.39356,-0.012536,0.01163,0.43105,0.026846,0.040004,0.44838,0.046721,0.00053785,0.42221,-0.025924,0.0011138,0.3573,-0.0067102,-0.036196,0.23103,-0.0024422,-0.075155,0.10437,0.00021058,-0.059493,0.05214,0.013712,-0.017072,0.41281,0.046765,-0.048694,0.35586,0.097823,0.0028918,0.46942,-0.0069911,-0.0083502,0.47247,0.0049071,0.0014633,0.34311,0.078833,-0.01238,0.37786,0.002639,-0.051193,0.42685,-0.085816,-0.024987,0.36949,2,2,2,2,2,2,2,1,1,1,1
0.12809,-0.033349,0.31446,0.14526,-0.024036,0.31601,0.19814,0.011452,0.31463,0.11669,0.01841,0.28468,0.13107,-0.021807,0.30839,0.17168,-0.044087,0.29599,0.21125,-0.12755,0.14658,0.21126,-0.12766,0.1466,0.10432,-0.020336,0.28716,0.12388,-0.041387,0.30947,0.13063,-0.040965,0.32901,0.14344,-0.070114,0.35985,0.1244,-0.020709,0.31998,-0.062227,-0.0080328,0.35109,-0.025607,-0.0053916,-0.10362,0.046796,-0.065571,-0.0072541,0.12048,-0.035447,0.31625,0.16679,-0.047095,0.37007,0.12992,-0.027168,0.52222,0.18771,-0.048536,0.5069,2,2,2,2,2,2,2,1,1,1,1
0.2345,-0.032956,0.16992,0.23454,-0.031425,0.16356,0.19787,-0.032797,0.15386,0.26537,-0.035892,0.18625,0.26194,-0.028017,0.16389,0.46989,-0.039218,-2.3603e-05,0.57217,0.016048,0.10782,0.59737,0.02227,0.12092,0.18186,-0.011689,0.14043,0.17755,-0.0095453,0.14944,0.21788,-0.0019913,0.16503,0.22961,-0.0094281,0.12768,0.26109,-0.011442,0.14907,0.28627,0.024219,0.2042,0.19749,-0.064928,0.36542,0.13969,-0.027858,0.38946,0.2127,-0.029787,0.19457,0.32604,-0.0098864,0.27673,0.47481,0.017429,0.2859,0.57352,0.04668,0.29101,2,2,2,2,2,2,2,1,1,1,1
0.27027,0.078196,0.065103,0.25894,0.056527,0.056053,0.30046,-0.067245,0.033915,0.28108,-0.063905,-0.061293,0.16957,-0.029251,0.057503,0.00376,-0.011318,0.089421,-0.089197,0.0064503,-0.022474,-0.11958,0.029565,-0.09474,0.38889,-0.034208,0.18434,0.38183,-0.00077559,0.25281,0.37642,-0.0047795,0.20321,0.38218,0.00056876,0.16915,0.2272,0.028682,0.050605,0.29823,0.02276,-0.040656,0.41016,0.041929,0.013383,0.48594,0.037046,-0.061958,0.3117,0.033822,0.048398,0.20425,0.03489,-0.086712,0.020552,0.024726,-0.075904,0.015948,-0.0093921,-0.064912,2,2,2,2,2,2,2,1,1,1,1
-0.032932,0.019751,-0.28637,-0.014895,0.014928,-0.2762,-0.055122,0.019641,-0.259,-0.081024,0.018715,-0.24159,-0.048018,0.00016481,-0.18306,-0.0023298,-0.034993,-0.13588,-0.040675,-0.029413,-0.15551,-0.043879,-0.049066,-0.15382,-0.041511,0.027051,-0.34741,-0.047344,0.034096,-0.45797,-0.081929,0.037231,-0.50611,-0.11565,0.038367,-0.51857,-0.035791,0.012851,-0.25703,0.01773,-0.0026842,-0.17044,0.117,0.039816,-0.1718,0.09764,0.015984,-0.18425,-0.029082,0.031794,-0.3069,0.034631,0.050476,-0.47833,0.13909,0.048031,-0.39644,0.066967,0.033885,-0.41119,2,2,2,2,2,2,2,1,1,1,1
-0.18205,0.032542,-0.30864,-0.15988,0.03234,-0.31451,-0.1436,0.034228,-0.31953,-0.18013,0.026068,-0.32759,-0.11584,0.059892,-0.28449,-0.10954,0.064299,-0.25004,-0.13125,0.063317,-0.082032,-0.12755,0.053169,-0.049571,-0.17515,0.028076,-0.37879,-0.17178,0.019039,-0.4263,-0.21165,0.018854,-0.42289,-0.20489,0.028223,-0.39946,-0.17928,0.033457,-0.26833,-0.21642,0.074352,-0.28787,-0.1033,0.065126,-0.14697,-0.16157,0.12374,-0.17242,-0.20019,0.026478,-0.34651,-0.21645,0.027396,-0.26468,-0.25708,0.0031601,-0.41919,-0.29621,0.01804,-0.41577,2,2,2,2,2,2,2,1,1,1,1
-0.22867,-0.011534,-0.27621,-0.23756,-0.0095916,-0.2731,-0.22549,-0.0049591,-0.2797,-0.2045,-0.0013238,-0.28302,-0.22477,0.054771,-0.30021,-0.22469,0.054819,-0.30006,-0.22187,0.020881,-0.34896,-0.24425,0.052012,-0.3346,-0.22193,-0.0092427,-0.25112,-0.23606,-0.012658,-0.24229,-0.24988,-0.0045202,-0.26218,-0.27707,0.0062797,-0.28117,-0.23331,-0.0045103,-0.28475,-0.28114,-0.042915,-0.36778,-0.51508,-0.050605,-0.57289,-0.49761,-0.089071,-0.56448,-0.22367,-0.01473,-0.2641,-0.13101,-0.015088,-0.16428,-0.032269,-0.0054743,-0.019592,-7.9766e-05,-0.0081052,-0.0011077,2,2,2,2,2,2,2,1,1,1,1
-0.076091,0.011709,-0.2552,-0.10993,0.017224,-0.26548,-0.15044,0.01133,-0.29242,-0.093369,0.01203,-0.29145,-0.1669,-0.064976,-0.34528,-0.20978,-0.043903,-0.38068,-0.22129,-0.00033009,-0.52163,-0.20505,-0.019905,-0.57118,-0.10759,0.019919,-0.19433,-0.093591,0.01766,-0.11454,-0.043373,0.0064549,-0.09078,-0.0070265,-4.8891e-05,-0.07076,-0.077407,0.0002729,-0.29812,0.012952,0.056929,-0.26643,-0.017045,0.072878,-0.09724,0.038654,0.12312,-0.12717,-0.048108,0.020568,-0.19979,-0.19986,0.11255,-0.38704,-0.36208,0.090016,-0.60557,-0.32163,0.091283,-0.66628,2,2,2,2,2,2,2,1,1,1,1
0.14192,0.013063,-0.23827,0.12799,0.011118,-0.23647,0.17197,0.015272,-0.20752,0.21946,0.0048058,-0.18812,0.18128,0.013966,-0.27018,0.15896,-0.010974,-0.32087,0.20813,-0.031784,-0.26461,0.22674,0.0090833,-0.23263,0.12474,0.025154,-0.15235,0.097373,-0.0054717,-0.16944,0.096787,0.0025392,-0.19514,0.10143,-0.013061,-0.21541,0.1522,0.022685,-0.27793,0.072215,0.050816,-0.3543,0.050288,0.022682,-0.42232,0.036625,-0.029034,-0.29559,0.12107,0.001326,-0.2108,0.075916,-0.037233,-0.13702,0.019323,-2.2233e-05,-0.044853,0.048728,0.039769,-0.041692,2,2,2,2,2,2,2,1,1,1,1
0.27436,-0.013127,-0.2024,0.24949,-0.0042123,-0.21997,0.22913,0.039624,-0.22416,0.27876,-0.026839,-0.099577,0.32677,-0.0035744,-0.2128,0.44627,-0.0018685,-0.27056,0.50101,0.0059924,-0.26921,0.5136,-0.044845,-0.26253,0.19907,0.040468,-0.14702,0.22083,0.062377,-0.0021112,0.17612,0.037454,0.085142,0.1849,0.059823,0.12409,0.30045,-0.0035244,-0.21459,0.3608,-0.015593,-0.079108,0.45278,-0.049409,-0.16612,0.51232,-0.045525,-0.16405,0.25758,-0.014852,-0.18469,0.20566,-0.072826,-0.10101,0.081889,-0.0061935,-0.080902,0.032829,-0.052152,-0.010683,2,2,2,2,2,2,2,1,1,1,1
0.19516,0.017039,0.054735,0.21322,0.025561,0.061154,0.29227,0.030178,0.088079,0.1734,0.098696,0.058664,0.27225,0.016171,0.084227,0.38036,0.02748,0.1116,0.45485,0.04213,0.16414,0.47822,0.066813,0.19085,0.2921,0.030462,0.08832,0.29196,0.031156,0.087983,0.29217,0.031674,0.092296,0.2891,0.031045,0.088553,0.18615,0.028374,0.079026,0.15189,-0.018407,0.069939,0.027758,-0.0037607,0.010136,-0.0067648,-0.0032945,-0.0069892,0.18144,0.038583,0.031628,0.386,0.0096584,0.093266,0.66111,-0.037529,0.059859,0.72767,-0.016503,0.10434,3,2,2,3,2,2,2,1,1,2,2
0.20791,-0.043185,0.21446,0.21151,-0.050606,0.22906,0.20983,-0.053162,0.28168,0.18368,-0.046929,0.25513,0.16507,0.023932,0.27075,0.099961,0.063564,0.2693,0.021548,0.046891,0.22614,-0.024163,0.043372,0.19681,0.20983,-0.053162,0.28168,0.20977,-0.052836,0.28151,0.20983,-0.053162,0.28163,0.2098,-0.053044,0.28164,0.191,-0.052093,0.27733,0.202,-0.026456,0.26897,0.32847,-0.010365,0.27066,0.32387,-0.0091155,0.27302,0.22481,-0.039426,0.13419,0.29351,0.0029344,0.15533,0.34398,-0.01271,0.23293,0.3471,0.011107,0.13672,2,2,3,2,2,2,2,1,2,1,2
0.22547,0.0044998,0.29379,0.21777,0.0018351,0.29492,0.17016,0.014151,0.29561,0.21654,0.016775,0.27953,0.1692,-0.038639,0.30326,0.0019428,-0.09716,0.42535,-0.095019,-0.10379,0.49213,-0.1015,-0.11903,0.51718,0.17016,0.014151,0.29561,0.2711,0.05378,0.050829,0.38528,0.10472,0.14227,0.39898,0.11613,0.21895,0.23625,0.0098571,0.27118,0.22515,-0.0027036,0.41876,0.25301,0.0040806,0.37685,0.27792,0.039529,0.30443,0.2278,0.022427,0.32437,0.11854,0.014783,0.19912,0.024213,-0.015123,0.10823,0.02245,-0.012614,0.10476,2,3,2,2,2,2,2,2,1,1,2
0.027364,-0.030292,0.33309,0.020975,-0.027988,0.32891,0.010743,-0.017406,0.33363,0.0018438,-0.018957,0.35038,0.040649,-0.0071789,0.31826,0.056919,-0.010945,0.24647,0.08605,-0.012859,0.21029,0.098859,0.0056514,0.20216,0.010743,-0.017406,0.33363,-0.023937,0.00060266,0.2749,-0.049706,-0.093041,0.063047,-0.072313,-0.10609,-0.015899,0.034191,-0.018579,0.32311,0.041025,-0.053068,0.23344,0.071651,-0.06572,0.37477,0.0040734,-0.099689,0.48015,0.022718,-0.028766,0.34606,0.013082,-0.042625,0.36514,0.057725,0.040229,0.1664,-0.016235,-0.0062152,0.21818,2,2,2,2,2,2,2,1,1,1,1
-0.12133,0.0047358,0.33278,-0.12324,0.0099286,0.31756,-0.11578,0.0071816,0.26646,-0.17731,-0.009702,0.30494,-0.090164,-0.011948,0.24208,0.11327,0.015597,0.17786,0.26584,0.06438,0.21675,0.32738,0.073692,0.25059,-0.11578,0.0071815,0.26646,-0.28367,0.044185,0.20135,-0.20906,0.052271,0.25023,-0.2448,0.06164,0.22741,-0.11769,0.0081184,0.36319,-0.10002,-0.024133,0.44437,-0.094811,-0.007531,0.46411,-0.13412,-0.0091496,0.42851,-0.12515,-0.0031706,0.31397,-0.1437,0.013385,0.16988,-0.079302,-0.075648,0.30495,0.0048344,-0.032083,0.26915,2,2,2,2,2,2,2,1,1,1,1
-0.14094,0.0099884,0.18013,-0.091957,-0.0041885,0.21005,-0.16969,-0.044764,0.21389,-0.15983,-0.026087,0.1624,-0.16954,-0.044952,0.21391,-0.16132,0.049876,0.22641,-0.131,0.075721,0.20742,-0.12616,0.078478,0.20322,-0.1845,-0.052445,-0.09783,-0.0025629,-0.10994,0.082746,-0.23885,-0.12019,0.090757,-0.23885,-0.1202,0.090754,-0.1267,-0.059033,0.22934,-0.12823,-0.034443,-0.042125,-0.0079381,-0.0052199,0.016172,-0.0022065,-0.0089856,0.0066428,-0.13797,-0.0018931,0.1021,-0.060088,-0.052623,0.35044,-0.37447,-0.0086674,0.34884,-0.5523,-0.011733,0.38064,2,2,2,2,2,2,2,1,1,1,1
-0.26164,-0.099941,-0.060812,-0.26788,-0.076371,-0.064383,-0.1904,0.022018,-0.098757,-0.1791,0.022754,-0.089667,-0.1904,0.022018,-0.098757,-0.12876,-0.020876,-0.085458,-0.21744,-0.071922,-0.034006,-0.21743,-0.071928,-0.034002,-0.23767,0.0015467,-0.058777,-0.30353,0.00054771,-0.067352,-0.30597,0.023227,-0.00078011,-0.29458,0.018782,0.0019104,-0.26962,-0.029879,-0.10449,-0.33413,0.060806,0.15303,-0.24665,0.050062,0.037416,-0.21317,0.014833,0.056108,-0.27418,-0.052158,0.012295,-0.35028,0.0095546,-0.10621,-0.0029722,-0.014819,0.055211,0.0026102,-0.018604,0.037294,2,2,2,2,2,2,2,1,1,1,1
-0.26731,0.084568,-0.10012,-0.23092,0.063056,-0.10919,-0.28159,-0.035026,-0.094401,-0.29855,-0.038689,-0.18041,-0.34354,0.0036695,0.089131,-0.34377,0.023709,0.088227,-0.28705,0.13178,-0.13549,-0.28703,0.13176,-0.13548,-0.21441,-0.031011,-0.094786,-0.17675,-0.020759,-0.016103,-0.12313,0.020079,-0.020971,-0.10304,0.015371,-0.0064683,-0.28761,0.045868,-0.084497,-0.29529,-0.041797,-0.2053,-0.57648,-0.047042,-0.16486,-0.6081,-0.010491,-0.25944,-0.25109,0.031403,-0.13021,-0.17686,-0.023345,-0.067822,-0.10407,7.4446e-05,-0.048926,-0.062182,-0.014766,-0.0022933,2,2,2,2,2,2,2,1,1,1,1
-0.15436,0.027759,-0.25745,-0.19086,0.025984,-0.2626,-0.19845,-0.0084217,-0.29776,-0.15468,-0.011014,-0.31991,-0.22398,-0.0061796,-0.35536,-0.19826,0.10506,-0.23002,-0.22738,0.11381,-0.24965,-0.22736,0.11379,-0.24964,-0.11166,0.014935,-0.19699,-0.13743,0.039537,-0.15234,-0.077009,0.08254,-0.019089,-0.077007,0.082518,-0.019091,-0.17174,0.024038,-0.28768,-0.13353,0.11449,-0.21647,-0.032053,0.063017,-0.085824,-0.00017768,0.11625,-0.11816,-0.12128,0.019338,-0.21776,-0.23604,0.048054,-0.38664,-0.48173,0.029447,-0.55688,-0.44455,0.052328,-0.66703,2,2,2,2,2,2,2,1,1,1,1
0.016116,0.01688,-0.33027,0.016636,0.017011,-0.32288,0.050371,0.0251,-0.32372,0.02287,0.030694,-0.29319,0.018138,0.016228,-0.32486,-0.25326,-0.11287,-0.27094,-0.22413,-0.12166,-0.25129,-0.22411,-0.12168,-0.25127,0.016314,0.040932,-0.28616,-0.007927,0.037757,-0.27979,-0.067277,0.0086011,-0.34926,-0.067276,0.0085793,-0.34926,0.010287,0.019964,-0.35258,-0.010202,-0.055196,-0.52222,-0.12098,-0.0075659,-0.73957,-0.10929,-0.065284,-0.70692,0.0093896,0.016022,-0.30841,-0.017208,-0.011424,-0.17229,-0.022037,-0.0031736,-0.053933,-0.010767,-0.042565,0.0087125,2,2,2,2,2,2,2,1,1,1,1
0.077807,0.0098668,-0.26909,0.06316,0.015545,-0.30842,0.04579,0.012744,-0.32997,0.10565,0.01131,-0.31694,0.11215,0.0096456,-0.38897,0.068563,0.019714,-0.43671,-0.087081,-0.077463,-0.16042,-0.087058,-0.077483,-0.16041,0.031075,0.041327,-0.252,0.011732,0.081102,-0.16264,0.010351,0.079926,-0.17064,0.010352,0.079902,-0.17064,0.096091,0.013438,-0.28577,0.11362,0.032296,-0.21232,0.11127,-0.0032927,-0.17417,0.15539,0.0030297,-0.13517,0.069897,0.019413,-0.23067,0.12334,0.04758,-0.22657,0.048273,0.0195,-0.13337,0.044697,0.019557,-0.16089,2,2,2,2,2,2,2,1,1,1,1
0.20433,-0.048132,-0.032495,0.21499,-0.035404,-0.037977,0.2549,0.026982,0.011132,0.26958,0.024632,0.027326,0.27458,0.0049802,-0.012298,0.30137,-0.02268,-0.10543,0.26064,-0.00019194,-0.086125,0.26066,-0.00021291,-0.086114,0.20695,-0.051004,0.066616,0.19462,-0.11015,-0.016624,0.19479,-0.10954,-0.016806,0.19479,-0.10957,-0.016808,0.21699,-0.02437,-0.042066,0.14427,-0.026513,-0.0050147,0.02538,-0.0038022,-0.00061703,0.0046876,-0.0050758,0.0055501,0.17846,-0.049166,-0.03376,0.19083,-0.0022319,-0.02629,0.31935,0.020204,-0.19062,0.40564,0.027789,-0.12174,2,2,2,2,2,2,2,1,1,1,1
0.16385,-0.01627,0.13066,0.16879,-0.022597,0.14532,0.19917,-0.052343,0.22599,0.16616,-0.056034,0.29561,0.23761,0.040667,0.22538,0.35716,-0.0087834,0.15064,0.17235,0.026353,0.13951,0.099422,0.0372,0.050507,0.19915,-0.052361,0.22598,0.11657,0.066322,-0.11504,0.051737,0.11111,-0.28562,0.051728,0.11123,-0.2856,0.16961,0.0028299,0.16279,0.20218,0.003069,0.19067,0.33464,0.0072405,0.12863,0.35439,0.0055224,0.14537,0.15394,0.0010751,0.085307,0.25315,-0.01142,0.084444,0.34134,-0.0086716,0.17419,0.17802,0.029953,0.1026,2,2,2,2,2,2,2,1,1,1,1
0.16725,-0.004956,0.28981,0.17879,-0.0075832,0.31699,0.14285,0.032875,0.31126,0.12347,0.037676,0.29507,0.096165,-0.027409,0.32376,-0.076949,-0.0063538,0.42692,0.26157,-0.037198,0.18665,0.31302,-0.02723,0.20462,0.14984,0.063882,0.051944,0.28308,-0.085216,0.27438,0.2741,-0.088895,0.30714,0.27409,-0.08875,0.30716,0.15503,-0.018963,0.30028,0.20034,-0.025028,0.36167,0.19097,0.012889,0.29301,0.12701,0.053149,0.2181,0.18236,-0.003772,0.2722,0.066245,-0.0072343,0.29109,0.016149,-0.0022508,0.15346,0.091971,-0.0063611,0.12639,2,2,2,2,2,2,2,1,1,1,1
-0.0038017,0.017807,0.38777,-0.014086,0.011195,0.39898,-0.047983,-0.0045736,0.35891,-0.016941,-0.0037164,0.34164,-0.075699,-0.064381,0.35578,-0.024159,-0.01543,0.36404,-0.018225,-0.019872,0.37649,-0.01046,-0.014878,0.38362,-0.0044549,-0.014418,0.38722,0.0088299,0.014402,0.41568,-0.055785,-0.026936,0.38528,-0.055794,-0.026801,0.3853,-0.011972,-0.00368,0.37634,0.0070875,-0.024528,0.32411,0.059259,-0.085778,0.4948,0.068157,-0.085914,0.4944,0.014666,0.0044298,0.38789,0.033334,-0.0083896,0.30533,-0.0039943,0.095278,0.15006,0.0049039,0.095142,0.14966,2,2,2,2,2,2,2,1,1,1,1
-0.07635,-0.032554,0.30192,-0.093063,-0.029086,0.30574,-0.12722,-0.0022135,0.31563,-0.09725,-0.0068268,0.28136,-0.081885,-0.058661,0.26801,-0.00087181,-0.062112,0.20047,0.043379,-0.061191,0.2878,0.043273,-0.061121,0.28785,-0.13075,-0.0099148,0.3297,-0.083381,-0.045985,0.39224,0.039484,-0.02218,0.36991,-0.027814,0.052386,0.32751,-0.068832,-0.024519,0.26712,-0.13816,0.069748,0.19606,-0.034144,0.060423,0.045992,-0.01673,0.06095,0.046996,-0.082606,-0.036744,0.34975,-0.14852,-0.048229,0.25324,-0.025897,-0.063579,0.38355,-0.075414,-0.12595,0.4548,2,2,2,2,2,2,2,1,1,1,1
-0.12636,-0.057458,0.24706,-0.12635,-0.056568,0.25602,-0.12548,-0.0053539,0.30587,-0.20588,-0.00084013,0.35257,-0.10799,0.014262,0.25637,-0.018561,0.039497,0.23273,-0.034228,0.029474,0.2844,-0.021422,0.04269,0.31484,-0.21758,-0.00082123,0.24082,-0.32025,-0.013221,0.094974,-0.25425,-0.10517,0.18585,-0.23601,-0.15242,0.15918,-0.10498,-0.038744,0.2931,-0.12235,-0.10073,0.37397,-0.35347,-0.12969,0.52784,-0.46139,-0.13491,0.62126,-0.14807,-0.020586,0.20643,-0.053565,-0.0086616,0.41844,-0.13505,-0.10092,0.4814,-0.067065,-0.037954,0.41115,2,2,2,2,2,2,2,1,1,1,1
-0.32814,-0.011987,0.015169,-0.33621,-0.0087505,0.0069218,-0.29903,-0.010194,-0.03502,-0.26231,-0.01179,-0.026096,-0.23471,0.039254,-0.00075603,-0.22497,-0.036991,0.0070429,-0.20892,-0.015884,0.03549,-0.20884,-0.015913,0.035492,-0.28521,-0.0032218,-0.010572,-0.29455,0.075606,-0.01368,-0.32976,0.074602,0.037551,-0.32981,0.074547,0.037459,-0.31362,-0.0074102,-0.0022712,-0.22054,0.0041324,0.038026,-0.11402,0.0061369,0.024534,-0.083972,-0.0082868,0.024676,-0.34838,0.0041178,0.028267,-0.2866,-0.017472,0.096224,-0.24635,8.4996e-05,0.15935,-0.32238,-0.043015,0.26467,2,2,2,2,2,2,2,1,1,1,1
-0.29283,0.057507,-0.027555,-0.27299,0.048111,-0.030816,-0.26799,-0.047588,-0.074222,-0.25072,-0.043755,-0.13585,-0.26799,-0.047588,-0.074223,-0.26791,-0.052952,-0.075216,-0.26876,-0.054604,-0.076683,-0.26878,-0.054594,-0.076684,-0.18985,-0.054324,-0.095508,-0.13797,-0.080795,0.0040565,-0.22947,0.020958,-0.054324,-0.27498,0.080014,0.01529,-0.31406,0.032079,0.032622,-0.40462,0.052155,-0.10127,-0.44841,0.14079,-0.10136,-0.39307,0.12088,-0.14341,-0.27044,-0.0004469,-0.091134,-0.23058,-0.0020388,-0.16403,-0.21005,-0.031384,-0.090452,-0.1846,-0.026687,-0.1283,2,2,2,2,2,2,2,1,1,1,1
-0.096441,0.067289,-0.19882,-0.10352,0.06477,-0.22006,-0.14325,0.0074167,-0.26668,-0.15436,0.001293,-0.30805,-0.27769,0.082307,-0.14274,-0.4169,0.14281,0.020509,-0.40914,0.14922,0.018399,-0.40918,0.14923,0.018398,-0.09256,0.032286,-0.13176,-0.092965,0.030169,-0.022537,-0.00074017,0.00094903,-0.068629,-0.0028176,-0.0018224,-0.069305,-0.11798,0.048781,-0.25128,-0.032454,0.00056911,-0.17292,-0.0092258,-0.029194,-0.061916,-0.024821,-0.032732,-0.044526,-0.055342,0.065552,-0.13284,-0.17197,0.036276,-0.30129,-0.27698,0.10469,-0.48614,-0.25994,0.10206,-0.54524,2,2,2,2,2,2,2,1,1,1,1
0.21512,0.0022844,-0.27077,0.20109,0.0033276,-0.26946,0.26299,0.021671,-0.23942,0.27352,0.022792,-0.22438,0.24603,-0.0089686,-0.31928,0.18297,-0.028405,-0.35959,0.14207,-0.0532,-0.34295,0.14203,-0.053187,-0.34295,0.21105,0.0088883,-0.14798,0.15063,0.026037,-0.17902,0.14861,0.033375,-0.18595,0.14989,0.039353,-0.18306,0.21098,0.0056785,-0.30943,0.19024,-0.033845,-0.42725,0.1092,-0.061835,-0.498,0.19969,-0.041148,-0.52937,0.20072,-0.0073025,-0.23981,0.11011,-0.030061,-0.16878,0.016948,-0.031553,-0.085661,0.035284,-0.025915,-0.09252,2,2,2,2,2,2,2,1,1,1,1
0.30851,0.013393,-0.27333,0.29236,0.013541,-0.28105,0.27086,0.019872,-0.29631,0.29127,0.018503,-0.26424,0.32572,-0.0024737,-0.29955,0.30797,-0.0082121,-0.3256,0.30766,-0.009344,-0.32895,0.30762,-0.0093297,-0.32896,0.24215,0.045029,-0.26239,0.22921,0.03537,-0.32841,0.23148,0.027515,-0.32131,0.2302,0.021537,-0.3242,0.32881,0.010151,-0.2996,0.32576,0.047393,-0.215,0.42765,0.025082,-0.25278,0.42518,0.020564,-0.2337,0.304,0.014242,-0.24259,0.37897,0.10191,-0.23193,0.22918,0.06742,-0.13339,0.20989,0.026394,-0.043487,2,2,2,2,2,2,2,1,1,1,1
0.2009,-0.012297,-0.24008,0.22959,-0.012388,-0.22251,0.24276,-0.015869,-0.22347,0.1872,-0.013634,-0.25942,0.16624,-0.00056231,-0.1657,0.20277,0.011745,-0.11985,0.19607,0.0060577,-0.11021,0.19603,0.0060719,-0.11022,0.28221,-0.017755,-0.30533,0.32487,0.002935,-0.22218,0.40157,-0.06869,-0.13923,0.505,-0.17071,-0.13142,0.17196,-0.012293,-0.19967,0.15125,-0.0039713,-0.13742,0.035375,0.0084773,-0.0093396,0.012383,0.0035269,-0.0038226,0.21293,-0.0066824,-0.28373,0.25525,-0.021339,-0.3461,0.54554,-0.020479,-0.45437,0.57009,0.011388,-0.53608,3,2,2,3,2,2,2,1,1,2,2
-0.004738,0.0064868,-0.22138,0.014463,0.012229,-0.26204,-0.021933,0.0040532,-0.27307,-0.070889,-0.0024137,-0.26719,0.0094575,0.020688,-0.14363,0.081499,0.050521,-0.082861,0.13236,0.086042,-0.10982,0.13231,0.086057,-0.10982,-0.026163,-0.023325,-0.38442,0.037829,-0.038523,-0.39377,0.16858,0.0916,-0.37345,0.21216,0.13497,-0.36668,0.0056032,0.0098276,-0.15116,0.0038605,0.028281,-0.28031,0.088758,0.058787,-0.47323,-0.0067443,0.059692,-0.51963,-0.0099672,0.010143,-0.271,-0.0036545,0.021448,-0.14432,-0.0075772,-0.011098,-0.033622,-0.009763,-0.0046582,-0.0049541,2,2,3,2,2,2,2,1,2,1,2
-0.23749,0.054818,-0.17883,-0.22323,0.049346,-0.15865,-0.24082,0.040867,-0.12654,-0.26937,0.03312,-0.094596,-0.21333,0.071629,-0.12482,-0.22054,0.071558,-0.12708,-0.23998,0.058966,-0.11533,-0.24002,0.05898,-0.11533,-0.26446,0.031191,-0.17679,-0.24219,0.021312,-0.26368,-0.23425,0.032581,-0.29914,-0.2316,0.036338,-0.31097,-0.22569,0.046284,-0.16282,-0.088383,-0.038052,-0.16458,-0.021911,-0.041527,-0.047296,-0.016572,-0.022161,-0.023552,-0.24928,0.043922,-0.21837,-0.3575,0.028583,-0.38199,-0.43974,0.010009,-0.51159,-0.48868,0.02922,-0.50973,2,3,2,2,2,2,2,2,1,1,2
-0.18597,0.011792,-0.25763,-0.17561,0.0083166,-0.25079,-0.13367,0.009489,-0.26268,-0.10261,0.020827,-0.26124,-0.14915,0.0078922,-0.25528,-0.14911,0.008249,-0.25547,-0.14967,0.0083675,-0.25542,-0.14971,0.0083817,-0.25542,-0.13474,-0.010647,-0.24411,-0.1594,0.0017524,-0.2212,-0.15937,0.0028604,-0.22356,-0.15936,0.0032297,-0.22435,-0.20857,0.017091,-0.2567,-0.35172,0.12057,-0.2723,-0.21768,0.13284,-0.158,-0.15541,0.068045,-0.10705,-0.18371,0.0025816,-0.25562,-0.18573,0.020392,-0.13304,-0.11654,0.032533,-0.07715,-0.12035,0.047293,-0.10295,2,2,2,2,2,2,2,1,1,1,1
-0.0061866,-0.038228,-0.2244,-0.050574,-0.035803,-0.21798,-0.034002,-0.034722,-0.23021,0.10256,-0.055373,-0.27319,-0.05337,-0.068891,-0.37471,-0.14108,-0.060768,-0.42356,-0.18942,-0.10211,-0.39436,-0.18946,-0.10209,-0.39436,-0.00066188,0.01101,-0.082521,-0.093513,0.024816,-0.0011224,-0.32685,-0.040275,0.097387,-0.40463,-0.061972,0.13022,-0.0075535,-0.029339,-0.31097,0.0057472,0.0034951,-0.28039,-0.21629,0.037988,-0.46077,-0.21213,0.22563,-0.47,0.0082765,-0.026563,-0.13315,0.033257,-0.002268,-0.16901,-0.022982,0.01096,-0.044328,0.054494,0.011104,-0.053694,2,2,2,2,2,2,2,1,1,1,1
0.13386,-0.047548,-0.09751,0.13278,-0.037218,-0.13627,0.12244,-0.010505,-0.15314,0.16792,-0.050025,-0.046129,0.16845,-0.032887,-0.1789,0.18015,-0.092993,-0.20814,0.17813,-0.071995,-0.21478,0.17809,-0.071982,-0.21478,0.10718,0.009536,-0.027204,0.054126,0.016649,-0.020271,0.11721,0.00038181,-0.13938,0.13823,-0.0050407,-0.17909,0.14506,-0.034154,-0.09389,0.1031,-0.03131,-0.041658,0.03158,-0.0094253,-0.025052,0.041801,-0.012245,-0.017925,0.12112,-0.020058,-0.075577,0.15633,0.012853,-0.03001,0.19327,-0.048265,-0.19827,0.22715,-0.069649,-0.17803,2,2,2,2,2,2,2,1,1,1,1
0.26492,0.022447,0.041786,0.27306,0.023136,0.054984,0.31717,0.027369,0.12598,0.34985,-0.0022328,0.09064,0.33877,0.058082,0.10994,0.41639,0.014284,-0.0064664,0.15939,0.06611,0.036105,0.079431,0.026293,-0.0025007,0.31717,0.027369,0.12598,0.21495,0.054556,-0.17425,0.063244,0.093327,-0.18653,-0.006277,0.090917,-0.17253,0.27373,0.030905,0.075788,0.29188,-0.015143,0.13786,0.36061,-0.049637,0.08207,0.3987,-0.16495,0.026644,0.25055,0.024182,-0.014945,0.2688,-0.022585,-0.034612,0.39791,0.092172,-0.019692,0.40185,0.11057,-0.012098,2,2,2,2,2,2,2,1,1,1,1
