0.064204,-0.24927,2.4878,0.049751,-0.19536,2.5401,0.037017,0.13197,2.5526,0.048201,0.31834,2.5444,-0.090954,0.017702,2.5044,-0.14517,-0.22074,2.4888,-0.13344,-0.44644,2.4193,-0.12273,-0.53106,2.3942,0.22088,0.057588,2.5834,0.43453,0.12232,2.5867,0.47381,0.36548,2.5367,0.48364,0.4383,2.5507,-0.00096942,-0.32822,2.4628,0.033411,-0.69626,2.4811,0.050367,-0.90807,2.5114,0.072259,-0.94347,2.4188,0.13936,-0.31027,2.4845,0.12029,-0.63559,2.4797,0.11185,-0.90143,2.5117,0.13375,-0.93684,2.4191
0.067131,-0.24368,2.4969,0.057254,-0.19277,2.5515,0.037412,0.12986,2.5772,0.041007,0.31451,2.5633,-0.10021,0.020392,2.5387,-0.20996,-0.21057,2.5002,-0.25174,-0.43934,2.4075,-0.2516,-0.51692,2.3834,0.21388,0.057732,2.5839,0.4291,0.11775,2.5523,0.65405,0.26707,2.5003,0.74222,0.31391,2.5252,0.0015079,-0.31715,2.4692,0.020981,-0.61348,2.4815,0.049331,-0.91016,2.5144,0.060958,-0.9435,2.4242,0.14393,-0.30909,2.4916,0.13262,-0.63795,2.4796,0.13233,-0.91866,2.5176,0.097133,-0.99281,2.5244
0.067806,-0.24731,2.5259,0.060826,-0.19722,2.5817,0.042839,0.12424,2.6127,0.043519,0.31048,2.5989,-0.096299,0.013006,2.5809,-0.18233,-0.23843,2.5634,-0.20061,-0.45729,2.4896,-0.18932,-0.54594,2.4623,0.21446,0.053262,2.6123,0.42211,0.12743,2.5886,0.36316,0.33974,2.5746,0.28999,0.38523,2.589,0.0014326,-0.31634,2.5004,0.015972,-0.60656,2.5027,0.047967,-0.91828,2.5267,0.055208,-0.95022,2.4397,0.14309,-0.31573,2.5158,0.11763,-0.64837,2.5067,0.13205,-0.9423,2.5303,0.1393,-0.97424,2.4433
0.060694,-0.24358,2.5367,0.052783,-0.19427,2.5923,0.034421,0.12432,2.6235,0.04004,0.30379,2.61,-0.10018,0.013167,2.5917,-0.16074,-0.24095,2.5805,-0.16302,-0.46451,2.5059,-0.15638,-0.54751,2.4779,0.20969,0.05489,2.6291,0.41257,0.13638,2.5974,0.34014,0.40299,2.5867,0.29695,0.45532,2.6186,-0.0057713,-0.3135,2.516,0.022408,-0.6026,2.5029,0.052333,-0.92213,2.5246,0.1018,-0.98942,2.5368,0.13647,-0.30978,2.5224,0.095442,-0.67022,2.5152,0.13134,-0.93586,2.5352,0.1399,-0.96721,2.4497
0.052918,-0.24263,2.5422,0.045361,-0.19347,2.5975,0.028994,0.12388,2.6278,0.032383,0.30667,2.6169,-0.10643,0.010773,2.5949,-0.16167,-0.24281,2.5817,-0.16202,-0.46212,2.5026,-0.15557,-0.55004,2.4735,0.20629,0.056216,2.6348,0.41182,0.12861,2.6082,0.50226,0.36041,2.5687,0.52843,0.45433,2.5787,-0.013619,-0.31375,2.521,0.025769,-0.68507,2.5185,0.046934,-0.92876,2.5386,0.10209,-0.98221,2.5334,0.12745,-0.30939,2.5276,0.11231,-0.63801,2.5086,0.1255,-0.90681,2.5322,0.13436,-0.93788,2.4476
0.051803,-0.24559,2.5425,0.0444,-0.1958,2.5979,0.031046,0.12311,2.628,0.031078,0.30715,2.6202,-0.10847,0.00849,2.5953,-0.16275,-0.24298,2.5806,-0.16567,-0.46034,2.497,-0.15878,-0.54649,2.4675,0.20309,0.053074,2.6344,0.40928,0.11387,2.6118,0.50831,0.35858,2.5578,0.53575,0.4442,2.559,-0.014131,-0.31594,2.5207,0.024473,-0.62321,2.5092,0.049758,-0.90959,2.5376,0.058515,-0.94071,2.453,0.1264,-0.31231,2.528,0.10952,-0.64391,2.5093,0.12774,-0.91588,2.5317,0.1365,-0.947,2.447
0.052819,-0.2446,2.5422,0.045873,-0.19559,2.5978,0.031377,0.12301,2.6294,0.034647,0.30475,2.6203,-0.1057,0.0096213,2.5968,-0.15903,-0.24197,2.5789,-0.16196,-0.46033,2.495,-0.15369,-0.54506,2.4641,0.20418,0.052072,2.6315,0.41212,0.11848,2.6002,0.30156,0.30189,2.5946,0.2277,0.35133,2.644,-0.013406,-0.3143,2.5218,-0.015926,-0.67943,2.5168,0.051764,-0.98256,2.5493,0.11353,-1.0291,2.5379,0.12746,-0.31003,2.5262,0.1013,-0.65595,2.5119,0.12347,-0.93637,2.5355,0.13134,-0.96792,2.4495
0.052698,-0.24177,2.5415,0.046001,-0.19374,2.597,0.031284,0.12121,2.6279,0.038959,0.30433,2.6189,-0.10043,0.0092841,2.5953,-0.15519,-0.24194,2.5791,-0.15515,-0.45741,2.4995,-0.14563,-0.5455,2.4658,0.20427,0.051468,2.6284,0.40829,0.11912,2.5903,0.30995,0.2955,2.6059,0.25388,0.34527,2.6425,-0.012234,-0.31098,2.5218,0.020333,-0.68314,2.5221,0.039328,-0.92036,2.5379,0.09625,-0.9717,2.5265,0.12616,-0.30559,2.5241,0.10908,-0.64207,2.5109,0.12991,-0.90179,2.5304,0.093197,-0.97001,2.5323
0.052037,-0.24551,2.5418,0.046003,-0.19602,2.5972,0.032,0.12103,2.6269,0.034659,0.30631,2.6215,-0.1044,0.010216,2.5968,-0.15481,-0.24196,2.5798,-0.15372,-0.46033,2.4988,-0.14384,-0.54567,2.4662,0.20318,0.05038,2.6271,0.41531,0.11359,2.5986,0.4441,0.3579,2.5855,0.44461,0.45315,2.6224,-0.01343,-0.31553,2.5229,-0.0036519,-0.68759,2.5185,0.041719,-0.92014,2.5391,0.08729,-0.98236,2.5336,0.12464,-0.31121,2.5248,0.10916,-0.65036,2.5098,0.1332,-0.92771,2.5343,0.14007,-0.95898,2.4492
0.047673,-0.24783,2.5426,0.042024,-0.19766,2.5981,0.030459,0.12219,2.6295,0.032106,0.30622,2.6225,-0.10745,0.0080918,2.5959,-0.15548,-0.24197,2.5794,-0.15435,-0.4602,2.4989,-0.14485,-0.54504,2.4672,0.20126,0.050361,2.6285,0.4258,0.11284,2.6016,0.59491,0.32779,2.5539,0.63687,0.41051,2.5742,-0.018823,-0.31732,2.5237,0.020723,-0.63409,2.5103,0.049886,-0.92343,2.538,0.098997,-0.98366,2.5344,0.11972,-0.31494,2.5257,0.10824,-0.65592,2.5109,0.12677,-0.92641,2.5329,0.13405,-0.95757,2.4481
0.049053,-0.24775,2.5416,0.04279,-0.19765,2.5973,0.027678,0.12319,2.6289,0.027778,0.30575,2.6219,-0.11095,0.0071436,2.5972,-0.15908,-0.24152,2.5787,-0.15714,-0.46352,2.4955,-0.14731,-0.5458,2.4654,0.1988,0.049402,2.6279,0.42729,0.11234,2.5999,0.65468,0.24066,2.551,0.74402,0.28578,2.5721,-0.016547,-0.31798,2.5232,0.015477,-0.71651,2.5111,0.049641,-0.94126,2.5673,0.14519,-0.96013,2.5334,0.12233,-0.31252,2.5235,0.10632,-0.71191,2.5206,0.13572,-0.94772,2.5371,0.075204,-0.99188,2.5174
0.047635,-0.2471,2.5413,0.042009,-0.19715,2.5971,0.029912,0.12244,2.628,0.027106,0.30617,2.6217,-0.11222,0.007962,2.5979,-0.15995,-0.24155,2.5789,-0.15717,-0.465,2.4935,-0.14905,-0.54677,2.4657,0.19701,0.048835,2.6267,0.42958,0.11166,2.596,0.6535,0.27083,2.5516,0.74439,0.30738,2.5805,-0.018734,-0.3176,2.5228,-0.014196,-0.65939,2.5135,-0.048167,-0.89041,2.5486,0.034061,-0.95508,2.5392,0.12069,-0.31183,2.5232,0.13001,-0.63684,2.5059,0.12545,-0.92513,2.5317,0.13185,-0.95654,2.4462
0.0498,-0.24694,2.5423,0.044024,-0.19708,2.5982,0.031298,0.12326,2.6307,0.028979,0.30634,2.6223,-0.11126,0.0076105,2.5974,-0.15923,-0.24286,2.5786,-0.15818,-0.46074,2.4966,-0.1488,-0.5468,2.4655,0.19911,0.048478,2.627,0.4289,0.11206,2.597,0.55715,0.34497,2.5456,0.58588,0.42078,2.5528,-0.016725,-0.31685,2.5227,0.01908,-0.64323,2.5161,0.04602,-0.94567,2.5403,0.088392,-1.0102,2.5332,0.12326,-0.31371,2.5248,0.11385,-0.66295,2.5114,0.13097,-0.93132,2.5349,0.13752,-0.96265,2.4495
0.051988,-0.24992,2.541,0.046586,-0.19973,2.597,0.035768,0.12167,2.6291,0.030137,0.30593,2.6204,-0.1072,0.0096127,2.5982,-0.1544,-0.24157,2.5796,-0.1517,-0.46268,2.4971,-0.1433,-0.54746,2.4675,0.20349,0.048468,2.6265,0.42197,0.11411,2.5978,0.36311,0.33644,2.5771,0.31425,0.42201,2.6057,-0.014544,-0.31885,2.5224,0.009038,-0.62544,2.5019,0.055636,-0.94264,2.5374,0.10754,-1.0002,2.534,0.12502,-0.31611,2.5225,0.10046,-0.66888,2.5131,0.13134,-0.93706,2.538,0.13774,-0.96841,2.4526
0.050919,-0.24262,2.5426,0.046221,-0.19452,2.5979,0.037202,0.12106,2.6283,0.037979,0.30694,2.6158,-0.099989,0.01193,2.5973,-0.14837,-0.23758,2.5817,-0.14563,-0.4472,2.5026,-0.13896,-0.54259,2.4665,0.20826,0.050016,2.6258,0.39835,0.12801,2.5897,0.23062,0.25734,2.6227,0.18908,0.29752,2.6713,-0.017612,-0.30977,2.5245,0.032837,-0.67439,2.5131,0.037571,-0.90992,2.5364,0.07978,-0.97277,2.5526,0.12427,-0.30933,2.5243,0.10669,-0.63403,2.5077,0.12395,-0.91239,2.5387,0.082505,-0.97689,2.5495
0.052477,-0.24265,2.5428,0.047522,-0.19439,2.5983,0.032639,0.12262,2.6309,0.039639,0.30476,2.6155,-0.099509,0.012874,2.5993,-0.14657,-0.23646,2.5823,-0.14124,-0.46137,2.5007,-0.13526,-0.55202,2.4643,0.20511,0.05006,2.624,0.40536,0.11763,2.5917,0.30442,0.29292,2.6083,0.24335,0.34127,2.6498,-0.013701,-0.31011,2.5255,0.0048206,-0.61566,2.5087,0.043631,-0.93479,2.5404,0.095953,-0.99154,2.5331,0.12579,-0.30785,2.5241,0.11522,-0.66603,2.5129,0.12693,-0.95368,2.5356,0.13252,-0.98502,2.4501
0.052219,-0.24402,2.5428,0.047491,-0.19538,2.5983,0.033634,0.12137,2.6306,0.032963,0.30502,2.6192,-0.10269,0.012633,2.6025,-0.14617,-0.23727,2.5819,-0.14016,-0.46094,2.5004,-0.13358,-0.55154,2.4643,0.20502,0.050087,2.6255,0.41468,0.12487,2.5991,0.4235,0.40089,2.5844,0.42809,0.45849,2.6328,-0.013708,-0.31256,2.5264,0.045605,-0.60124,2.4912,0.045002,-0.92184,2.5335,0.083625,-0.98872,2.5375,0.1253,-0.31102,2.5221,0.10137,-0.66739,2.5102,0.14128,-0.93662,2.5326,0.14634,-0.96789,2.4473
0.051684,-0.2468,2.5425,0.046838,-0.19747,2.5984,0.032572,0.12134,2.6318,0.031825,0.30835,2.6238,-0.104,0.011795,2.6036,-0.14813,-0.23952,2.5805,-0.14385,-0.45987,2.4988,-0.13614,-0.54962,2.4631,0.20434,0.048963,2.6268,0.42775,0.12353,2.5975,0.57089,0.34281,2.5607,0.60075,0.42219,2.5734,-0.014087,-0.31583,2.5258,-0.014133,-0.61133,2.5098,0.043744,-0.92984,2.5359,0.048856,-0.96106,2.4507,0.12468,-0.31344,2.5219,0.11091,-0.64712,2.509,0.12781,-0.95664,2.5353,0.13292,-0.98786,2.4501
0.049596,-0.24714,2.5434,0.045132,-0.19768,2.5993,0.032879,0.1216,2.6326,0.029314,0.30763,2.6259,-0.10709,0.0099168,2.6039,-0.15147,-0.24139,2.5791,-0.14877,-0.45955,2.4942,-0.14327,-0.54593,2.464,0.20289,0.04776,2.6277,0.42847,0.12088,2.5943,0.67143,0.25034,2.557,0.76133,0.27906,2.5795,-0.017853,-0.31788,2.5263,0.0056489,-0.68203,2.5156,0.053028,-0.93512,2.5383,0.058257,-0.96641,2.4529,0.12285,-0.31265,2.5231,0.10254,-0.65776,2.5114,0.12755,-0.927,2.5343,0.13278,-0.95829,2.4489
0.050714,-0.24958,2.5426,0.045623,-0.19934,2.5987,0.031492,0.12198,2.632,0.029402,0.30729,2.6263,-0.10792,0.0083896,2.6029,-0.15366,-0.24476,2.5774,-0.15109,-0.46192,2.4929,-0.14366,-0.54639,2.464,0.20255,0.047047,2.6273,0.43378,0.11054,2.5875,0.68273,0.22957,2.5531,0.7784,0.2539,2.579,-0.015533,-0.32003,2.5245,-0.029963,-0.61396,2.5049,0.0323,-0.93178,2.5287,0.037626,-0.96316,2.4432,0.12448,-0.31545,2.5236,0.098715,-0.65834,2.5126,0.13342,-0.93491,2.5388,0.10708,-1.0079,2.5365
0.050949,-0.24874,2.5422,0.045825,-0.19886,2.5983,0.032409,0.12086,2.6305,0.030157,0.30748,2.6256,-0.10817,0.0082267,2.6021,-0.15385,-0.24365,2.5745,-0.15114,-0.46101,2.4933,-0.1441,-0.54545,2.4627,0.20324,0.047105,2.6269,0.43492,0.11467,2.5889,0.59404,0.31407,2.5356,0.64041,0.39995,2.5529,-0.015516,-0.31976,2.5239,0.018831,-0.637,2.5094,0.025415,-0.9619,2.5348,0.10576,-0.98154,2.5299,0.12488,-0.31429,2.5232,0.11464,-0.66219,2.5113,0.13915,-0.94766,2.5335,0.10401,-1.0165,2.5426
0.053325,-0.25015,2.5407,0.047695,-0.20016,2.5969,0.034854,0.12137,2.6302,0.032316,0.30678,2.6229,-0.10464,0.011141,2.6,-0.1514,-0.24021,2.5741,-0.14845,-0.45889,2.4904,-0.13942,-0.54764,2.4586,0.20642,0.049186,2.6286,0.42652,0.11883,2.593,0.43072,0.35637,2.561,0.42302,0.45306,2.5774,-0.01273,-0.32075,2.5215,-0.034923,-0.61436,2.5066,0.0016819,-0.84614,2.5415,0.057036,-0.93579,2.5393,0.12639,-0.31563,2.5219,0.10579,-0.66713,2.5128,0.13622,-0.95128,2.5395,0.10604,-1.0226,2.548
0.054503,-0.24262,2.5418,0.049012,-0.19405,2.5975,0.036216,0.12333,2.6299,0.075301,0.31264,2.6202,-0.10154,0.011652,2.5986,-0.14721,-0.23779,2.574,-0.1441,-0.45913,2.4917,-0.13596,-0.5472,2.4584,0.20891,0.050088,2.6275,0.40529,0.14326,2.5879,0.28802,0.31042,2.5932,0.21776,0.33175,2.6216,-0.012927,-0.31162,2.5247,0.044256,-0.6897,2.5091,0.074363,-0.93865,2.5313,0.080904,-0.96993,2.4459,0.12869,-0.3089,2.5217,0.12278,-0.6489,2.5086,0.12728,-0.93967,2.5351,0.13382,-0.97096,2.4497
0.056479,-0.23923,2.5405,0.050118,-0.19088,2.5962,0.038928,0.12245,2.627,0.042707,0.31326,2.618,-0.091055,0.011756,2.5912,-0.1453,-0.23817,2.5747,-0.14017,-0.45877,2.4956,-0.13262,-0.54969,2.4584,0.20773,0.04894,2.6239,0.39742,0.1271,2.5855,0.2313,0.26873,2.6207,0.19329,0.31124,2.6703,-0.0089223,-0.30814,2.5239,0.046747,-0.7031,2.5168,0.044475,-0.93985,2.5457,0.10677,-0.98263,2.5323,0.12792,-0.30136,2.5208,0.12376,-0.65103,2.5089,0.12347,-0.92527,2.533,0.13124,-0.95624,2.4485
0.056061,-0.23924,2.5407,0.049582,-0.19099,2.5962,0.038445,0.12205,2.6271,0.040587,0.30027,2.614,-0.095336,0.010885,2.5927,-0.1449,-0.23679,2.5746,-0.15036,-0.43495,2.5062,-0.13589,-0.5284,2.4674,0.20937,0.049475,2.627,0.40601,0.1169,2.5899,0.31194,0.31978,2.602,0.26656,0.3742,2.6282,-0.010853,-0.30837,2.5232,-0.027188,-0.63592,2.5168,0.065828,-0.94549,2.5278,0.13974,-0.98652,2.541,0.12934,-0.30322,2.5217,0.094927,-0.70084,2.5183,0.13717,-0.93569,2.5381,0.1161,-1.009,2.5366
0.05377,-0.2448,2.5402,0.047811,-0.19552,2.596,0.035109,0.12224,2.6293,0.03463,0.30401,2.6182,-0.10279,0.010255,2.5959,-0.14935,-0.23842,2.5718,-0.14863,-0.46014,2.4881,-0.1358,-0.54859,2.4569,0.20803,0.049614,2.6286,0.41513,0.1197,2.5965,0.46665,0.34897,2.5677,0.4874,0.44644,2.5909,-0.013567,-0.31598,2.5211,-0.014119,-0.61217,2.5075,-0.063167,-0.86034,2.5455,0.0088321,-0.93481,2.5417,0.12682,-0.31065,2.5217,0.10604,-0.66313,2.5128,0.10353,-0.92518,2.539,0.11089,-0.95608,2.4546
0.051922,-0.24564,2.5412,0.045828,-0.19667,2.5971,0.032681,0.1215,2.6322,0.032186,0.3069,2.6223,-0.10663,0.0088366,2.598,-0.15407,-0.24241,2.5688,-0.1506,-0.45869,2.4873,-0.14176,-0.54392,2.4539,0.20614,0.049468,2.6319,0.42653,0.12537,2.5958,0.60458,0.31856,2.5409,0.64295,0.39612,2.5549,-0.015056,-0.31644,2.5214,0.022597,-0.63246,2.5135,0.035321,-0.93216,2.5382,0.074795,-0.99799,2.5366,0.12525,-0.31206,2.5228,0.10648,-0.63985,2.5097,0.13106,-0.92757,2.5337,0.13859,-0.95851,2.4492
0.051939,-0.2468,2.5416,0.045424,-0.19785,2.5977,0.030563,0.12223,2.6354,0.031179,0.3088,2.6283,-0.10763,0.007671,2.5986,-0.15549,-0.2435,2.57,-0.15054,-0.4623,2.4861,-0.14297,-0.54395,2.4542,0.20565,0.049833,2.6339,0.42772,0.12362,2.5939,0.68511,0.22261,2.5619,0.77467,0.26404,2.5742,-0.014629,-0.31815,2.5217,0.019425,-0.62845,2.5091,0.053277,-0.94921,2.5416,0.012992,-1.0122,2.5596,0.12569,-0.31278,2.5229,0.10347,-0.66425,2.5123,0.1267,-0.9218,2.5345,0.1344,-0.95275,2.4498
0.050059,-0.24767,2.5437,0.043836,-0.19803,2.5997,0.030562,0.12277,2.6352,0.031146,0.30864,2.6304,-0.10843,0.0081109,2.6008,-0.15674,-0.245,2.5717,-0.15215,-0.46099,2.4908,-0.14382,-0.54449,2.4588,0.20464,0.050325,2.6358,0.42635,0.10755,2.59,0.68729,0.19538,2.5512,0.75379,0.23087,2.5522,-0.016081,-0.31768,2.5245,-0.019097,-0.61378,2.5043,0.037748,-0.93226,2.5337,0.045455,-0.96335,2.4487,0.123,-0.31472,2.5253,0.10574,-0.65772,2.5141,0.12647,-0.94231,2.5364,0.13418,-0.9734,2.4515
0.050416,-0.24799,2.5445,0.044338,-0.19865,2.6004,0.032772,0.12075,2.6356,0.031108,0.30863,2.6312,-0.10731,0.0083398,2.6029,-0.15588,-0.24435,2.5735,-0.15362,-0.46003,2.4946,-0.14483,-0.54453,2.4613,0.20547,0.049273,2.6362,0.43273,0.11327,2.5905,0.6449,0.277,2.5418,0.73656,0.3156,2.5639,-0.015466,-0.31683,2.5255,-0.021611,-0.68109,2.5279,-0.013104,-0.96077,2.5535,0.078263,-0.99211,2.5373,0.12337,-0.31544,2.5258,0.098971,-0.6582,2.5147,0.12373,-0.94751,2.5367,0.13112,-0.97861,2.4517
0.054246,-0.24697,2.5459,0.048353,-0.19793,2.6021,0.038037,0.12116,2.6378,0.032458,0.30861,2.6318,-0.10471,0.010503,2.6048,-0.15557,-0.24366,2.5745,-0.15308,-0.46113,2.4951,-0.1445,-0.5448,2.4604,0.20743,0.050414,2.6382,0.42421,0.11487,2.598,0.51838,0.36693,2.5539,0.55999,0.45164,2.5633,-0.012846,-0.31648,2.5256,-0.0068831,-0.68144,2.5206,0.043859,-0.91755,2.5426,0.10165,-0.99212,2.5381,0.12825,-0.31333,2.5285,0.12304,-0.64162,2.5079,0.12685,-0.93708,2.5404,0.13429,-0.96803,2.4557
0.057773,-0.24747,2.5461,0.051303,-0.19801,2.6022,0.038853,0.12206,2.6371,0.037934,0.30841,2.6287,-0.10287,0.012355,2.6062,-0.1518,-0.24058,2.5761,-0.15021,-0.46226,2.4936,-0.14149,-0.54479,2.4611,0.20833,0.049283,2.6379,0.41899,0.11833,2.5983,0.36817,0.34764,2.5871,0.316,0.42837,2.6224,-0.007666,-0.31718,2.5258,0.0069828,-0.61369,2.5105,0.056763,-0.93459,2.5338,0.10844,-0.99915,2.538,0.13163,-0.31379,2.529,0.1081,-0.71471,2.5239,0.12938,-0.95327,2.5382,0.095136,-1.022,2.541
0.060249,-0.24252,2.5475,0.052567,-0.19435,2.6029,0.03905,0.12232,2.6364,0.05437,0.30886,2.6287,-0.089994,0.0052783,2.5987,-0.14622,-0.23853,2.578,-0.14161,-0.46132,2.4962,-0.13386,-0.54975,2.4611,0.21196,0.0493,2.638,0.40815,0.11523,2.5946,0.23946,0.28625,2.6135,0.20234,0.32268,2.6681,-0.0049051,-0.31255,2.5279,0.033764,-0.60579,2.5091,0.058,-0.93144,2.5317,0.099304,-0.996,2.5366,0.13463,-0.30736,2.5301,0.11694,-0.64809,2.515,0.1268,-0.94441,2.5387,0.13574,-0.97533,2.4543
0.058175,-0.2432,2.5479,0.051853,-0.19449,2.6035,0.037817,0.12242,2.6363,0.044206,0.3026,2.6246,-0.097604,0.0072125,2.6046,-0.1453,-0.23772,2.5785,-0.14201,-0.46261,2.4966,-0.13267,-0.5503,2.4612,0.20925,0.048118,2.6372,0.41118,0.11329,2.5962,0.36797,0.33597,2.5829,0.33073,0.42576,2.6139,-0.0084154,-0.31322,2.5293,0.030784,-0.63047,2.5111,0.064776,-0.92576,2.5401,0.0721,-0.95679,2.4554,0.13278,-0.30813,2.5298,0.10787,-0.65373,2.516,0.13547,-0.92866,2.5366,0.11138,-1.0016,2.5327
0.057449,-0.24418,2.5474,0.050972,-0.19535,2.603,0.036596,0.12165,2.6358,0.037413,0.3042,2.6262,-0.099198,0.0087123,2.605,-0.14676,-0.23817,2.5791,-0.14253,-0.46025,2.4966,-0.13356,-0.54993,2.461,0.20805,0.048011,2.6384,0.42262,0.12194,2.5953,0.49598,0.35836,2.5464,0.5202,0.44808,2.5591,-0.0090553,-0.31464,2.5285,0.014033,-0.62629,2.5118,0.043369,-0.9244,2.5383,0.051021,-0.95541,2.4537,0.13163,-0.30854,2.5294,0.12876,-0.62743,2.5099,0.12671,-0.93522,2.5377,0.13436,-0.96623,2.4531
0.055627,-0.24574,2.5471,0.049025,-0.19681,2.603,0.033693,0.12086,2.6364,0.03458,0.30578,2.6281,-0.10194,0.0082774,2.6056,-0.1518,-0.2416,2.5772,-0.14661,-0.46264,2.4926,-0.13675,-0.54869,2.4601,0.20637,0.047109,2.6381,0.42619,0.12313,2.5942,0.60088,0.31609,2.5225,0.64391,0.39342,2.5222,-0.010127,-0.31564,2.5279,0.00134,-0.6218,2.513,0.025511,-0.89768,2.541,0.032927,-0.92871,2.4563,0.12942,-0.31127,2.5291,0.10755,-0.6415,2.512,0.13579,-0.94814,2.538,0.10301,-1.0177,2.54
0.055055,-0.24655,2.5465,0.048437,-0.19764,2.6025,0.033139,0.12012,2.6361,0.033382,0.30587,2.6286,-0.10392,0.0067392,2.6052,-0.15396,-0.24172,2.5763,-0.15133,-0.46277,2.4918,-0.14262,-0.54512,2.4581,0.20596,0.046811,2.6377,0.42449,0.11799,2.5898,0.63945,0.28217,2.5201,0.73068,0.32079,2.5457,-0.010697,-0.31722,2.5272,0.0060574,-0.61091,2.5122,0.052314,-0.93475,2.54,0.10022,-0.99457,2.5351,0.12907,-0.31165,2.528,0.11225,-0.65849,2.5136,0.14075,-0.93349,2.5384,0.1057,-1.0018,2.5363
0.055866,-0.24814,2.5457,0.04907,-0.19893,2.6017,0.033827,0.1199,2.6352,0.0328,0.30603,2.6275,-0.10415,0.0068731,2.6042,-0.15394,-0.24126,2.5755,-0.1511,-0.46223,2.4907,-0.14226,-0.5448,2.4586,0.20572,0.046599,2.6372,0.42498,0.11209,2.59,0.56893,0.34079,2.5189,0.59015,0.41569,2.5291,-0.010063,-0.31831,2.5264,0.037778,-0.69052,2.5167,0.055273,-0.93071,2.5348,0.094942,-0.99648,2.5367,0.13002,-0.31347,2.5275,0.10034,-0.67017,2.5153,0.12779,-0.9352,2.5422,0.10071,-1.0069,2.5365
0.52477,-0.2154,2.854,0.52667,-0.1697,2.9078,0.52959,0.13054,2.9421,0.50511,0.31635,2.9438,0.37012,0.017816,2.9184,0.27038,-0.22753,2.894,0.21199,-0.4452,2.807,0.21238,-0.52941,2.7936,0.68463,0.051665,2.9199,0.9095,0.10268,2.9413,0.86939,0.31883,2.8943,0.83993,0.39756,2.9177,0.45305,-0.2914,2.834,0.40959,-0.57292,2.8095,0.6534,-0.70721,2.7978,0.5674,-0.77362,2.8076,0.59458,-0.27617,2.8347,0.6411,-0.59736,2.8198,0.63977,-0.87586,2.8032,0.63925,-0.90837,2.714
0.53258,-0.19263,2.8342,0.53692,-0.15161,2.8866,0.54718,0.12987,2.9221,0.51815,0.31637,2.9251,0.38997,0.018088,2.9062,0.32224,-0.23818,2.8842,0.28691,-0.4556,2.8094,0.28513,-0.53894,2.7844,0.69647,0.055056,2.9038,0.9376,0.12051,2.9266,0.90144,0.34015,2.877,0.87061,0.42911,2.9023,0.45721,-0.26158,2.8194,0.5102,-0.59883,2.7781,0.26216,-0.53101,2.8197,0.35841,-0.56605,2.7818,0.6001,-0.25702,2.8079,0.59958,-0.61557,2.8477,0.6923,-0.96156,2.8359,0.60531,-0.89978,2.8125
0.53054,-0.18958,2.8301,0.52967,-0.14761,2.8823,0.52506,0.13521,2.9184,0.51632,0.31756,2.9215,0.3792,0.02229,2.8988,0.2726,-0.22503,2.8611,0.21185,-0.44633,2.7573,0.20402,-0.51702,2.7449,0.69022,0.056796,2.9078,0.91734,0.10842,2.9283,0.89933,0.34772,2.8903,0.87175,0.4329,2.9007,0.46139,-0.25666,2.8081,0.4539,-0.59138,2.7869,0.43899,-0.8609,2.8094,0.47138,-0.76362,2.7932,0.60395,-0.25846,2.8097,0.66305,-0.55938,2.8096,0.67221,-0.82735,2.8258,0.67357,-0.85947,2.7374
0.53836,-0.18547,2.8283,0.53796,-0.14591,2.8809,0.53614,0.13108,2.9198,0.51676,0.31411,2.9191,0.38212,0.018673,2.8948,0.28803,-0.22027,2.8635,0.2399,-0.42008,2.7854,0.2286,-0.50901,2.7497,0.69147,0.056316,2.9059,0.92563,0.11434,2.9303,0.83339,0.30941,2.9059,0.77838,0.34921,2.9164,0.4716,-0.24463,2.8004,0.30796,-0.49226,2.8429,0.56936,-0.64617,2.7655,0.52052,-0.60136,2.7223,0.60547,-0.25861,2.8102,0.68654,-0.54808,2.824,0.69086,-0.89607,2.8383,0.69236,-0.92783,2.7508
0.53197,-0.19032,2.8286,0.5334,-0.14886,2.8818,0.52935,0.13564,2.9267,0.51722,0.31424,2.918,0.37976,0.017326,2.899,0.29217,-0.22441,2.8701,0.24053,-0.43018,2.7942,0.23175,-0.5139,2.7662,0.68803,0.053748,2.9018,0.93181,0.12251,2.9304,0.94875,0.41398,2.9058,1.0158,0.43482,2.9161,0.46102,-0.26104,2.8102,0.50812,-0.57595,2.7847,0.50159,-0.92047,2.8099,0.59409,-0.97593,2.8171,0.60076,-0.25661,2.8046,0.59877,-0.65033,2.8528,0.69686,-0.98393,2.8373,0.68625,-1.0616,2.8221
0.53249,-0.19451,2.8261,0.53318,-0.15174,2.8787,0.52932,0.13459,2.9173,0.51443,0.31504,2.92,0.37911,0.016957,2.8985,0.28642,-0.22437,2.872,0.22912,-0.43252,2.7815,0.22108,-0.50697,2.7645,0.68634,0.055024,2.9011,0.94055,0.11504,2.925,1.0788,0.27332,2.8575,1.1167,0.3368,2.8328,0.46267,-0.2637,2.8065,0.38854,-0.57651,2.7854,0.62911,-0.66109,2.7705,0.52578,-0.63617,2.7704,0.60358,-0.26,2.8035,0.65742,-0.59062,2.8178,0.68786,-0.93188,2.8376,0.68709,-0.96349,2.7507
0.52606,-0.18872,2.8343,0.52851,-0.14711,2.8842,0.52647,0.13627,2.9175,0.51325,0.31592,2.9204,0.37901,0.017647,2.8988,0.28745,-0.22248,2.8684,0.23245,-0.45202,2.7766,0.2258,-0.52007,2.7569,0.68582,0.054474,2.8992,0.94191,0.11057,2.9241,1.0691,0.3125,2.847,1.098,0.34969,2.8365,0.45543,-0.25998,2.8151,0.33263,-0.60593,2.8276,0.48092,-0.81116,2.7837,0.46705,-0.74222,2.8189,0.59436,-0.24841,2.8184,0.67882,-0.53311,2.8054,0.67157,-0.79442,2.829,0.67045,-0.82614,2.7421
0.53198,-0.19153,2.8291,0.53254,-0.14881,2.8812,0.52983,0.13638,2.9187,0.5147,0.31614,2.9193,0.38051,0.017617,2.8969,0.2917,-0.22066,2.8658,0.24087,-0.43409,2.7745,0.23094,-0.51323,2.7493,0.68877,0.055066,2.9,0.94131,0.11725,2.9279,0.97019,0.33202,2.8912,0.99236,0.42567,2.8966,0.46185,-0.26252,2.8107,0.5074,-0.5553,2.7844,0.47234,-0.80307,2.8112,0.46909,-0.70044,2.7838,0.60315,-0.25301,2.8064,0.67322,-0.64112,2.8216,0.68103,-0.89403,2.8309,0.67323,-0.83151,2.8778
0.53816,-0.18656,2.8228,0.53873,-0.14645,2.8757,0.53971,0.13118,2.9159,0.51479,0.31515,2.9156,0.38443,0.021077,2.8964,0.29496,-0.22258,2.8608,0.25047,-0.42557,2.7836,0.24028,-0.51447,2.7496,0.69214,0.055135,2.8988,0.92093,0.11942,2.923,0.86971,0.33135,2.9088,0.82883,0.41749,2.9174,0.46774,-0.25374,2.8058,0.4454,-0.6058,2.7777,0.45816,-0.85419,2.807,0.47643,-0.78027,2.7871,0.60701,-0.25265,2.7963,0.64702,-0.59141,2.8182,0.69822,-0.92994,2.8244,0.60424,-0.88156,2.8119
0.54208,-0.19334,2.822,0.5433,-0.15201,2.8743,0.54697,0.12626,2.9112,0.52028,0.31319,2.9132,0.38634,0.013095,2.8887,0.29877,-0.22929,2.855,0.25532,-0.43582,2.777,0.25425,-0.51634,2.7461,0.69323,0.057103,2.8952,0.91003,0.12479,2.9191,0.76366,0.28483,2.9261,0.7154,0.32758,2.953,0.47262,-0.26234,2.8,0.46943,-0.55584,2.7508,0.53423,-0.3123,2.702,0.50106,-0.41076,2.7257,0.61057,-0.25777,2.8039,0.67746,-0.60605,2.7979,0.70457,-0.92742,2.8368,0.70434,-0.95908,2.7497
0.54429,-0.18902,2.82,0.54506,-0.14891,2.8717,0.54689,0.12555,2.9063,0.52093,0.31513,2.9112,0.39013,0.013854,2.884,0.30343,-0.22924,2.8514,0.26384,-0.44749,2.7777,0.25913,-0.52267,2.7459,0.69263,0.050881,2.8885,0.90836,0.12431,2.9167,0.75025,0.28717,2.9242,0.70179,0.33018,2.9508,0.47585,-0.25391,2.7947,0.42442,-0.5614,2.7901,0.41933,-0.88834,2.8274,0.46368,-0.80649,2.7956,0.61285,-0.25592,2.803,0.67888,-0.54283,2.795,0.69707,-0.88194,2.8291,0.61902,-0.88337,2.8229
0.53807,-0.19355,2.8186,0.54049,-0.15138,2.8704,0.54648,0.1258,2.9049,0.5231,0.31228,2.9084,0.3891,0.013286,2.8822,0.30887,-0.22862,2.8471,0.27337,-0.46381,2.7623,0.27375,-0.53185,2.7451,0.69547,0.056053,2.8923,0.91911,0.12673,2.9169,0.84298,0.32951,2.9057,0.81422,0.41643,2.9308,0.4645,-0.26106,2.7958,0.4224,-0.60967,2.7741,0.56314,-0.39921,2.7568,0.50087,-0.48453,2.7591,0.60564,-0.2653,2.797,0.64262,-0.59213,2.8087,0.70509,-0.92744,2.8189,0.62859,-0.91283,2.8132
0.53273,-0.19891,2.8186,0.53661,-0.15523,2.8699,0.54668,0.12657,2.9031,0.519,0.31586,2.9047,0.38628,0.015666,2.8837,0.30921,-0.23316,2.845,0.27676,-0.44968,2.7702,0.27491,-0.52875,2.7452,0.69264,0.054854,2.8907,0.9314,0.12833,2.9196,0.9404,0.41398,2.8916,0.93556,0.4908,2.9046,0.45717,-0.26586,2.8008,0.46817,-0.6121,2.7845,0.56194,-0.83857,2.8263,0.45856,-0.83116,2.8061,0.59878,-0.26747,2.7971,0.63972,-0.58156,2.8106,0.66585,-0.90471,2.8361,0.66631,-0.93613,2.7498
0.53198,-0.19134,2.8165,0.53491,-0.15075,2.8682,0.54511,0.12751,2.9026,0.51777,0.31568,2.9027,0.38734,0.017264,2.8805,0.31146,-0.23871,2.8422,0.2774,-0.45752,2.7622,0.27733,-0.53226,2.7461,0.69294,0.054961,2.8896,0.91878,0.096253,2.9497,1.0427,0.2558,2.8597,1.0638,0.31876,2.8386,0.46006,-0.24663,2.7963,0.32346,-0.50229,2.8176,0.45939,-0.7316,2.79,0.45879,-0.80973,2.7939,0.59841,-0.26149,2.7924,0.50051,-0.57821,2.7813,0.38408,-0.79294,2.8215,0.46897,-0.81117,2.7909
0.5338,-0.19153,2.8138,0.53538,-0.15055,2.8661,0.5352,0.13109,2.9046,0.51408,0.31536,2.9027,0.38583,0.017973,2.881,0.31259,-0.2409,2.842,0.27821,-0.45248,2.7612,0.27891,-0.53021,2.7457,0.68818,0.053237,2.8859,0.92506,0.12625,2.9038,1.095,0.24531,2.8292,1.1814,0.30163,2.8036,0.47426,-0.25177,2.7894,0.41666,-0.53589,2.7817,0.56983,-0.73177,2.7903,0.4786,-0.67837,2.7836,0.59745,-0.26174,2.792,0.68211,-0.53848,2.7983,0.69096,-0.87357,2.8266,0.691,-0.90504,2.74
0.52759,-0.20051,2.8142,0.53039,-0.15653,2.8667,0.5321,0.13311,2.9062,0.51377,0.31501,2.9027,0.38219,0.016698,2.8823,0.31203,-0.24216,2.841,0.27858,-0.45835,2.7596,0.27838,-0.53033,2.7446,0.6835,0.050841,2.88,0.92995,0.11465,2.8743,1.1233,0.20604,2.8249,1.238,0.26908,2.8096,0.45681,-0.26487,2.7983,0.44288,-0.57209,2.7721,0.4704,-0.81357,2.807,0.53097,-0.82865,2.76,0.59556,-0.26834,2.7901,0.6777,-0.5456,2.7793,0.71003,-0.87928,2.7979,0.63784,-0.90737,2.8148
0.52712,-0.20271,2.8151,0.53,-0.15848,2.8674,0.53369,0.13203,2.9054,0.5139,0.31479,2.9051,0.38201,0.016458,2.8821,0.31169,-0.24183,2.8407,0.27838,-0.45201,2.7651,0.27947,-0.532,2.7419,0.6856,0.0522,2.8799,0.92803,0.11189,2.8693,1.1353,0.28755,2.8043,1.1826,0.32917,2.7945,0.46023,-0.27166,2.7962,0.48346,-0.55946,2.7675,0.5115,-0.80096,2.7975,0.48025,-0.70697,2.7606,0.59502,-0.26967,2.7915,0.6541,-0.59266,2.7991,0.67515,-0.85205,2.8301,0.6733,-0.88353,2.7438
0.52834,-0.20207,2.8137,0.53162,-0.15844,2.8656,0.53963,0.13011,2.9032,0.51229,0.31436,2.9026,0.38398,0.016343,2.8793,0.31256,-0.23818,2.8387,0.27761,-0.44334,2.764,0.27968,-0.53029,2.7393,0.688,0.053436,2.8794,0.92347,0.11295,2.8789,1.0249,0.34449,2.8264,1.0531,0.43274,2.8227,0.45605,-0.26937,2.7977,0.52576,-0.65514,2.7888,0.49436,-0.93579,2.8277,0.59615,-0.96562,2.8319,0.59659,-0.26855,2.7894,0.67391,-0.57493,2.7996,0.69636,-0.9086,2.8275,0.69503,-0.9402,2.7408
0.53673,-0.18621,2.8112,0.5384,-0.14667,2.8627,0.54492,0.13031,2.8988,0.5152,0.31474,2.9013,0.38585,0.01518,2.8757,0.31461,-0.24139,2.8384,0.27901,-0.45931,2.7491,0.28048,-0.53224,2.7373,0.70099,0.058258,2.8836,0.93023,0.1294,2.8798,0.91052,0.34449,2.8441,0.88316,0.43001,2.8664,0.46349,-0.24172,2.7921,0.44415,-0.53203,2.7936,0.45306,-0.87174,2.7988,0.45333,-0.90329,2.712,0.60487,-0.26407,2.7879,0.68674,-0.58439,2.7869,0.69225,-0.91919,2.8291,0.69253,-0.95074,2.7423
0.54087,-0.19749,2.8068,0.54162,-0.15312,2.8592,0.5462,0.13172,2.8959,0.51696,0.31385,2.9019,0.39034,0.012163,2.8707,0.3159,-0.24117,2.8399,0.28029,-0.45999,2.7486,0.28142,-0.53324,2.7356,0.70292,0.057732,2.8848,0.92734,0.12755,2.8803,0.83859,0.32576,2.8627,0.7756,0.36047,2.8835,0.46833,-0.27201,2.7891,0.52156,-0.55807,2.7847,0.27064,-0.53303,2.7495,0.28307,-0.60743,2.7718,0.60816,-0.26257,2.7848,0.68458,-0.60383,2.8098,0.66904,-0.84934,2.8449,0.6661,-0.7462,2.8188
0.53633,-0.19982,2.8074,0.53825,-0.15561,2.8596,0.54482,0.13257,2.8972,0.52048,0.312,2.9022,0.39164,0.014267,2.8709,0.31793,-0.23609,2.8409,0.28005,-0.45622,2.7477,0.28115,-0.53083,2.7329,0.70135,0.054328,2.8803,0.92563,0.12669,2.8831,0.82154,0.31724,2.8708,0.76918,0.35924,2.8825,0.46227,-0.27156,2.7916,0.49902,-0.66329,2.7589,0.46302,-0.96391,2.784,0.41951,-0.86723,2.7755,0.60344,-0.26476,2.7832,0.7044,-0.60438,2.7964,0.6825,-0.90858,2.8303,0.70246,-0.98314,2.8154
0.5326,-0.19673,2.8106,0.53468,-0.15349,2.862,0.54455,0.13388,2.8976,0.52119,0.31083,2.9018,0.39414,0.015415,2.8677,0.31678,-0.23228,2.8401,0.27992,-0.44812,2.7533,0.28176,-0.5267,2.7317,0.70109,0.054099,2.8818,0.92558,0.12371,2.8848,0.82391,0.32008,2.8651,0.77628,0.36599,2.8819,0.45959,-0.26215,2.794,0.4198,-0.60542,2.7826,0.40766,-0.92417,2.8033,0.47839,-0.95836,2.8057,0.60026,-0.26281,2.7881,0.65411,-0.54864,2.7831,0.68015,-0.88395,2.8288,0.68258,-0.91552,2.7419
0.53953,-0.19005,2.807,0.5398,-0.14925,2.8589,0.54418,0.13167,2.8951,0.522,0.31318,2.9035,0.38888,0.014735,2.8714,0.31537,-0.23033,2.8385,0.27696,-0.44138,2.7536,0.27757,-0.52318,2.7312,0.70365,0.055272,2.8845,0.92745,0.12186,2.8864,0.88798,0.35323,2.8316,0.85712,0.43813,2.8472,0.46989,-0.25945,2.7873,0.3494,-0.52298,2.8134,0.6709,-0.62612,2.7287,0.67281,-0.65776,2.6415,0.60865,-0.25953,2.7845,0.67171,-0.54472,2.7794,0.69576,-0.88183,2.8186,0.69767,-0.91347,2.7315
0.53829,-0.19023,2.8063,0.53944,-0.14835,2.8583,0.54515,0.13369,2.8942,0.52232,0.31486,2.9036,0.38904,0.015479,2.8723,0.31411,-0.23364,2.8374,0.27747,-0.44159,2.7548,0.27766,-0.52464,2.7302,0.701,0.054306,2.8837,0.9348,0.12917,2.8853,0.9504,0.36932,2.8136,0.96619,0.45943,2.804,0.47036,-0.25473,2.7857,0.51098,-0.58684,2.7293,0.65707,-0.77129,2.6126,0.62832,-0.69504,2.6816,0.60429,-0.26082,2.7851,0.70419,-0.53159,2.8106,0.69629,-0.78271,2.8239,0.66331,-0.6834,2.8027
0.5408,-0.18923,2.8054,0.54104,-0.14769,2.8573,0.54422,0.13339,2.8929,0.52182,0.3157,2.9032,0.38753,0.012547,2.8714,0.31278,-0.23802,2.8372,0.27871,-0.44597,2.7589,0.27668,-0.52868,2.7326,0.70196,0.055515,2.8858,0.93219,0.11193,2.8859,0.99518,0.32734,2.7975,1.0047,0.39139,2.7769,0.47529,-0.25242,2.7828,0.52027,-0.5784,2.729,0.34734,-0.6268,2.8865,0.42747,-0.64686,2.8188,0.60675,-0.26086,2.7852,0.69712,-0.53717,2.7919,0.7037,-0.78981,2.7936,0.7023,-0.68386,2.7804
0.53526,-0.19785,2.8096,0.53784,-0.1536,2.8607,0.54696,0.13098,2.8938,0.52137,0.3155,2.9033,0.38721,0.013116,2.8721,0.31205,-0.24002,2.8368,0.27758,-0.44966,2.7559,0.27887,-0.53105,2.7323,0.7014,0.055245,2.8858,0.93035,0.10236,2.8864,1.0123,0.28657,2.7967,1.0201,0.36275,2.7703,0.46223,-0.26523,2.7921,0.46352,-0.58504,2.7768,0.5044,-0.83567,2.7614,0.47048,-0.7469,2.7662,0.60222,-0.26829,2.7871,0.67292,-0.57003,2.7922,0.70718,-0.90743,2.826,0.70927,-0.93917,2.7387
0.54226,-0.19156,2.8053,0.5422,-0.15038,2.8574,0.54547,0.13086,2.8936,0.5213,0.31596,2.9027,0.38608,0.011883,2.8729,0.31109,-0.23992,2.8363,0.27715,-0.45829,2.7509,0.27932,-0.52907,2.7324,0.69971,0.055203,2.885,0.93226,0.10498,2.8848,0.98959,0.33876,2.8019,0.99975,0.42999,2.7927,0.48007,-0.25208,2.7778,0.35905,-0.51005,2.8313,0.47199,-0.7294,2.748,0.49339,-0.6267,2.7659,0.60676,-0.26247,2.7879,0.66827,-0.56082,2.7828,0.64141,-0.3082,2.7512,0.64068,-0.41407,2.7619
0.5413,-0.19222,2.8069,0.54178,-0.15048,2.8585,0.54685,0.13061,2.8941,0.52137,0.3161,2.9023,0.38693,0.01225,2.8726,0.31206,-0.23932,2.8374,0.27863,-0.45074,2.7554,0.27822,-0.52975,2.733,0.70492,0.055362,2.8864,0.93395,0.1179,2.8862,0.9283,0.36421,2.8233,0.91499,0.45551,2.8255,0.46958,-0.25897,2.7863,0.48478,-0.61924,2.7547,0.71245,-0.79754,2.8218,0.6366,-0.72551,2.8021,0.60838,-0.26316,2.7878,0.68623,-0.5619,2.7927,0.47352,-0.44161,2.7032,0.53446,-0.51945,2.7427
-0.37406,-0.22245,2.7288,-0.3806,-0.17503,2.7761,-0.39935,0.11185,2.7807,-0.3723,0.29666,2.7662,-0.52702,-0.0011499,2.743,-0.59592,-0.24812,2.7393,-0.61438,-0.46081,2.6751,-0.60519,-0.54879,2.6486,-0.20915,0.034436,2.7689,-0.0037915,0.10604,2.7553,-0.11997,0.30359,2.7421,-0.17731,0.33935,2.7517,-0.44062,-0.30086,2.7099,-0.27023,-0.57686,2.7298,-0.43502,-0.89131,2.7392,-0.41958,-0.8161,2.7155,-0.29703,-0.28635,2.7217,-0.24935,-0.71039,2.7308,-0.24478,-0.97114,2.7597,-0.20837,-1.042,2.7489
-0.35886,-0.21599,2.6856,-0.36701,-0.16673,2.7315,-0.38565,0.12021,2.7294,-0.3629,0.30592,2.7229,-0.51259,0.0073379,2.6998,-0.59863,-0.24082,2.6982,-0.62902,-0.45678,2.6426,-0.63027,-0.52985,2.62,-0.20329,0.03525,2.7291,0.015572,0.090468,2.716,0.12123,0.33116,2.6602,0.15115,0.40457,2.6701,-0.42386,-0.28065,2.6652,-0.45587,-0.60467,2.6726,-0.43123,-0.84765,2.6945,-0.43921,-0.74462,2.6764,-0.28105,-0.28834,2.6828,-0.23026,-0.58346,2.7096,-0.23198,-0.91617,2.7322,-0.22325,-0.94899,2.6475
-0.37507,-0.22298,2.6919,-0.37909,-0.17411,2.7406,-0.38599,0.11586,2.7588,-0.37893,0.30237,2.7513,-0.51659,0.00047968,2.7104,-0.58609,-0.2498,2.6984,-0.60685,-0.47195,2.6327,-0.60276,-0.54172,2.6075,-0.20822,0.033124,2.7394,0.0024118,0.092077,2.7406,-0.094805,0.3143,2.7476,-0.15322,0.34746,2.7516,-0.43706,-0.29147,2.6718,-0.2283,-0.49769,2.5997,-0.41322,-0.65328,2.6345,-0.42055,-0.7529,2.6712,-0.30343,-0.2976,2.679,-0.28285,-0.60151,2.6865,-0.25686,-0.92841,2.7372,-0.21583,-0.99533,2.7419
-0.37681,-0.21631,2.6924,-0.38238,-0.17082,2.7424,-0.3928,0.1146,2.7645,-0.38161,0.29742,2.7549,-0.52089,-0.0021464,2.7172,-0.58159,-0.25517,2.7049,-0.59281,-0.46737,2.6473,-0.58736,-0.54667,2.6179,-0.21958,0.030308,2.7431,-0.012975,0.10323,2.7415,-0.13486,0.30143,2.754,-0.19149,0.33608,2.7628,-0.44341,-0.27702,2.6791,-0.18628,-0.37288,2.5421,-0.43301,-0.60085,2.6464,-0.38431,-0.65877,2.6641,-0.30107,-0.2895,2.6716,-0.25314,-0.64754,2.6939,-0.24073,-0.9673,2.7329,-0.2334,-0.99885,2.6474
-0.37443,-0.22378,2.6935,-0.37981,-0.17725,2.7437,-0.3966,0.11388,2.7679,-0.39234,0.29809,2.7608,-0.53258,-0.0063198,2.7254,-0.58641,-0.25505,2.7092,-0.60289,-0.47607,2.6471,-0.59621,-0.55183,2.6172,-0.2258,0.028689,2.7435,-0.009418,0.09899,2.7447,0.00058132,0.35435,2.7272,0.0057896,0.44209,2.7426,-0.43763,-0.29035,2.6769,-0.21444,-0.47719,2.5654,-0.13912,-0.69096,2.6299,-0.23888,-0.65774,2.6319,-0.29996,-0.29286,2.6752,-0.24884,-0.60597,2.6809,-0.23324,-0.87802,2.7098,-0.22827,-0.90965,2.6241
-0.37314,-0.22026,2.6957,-0.37859,-0.17572,2.7465,-0.39916,0.11388,2.7744,-0.39604,0.29858,2.7695,-0.53573,-0.0058109,2.7304,-0.59263,-0.24525,2.7121,-0.61904,-0.45812,2.6448,-0.61224,-0.5426,2.6232,-0.22807,0.029501,2.749,0.011753,0.10789,2.7404,0.20822,0.29635,2.6778,0.23876,0.35328,2.6821,-0.44034,-0.28735,2.6762,-0.16722,-0.4089,2.5637,-0.4773,-0.45867,2.6622,-0.55872,-0.52665,2.6406,-0.29583,-0.28454,2.6791,-0.28987,-0.59905,2.6941,-0.22632,-0.91934,2.7297,-0.22119,-0.95175,2.6415
-0.37259,-0.2241,2.7004,-0.37725,-0.17881,2.7508,-0.39916,0.11371,2.7813,-0.39601,0.29876,2.7732,-0.53722,-0.0080659,2.7345,-0.59396,-0.24901,2.7142,-0.61779,-0.47301,2.6448,-0.61075,-0.54532,2.6254,-0.22979,0.02872,2.7506,0.0083194,0.101,2.7387,0.18288,0.22267,2.6877,0.26149,0.29617,2.687,-0.4384,-0.29271,2.6815,-0.46022,-0.60948,2.6638,-0.43375,-0.84986,2.6756,-0.40875,-0.77727,2.6968,-0.29741,-0.28976,2.6853,-0.25432,-0.60398,2.6904,-0.23844,-0.90938,2.7228,-0.23415,-0.94165,2.6349
-0.37363,-0.22302,2.7074,-0.37863,-0.17706,2.7573,-0.39382,0.11406,2.7829,-0.3908,0.30249,2.7843,-0.53299,-0.0048603,2.7374,-0.5895,-0.2469,2.7188,-0.61183,-0.47354,2.648,-0.60413,-0.5458,2.6201,-0.2239,0.030254,2.7604,0.0096331,0.098833,2.7403,0.14227,0.33005,2.6934,0.15649,0.40166,2.6997,-0.44035,-0.29101,2.6867,-0.44377,-0.60493,2.6623,-0.34706,-0.82545,2.6854,-0.39205,-0.75707,2.6817,-0.29845,-0.29069,2.6941,-0.23048,-0.59931,2.6881,-0.27233,-0.85372,2.7035,-0.30539,-0.78224,2.6908
-0.38634,-0.21236,2.7166,-0.38845,-0.16735,2.7654,-0.39366,0.11659,2.785,-0.38823,0.30359,2.7852,-0.53219,-0.0035065,2.7429,-0.58621,-0.24751,2.7239,-0.61093,-0.46792,2.6532,-0.59939,-0.54687,2.6222,-0.22014,0.030588,2.7654,0.0033628,0.1016,2.7469,-0.013463,0.35985,2.7351,-0.033084,0.44748,2.7557,-0.46288,-0.27584,2.7018,-0.4986,-0.58383,2.6409,-0.73704,-0.62916,2.6327,-0.63022,-0.62245,2.6418,-0.31093,-0.28468,2.701,-0.26211,-0.60124,2.6969,-0.23847,-0.91053,2.7318,-0.23212,-0.94294,2.6444
-0.38122,-0.21791,2.7146,-0.38483,-0.17133,2.7644,-0.39434,0.11776,2.7859,-0.38805,0.30155,2.7856,-0.53209,-0.00073987,2.7476,-0.58723,-0.25215,2.7254,-0.60866,-0.45887,2.6604,-0.60119,-0.5442,2.6269,-0.2196,0.029822,2.7669,-0.0048205,0.10823,2.7522,-0.10361,0.31084,2.751,-0.16427,0.34023,2.7597,-0.45025,-0.28405,2.6975,-0.48789,-0.59516,2.6992,-0.72578,-0.56981,2.6309,-0.62262,-0.59801,2.6445,-0.30585,-0.29026,2.6979,-0.26091,-0.60044,2.6987,-0.21398,-0.83533,2.7214,-0.28587,-0.8335,2.6871
-0.37178,-0.23115,2.7146,-0.37521,-0.17972,2.7667,-0.38838,0.11325,2.7866,-0.38613,0.30315,2.7886,-0.53052,-0.0083886,2.7453,-0.58883,-0.25506,2.7288,-0.61067,-0.46528,2.6667,-0.60128,-0.54996,2.6328,-0.23308,0.026862,2.76,-0.018313,0.10471,2.7557,-0.17184,0.26592,2.778,-0.22765,0.27279,2.8158,-0.43668,-0.29977,2.6957,-0.48092,-0.60891,2.6784,-0.72237,-0.63993,2.6399,-0.61547,-0.63441,2.6485,-0.30294,-0.29712,2.6979,-0.29676,-0.60932,2.6796,-0.53335,-0.63122,2.7132,-0.43135,-0.63437,2.6797
-0.38933,-0.20653,2.7252,-0.38861,-0.16319,2.7723,-0.3849,0.11429,2.7859,-0.38487,0.3013,2.7902,-0.52841,-0.0075571,2.7441,-0.59089,-0.24474,2.7273,-0.60901,-0.45598,2.6663,-0.60325,-0.52133,2.6355,-0.22952,0.02843,2.7639,-0.017206,0.10295,2.7572,-0.11515,0.29882,2.7683,-0.17808,0.32864,2.7917,-0.47198,-0.257,2.7105,-0.37188,-0.53697,2.6016,-0.55372,-0.69811,2.5886,-0.59005,-0.60239,2.619,-0.31862,-0.28615,2.7141,-0.29023,-0.61069,2.6988,-0.2871,-0.93466,2.7338,-0.28139,-0.96716,2.6469
-0.37679,-0.2195,2.7146,-0.38196,-0.17315,2.7661,-0.39331,0.11453,2.791,-0.38769,0.30071,2.7901,-0.53494,-0.0047279,2.7488,-0.59231,-0.24723,2.7276,-0.6138,-0.48024,2.6426,-0.60171,-0.54805,2.6221,-0.22835,0.028872,2.766,-0.014211,0.099751,2.7585,-0.018348,0.368,2.7573,-0.018347,0.45028,2.7777,-0.43544,-0.28538,2.6877,-0.47703,-0.59482,2.6849,-0.42616,-0.35783,2.6967,-0.44154,-0.46256,2.6826,-0.30554,-0.28984,2.7022,-0.28167,-0.60072,2.7093,-0.32811,-0.84058,2.7014,-0.396,-0.795,2.6848
-0.37329,-0.22284,2.7131,-0.37928,-0.17687,2.7649,-0.39711,0.11471,2.7948,-0.39075,0.30066,2.7903,-0.53694,-0.004682,2.7481,-0.59572,-0.24458,2.7255,-0.61586,-0.47591,2.6424,-0.61003,-0.54874,2.6205,-0.23077,0.028779,2.7675,-0.010098,0.10214,2.7606,0.1131,0.35069,2.723,0.14697,0.43925,2.7346,-0.43496,-0.29059,2.6882,-0.27674,-0.55995,2.6401,-0.42684,-0.77137,2.6917,-0.39986,-0.70335,2.7216,-0.29805,-0.29135,2.6986,-0.26794,-0.60398,2.7052,-0.24017,-0.92816,2.7442,-0.23477,-0.96014,2.657
-0.37901,-0.22199,2.7121,-0.38553,-0.17675,2.7639,-0.41078,0.11588,2.7966,-0.39922,0.30058,2.7961,-0.54032,-0.002274,2.749,-0.59916,-0.24325,2.7258,-0.62075,-0.47058,2.6406,-0.61328,-0.54333,2.624,-0.23377,0.02871,2.7687,-0.0010483,0.11184,2.7587,0.17184,0.22509,2.7164,0.28142,0.30599,2.7239,-0.4441,-0.28655,2.6889,-0.42327,-0.62189,2.6887,-0.48278,-0.85893,2.644,-0.41834,-0.79322,2.6903,-0.30227,-0.29025,2.6968,-0.25926,-0.60099,2.7039,-0.2882,-0.84307,2.7104,-0.24848,-0.93721,2.7406
-0.381,-0.22261,2.7128,-0.38673,-0.17738,2.7642,-0.40866,0.11498,2.7957,-0.40328,0.29988,2.7952,-0.54079,-0.0024725,2.7486,-0.59963,-0.24603,2.7256,-0.62082,-0.47359,2.64,-0.61292,-0.55986,2.6172,-0.23675,0.028623,2.7687,-0.0022676,0.099818,2.7553,0.17765,0.21407,2.7214,0.26731,0.27926,2.7133,-0.44332,-0.28503,2.6895,-0.46117,-0.6054,2.6809,-0.48448,-0.84805,2.6831,-0.40939,-0.83635,2.7041,-0.30879,-0.29275,2.7,-0.26494,-0.60342,2.7037,-0.25173,-0.87968,2.728,-0.246,-0.91152,2.641
-0.38272,-0.21596,2.7128,-0.38924,-0.17258,2.7647,-0.41162,0.11555,2.7963,-0.40229,0.30088,2.7946,-0.53968,-0.0019509,2.7475,-0.60091,-0.2416,2.726,-0.62075,-0.47278,2.6386,-0.61199,-0.54902,2.6188,-0.23722,0.028082,2.7688,-0.00046825,0.098207,2.7556,0.18833,0.27181,2.712,0.23403,0.34876,2.7146,-0.44544,-0.27427,2.6893,-0.47544,-0.58493,2.6786,-0.45954,-0.81585,2.7345,-0.45339,-0.84759,2.6477,-0.30711,-0.28508,2.6962,-0.39123,-0.58461,2.6602,-0.35978,-0.8398,2.7106,-0.29509,-0.92274,2.7275
-0.3804,-0.21906,2.7131,-0.38709,-0.17487,2.7651,-0.4092,0.11498,2.7985,-0.39978,0.30011,2.7929,-0.54019,-0.0023629,2.7484,-0.60066,-0.24222,2.7261,-0.61956,-0.4774,2.6349,-0.61138,-0.55135,2.6145,-0.23656,0.028026,2.7693,-0.0037876,0.093726,2.7603,0.093424,0.35472,2.7259,0.11841,0.44185,2.7327,-0.44257,-0.28139,2.6906,-0.42529,-0.5931,2.6995,-0.45303,-0.83492,2.6619,-0.4396,-0.72998,2.6622,-0.30428,-0.29016,2.6963,-0.23461,-0.59482,2.6989,-0.23661,-0.91969,2.7348,-0.23071,-0.95121,2.6486
-0.37497,-0.22642,2.7169,-0.38189,-0.18058,2.7682,-0.40443,0.1132,2.8003,-0.3975,0.29935,2.7942,-0.53448,-0.01743,2.7433,-0.59861,-0.24462,2.725,-0.61439,-0.47255,2.6376,-0.60067,-0.55276,2.6092,-0.23582,0.026823,2.7684,-0.010396,0.097244,2.763,-0.055742,0.31118,2.7519,-0.090955,0.39189,2.7788,-0.44078,-0.28707,2.6951,-0.48838,-0.59488,2.7079,-0.67364,-0.72773,2.5997,-0.59072,-0.66527,2.6211,-0.29633,-0.29786,2.7014,-0.22477,-0.60095,2.7147,-0.22552,-0.92708,2.7416,-0.2194,-0.9587,2.6553
-0.37991,-0.21653,2.7188,-0.38452,-0.17378,2.7699,-0.40145,0.11303,2.8009,-0.39326,0.29234,2.7914,-0.54078,-0.014681,2.7513,-0.59344,-0.25443,2.7244,-0.60771,-0.45692,2.6492,-0.59915,-0.54177,2.6143,-0.23369,0.028076,2.7713,-0.015956,0.1008,2.765,-0.12883,0.30295,2.7577,-0.18815,0.33421,2.7742,-0.44538,-0.27811,2.706,-0.33175,-0.56921,2.6929,-0.54207,-0.44694,2.6871,-0.48909,-0.53521,2.6604,-0.30814,-0.28503,2.693,-0.24318,-0.59222,2.7065,-0.2442,-0.86509,2.7204,-0.23942,-0.89686,2.6336
-0.38551,-0.20842,2.7227,-0.38857,-0.16616,2.7731,-0.39699,0.11187,2.8001,-0.39523,0.29079,2.7914,-0.54269,-0.013552,2.7532,-0.58859,-0.25174,2.726,-0.60217,-0.47211,2.6456,-0.59321,-0.55713,2.6128,-0.23288,0.028602,2.7731,-0.016007,0.10239,2.7653,-0.11494,0.30495,2.7455,-0.16832,0.3432,2.7638,-0.44669,-0.27952,2.7027,-0.24663,-0.50099,2.5995,-0.33963,-0.72531,2.5894,-0.41541,-0.6552,2.6141,-0.31376,-0.28081,2.6997,-0.26559,-0.62999,2.6982,-0.2693,-0.89335,2.7347,-0.26449,-0.9251,2.6481
-0.38232,-0.21802,2.7202,-0.38676,-0.17352,2.7715,-0.39916,0.11195,2.8007,-0.40136,0.29546,2.7965,-0.54247,-0.013319,2.7543,-0.58688,-0.2474,2.7281,-0.60512,-0.47238,2.6454,-0.59321,-0.54885,2.6134,-0.23606,0.027477,2.7737,-0.017425,0.10107,2.7675,-0.035201,0.35615,2.7369,-0.059607,0.4428,2.7496,-0.44405,-0.27758,2.6981,-0.23556,-0.50347,2.6318,-0.45016,-0.61396,2.6673,-0.42397,-0.68775,2.6729,-0.30999,-0.29278,2.7042,-0.25981,-0.64857,2.7073,-0.24361,-0.97217,2.7401,-0.23883,-1.0039,2.6535
-0.37756,-0.22027,2.7174,-0.38401,-0.17581,2.7693,-0.40513,0.11204,2.8023,-0.40343,0.29933,2.8003,-0.5425,-0.008847,2.7568,-0.59228,-0.25291,2.7281,-0.6084,-0.47764,2.6424,-0.59859,-0.55277,2.613,-0.237,0.0272,2.7768,-0.014135,0.099967,2.7685,0.085752,0.35193,2.6936,0.10744,0.42816,2.6983,-0.43669,-0.28269,2.6957,-0.45105,-0.62126,2.6854,-0.40225,-0.85902,2.6883,-0.40873,-0.76669,2.6879,-0.30501,-0.29071,2.7003,-0.24947,-0.59644,2.7032,-0.23355,-0.92178,2.7348,-0.22831,-0.95353,2.648
-0.38016,-0.22005,2.7204,-0.38574,-0.17582,2.772,-0.40526,0.11222,2.8043,-0.40665,0.29999,2.8037,-0.54318,-0.00998,2.7579,-0.59438,-0.2504,2.728,-0.6104,-0.47919,2.6415,-0.60353,-0.55364,2.6065,-0.23907,0.026723,2.7777,-0.0066013,0.098629,2.7662,0.13887,0.32329,2.6781,0.1733,0.38113,2.6667,-0.44107,-0.2806,2.7001,-0.48693,-0.59645,2.6936,-0.42428,-0.83096,2.6802,-0.34165,-0.76334,2.6783,-0.3087,-0.29027,2.7026,-0.23674,-0.59226,2.7017,-0.22578,-0.91524,2.7394,-0.22059,-0.9471,2.6523
-0.38257,-0.22016,2.7242,-0.38793,-0.17568,2.775,-0.40547,0.11215,2.8043,-0.40639,0.30104,2.8069,-0.54252,-0.0097026,2.7593,-0.59802,-0.24514,2.7313,-0.61333,-0.47504,2.6488,-0.60334,-0.55806,2.61,-0.23963,0.027164,2.7812,-0.0027759,0.09846,2.765,0.16162,0.30737,2.6705,0.20497,0.35902,2.6609,-0.44541,-0.28162,2.7051,-0.35554,-0.65667,2.6545,-0.51891,-0.4879,2.6917,-0.58376,-0.55973,2.647,-0.31059,-0.28978,2.7073,-0.24144,-0.60552,2.714,-0.2492,-0.86285,2.7252,-0.24336,-0.8947,2.6383
-0.38857,-0.22571,2.731,-0.39123,-0.17995,2.7801,-0.40342,0.11139,2.8063,-0.40621,0.30049,2.8082,-0.54401,-0.012627,2.7634,-0.59633,-0.25625,2.7333,-0.61124,-0.47618,2.6528,-0.59912,-0.55837,2.6196,-0.23584,0.028785,2.7871,-0.0011112,0.096097,2.7661,0.13295,0.32928,2.687,0.15881,0.39221,2.687,-0.46278,-0.28251,2.721,-0.52815,-0.58452,2.6926,-0.41141,-0.79567,2.687,-0.42196,-0.68994,2.6771,-0.31638,-0.2997,2.7135,-0.26605,-0.60506,2.7048,-0.23989,-0.92669,2.7368,-0.23381,-0.95872,2.6499
-0.38059,-0.22367,2.7254,-0.3865,-0.17924,2.7772,-0.40384,0.1122,2.8083,-0.40519,0.3005,2.8101,-0.54259,-0.011073,2.7652,-0.59462,-0.25264,2.7372,-0.60995,-0.47374,2.6568,-0.59831,-0.55586,2.6215,-0.23547,0.029057,2.7882,-0.0046516,0.095393,2.7693,0.016777,0.35198,2.7445,0.022875,0.44122,2.7518,-0.44553,-0.29039,2.7032,-0.50217,-0.7044,2.7301,-0.4106,-0.49883,2.6196,-0.42945,-0.59869,2.6523,-0.30417,-0.29016,2.7074,-0.28889,-0.61916,2.711,-0.21614,-0.93335,2.7441,-0.25256,-1.0032,2.7486
-0.38505,-0.21986,2.7321,-0.38818,-0.17633,2.7818,-0.39783,0.1106,2.808,-0.40361,0.29798,2.8104,-0.54229,-0.012636,2.7665,-0.59303,-0.25601,2.7385,-0.60293,-0.47778,2.6572,-0.60051,-0.54998,2.6232,-0.23391,0.028774,2.7886,-0.010641,0.095877,2.7727,-0.078495,0.30674,2.7629,-0.10838,0.38639,2.7985,-0.45837,-0.27681,2.7153,-0.48963,-0.5963,2.6982,-0.69921,-0.49342,2.6146,-0.62189,-0.56603,2.6267,-0.30774,-0.29426,2.7138,-0.25695,-0.60193,2.7081,-0.2499,-0.91523,2.7488,-0.2443,-0.94723,2.6619
-0.37661,-0.22985,2.73,-0.38046,-0.18387,2.7822,-0.39046,0.10436,2.8123,-0.39636,0.29375,2.8097,-0.54177,-0.014101,2.7662,-0.59261,-0.26073,2.7402,-0.60438,-0.4763,2.6591,-0.59393,-0.54778,2.6283,-0.23899,0.026761,2.7854,-0.019943,0.098936,2.7742,-0.17347,0.2776,2.8034,-0.23363,0.30926,2.8511,-0.44044,-0.3006,2.7051,-0.47966,-0.60654,2.6928,-0.39369,-0.83185,2.6847,-0.43145,-0.76277,2.6863,-0.30914,-0.2905,2.7144,-0.26589,-0.6149,2.7131,-0.22989,-0.93585,2.7412,-0.22511,-0.96769,2.6544
-0.39268,-0.20987,2.7367,-0.39337,-0.1686,2.7871,-0.39358,0.10739,2.8131,-0.39533,0.29487,2.8114,-0.54304,-0.013313,2.7684,-0.59123,-0.255,2.7437,-0.60774,-0.47659,2.658,-0.59482,-0.54947,2.6289,-0.23994,0.025834,2.7854,-0.02337,0.098097,2.775,-0.15288,0.28914,2.7946,-0.20311,0.31954,2.8289,-0.46394,-0.2635,2.716,-0.4372,-0.63473,2.6717,-0.37898,-0.86176,2.7056,-0.4432,-0.81746,2.6966,-0.31898,-0.28738,2.7197,-0.25984,-0.61976,2.6967,-0.23574,-0.93672,2.747,-0.29549,-1.0171,2.7485
-0.38752,-0.21601,2.7353,-0.39211,-0.17226,2.7866,-0.40002,0.11099,2.8162,-0.39873,0.29456,2.8122,-0.54371,-0.011055,2.7703,-0.59188,-0.2547,2.7439,-0.60284,-0.47691,2.6589,-0.59668,-0.55549,2.6285,-0.23403,0.029754,2.7943,-0.018856,0.094443,2.7799,-0.044092,0.30428,2.763,-0.071453,0.38645,2.7933,-0.45458,-0.27985,2.7138,-0.48563,-0.59646,2.696,-0.40238,-0.8491,2.726,-0.43681,-0.79187,2.6848,-0.31191,-0.2905,2.7173,-0.23328,-0.58705,2.7144,-0.27151,-0.88188,2.7206,-0.31992,-0.82027,2.7163
-0.38209,-0.22061,2.7316,-0.38769,-0.17625,2.7832,-0.4029,0.11127,2.815,-0.4022,0.29719,2.815,-0.54508,-0.011764,2.7721,-0.59337,-0.25445,2.7438,-0.60751,-0.47861,2.6616,-0.59907,-0.55279,2.6329,-0.23488,0.029437,2.7966,-0.013227,0.09582,2.7811,0.058011,0.34858,2.7295,0.061895,0.43902,2.7445,-0.45018,-0.28347,2.7114,-0.49151,-0.58646,2.6735,-0.368,-0.78913,2.6925,-0.41691,-0.69565,2.6799,-0.30515,-0.29303,2.7133,-0.23802,-0.59231,2.7146,-0.22564,-0.91459,2.7389,-0.21959,-0.94626,2.6524
-0.47963,-0.2522,2.0768,-0.49538,-0.19866,2.1324,-0.51986,0.13813,2.1588,-0.49091,0.32547,2.162,-0.6291,0.015761,2.1004,-0.70072,-0.23545,2.088,-0.70495,-0.43691,2.0111,-0.69824,-0.52045,1.9971,-0.34495,0.051967,2.1664,-0.12913,0.09323,2.1434,-0.1422,0.29905,2.1213,-0.16969,0.3768,2.1418,-0.53696,-0.32403,2.0488,-0.55411,-0.65882,2.0649,-0.53186,-0.97776,2.1042,-0.51431,-1.007,2.0254,-0.40871,-0.30786,2.074,-0.3908,-0.70235,2.0772,-0.38618,-0.96838,2.1046,-0.36866,-0.99454,2.025
-0.47096,-0.25271,2.0721,-0.48881,-0.19919,2.1283,-0.51915,0.14136,2.1568,-0.489,0.32646,2.157,-0.62627,0.018808,2.0926,-0.70019,-0.23295,2.0769,-0.70848,-0.43319,2.0049,-0.70021,-0.51503,1.983,-0.34245,0.055601,2.1636,-0.1236,0.087206,2.1434,-0.069472,0.28883,2.1055,-0.058298,0.37164,2.1218,-0.52707,-0.32195,2.0425,-0.55175,-0.65454,2.052,-0.53245,-0.94135,2.0912,-0.51309,-0.97143,2.01,-0.39843,-0.31147,2.0705,-0.39317,-0.63059,2.0611,-0.39221,-0.93608,2.0855,-0.37285,-0.96616,2.0043
-0.47655,-0.25488,2.0829,-0.49472,-0.20164,2.139,-0.5287,0.13846,2.1678,-0.49513,0.32531,2.1713,-0.62698,0.012532,2.1019,-0.70253,-0.23965,2.0949,-0.70514,-0.4356,2.0219,-0.69789,-0.52131,1.9961,-0.3517,0.052641,2.1718,-0.13591,0.081705,2.1476,-0.29952,0.27278,2.166,-0.34084,0.31251,2.1994,-0.53148,-0.32162,2.055,-0.55419,-0.70779,2.0758,-0.68404,-0.48907,2.0099,-0.643,-0.58186,2.0271,-0.40585,-0.31217,2.0808,-0.39657,-0.62537,2.0753,-0.37582,-0.94977,2.1112,-0.35633,-0.98008,2.0293
-0.48227,-0.25399,2.0892,-0.50026,-0.20131,2.1456,-0.53781,0.13709,2.1748,-0.51144,0.32065,2.1783,-0.64097,0.013385,2.1131,-0.70498,-0.2415,2.0989,-0.70542,-0.43683,2.0235,-0.69798,-0.52331,2.0003,-0.35568,0.053427,2.1808,-0.1338,0.10009,2.1617,-0.093703,0.301,2.1388,-0.079877,0.38813,2.1559,-0.53798,-0.32177,2.0616,-0.55475,-0.71164,2.0833,-0.53822,-0.96655,2.1086,-0.52025,-0.99252,2.0249,-0.40896,-0.3125,2.0852,-0.38808,-0.62446,2.0764,-0.4055,-0.9514,2.1152,-0.38708,-0.98191,2.0325
-0.48425,-0.25552,2.0901,-0.50353,-0.20249,2.1462,-0.54201,0.13811,2.1754,-0.51612,0.32106,2.1807,-0.64465,0.013441,2.1119,-0.70965,-0.24335,2.0975,-0.70998,-0.43906,2.0213,-0.6996,-0.52746,1.9975,-0.36244,0.053568,2.1864,-0.12922,0.0876,2.1697,0.027522,0.28189,2.128,0.07766,0.35321,2.136,-0.53914,-0.32285,2.0614,-0.55854,-0.66319,2.0705,-0.54467,-0.96154,2.1086,-0.52422,-0.9921,2.026,-0.41169,-0.31462,2.0874,-0.40542,-0.62832,2.081,-0.37537,-0.95312,2.1204,-0.35492,-0.98369,2.0378
-0.48891,-0.25548,2.0822,-0.5103,-0.20182,2.1373,-0.54711,0.13982,2.1628,-0.52499,0.32078,2.1727,-0.65244,0.014432,2.0979,-0.72162,-0.23967,2.0759,-0.71969,-0.44422,2.0017,-0.70767,-0.52581,1.9763,-0.36948,0.054479,2.1842,-0.14078,0.079418,2.1742,0.016239,0.28844,2.1423,0.041418,0.36144,2.1522,-0.54343,-0.32283,2.0496,-0.56036,-0.70215,2.0679,-0.5352,-0.95939,2.0908,-0.51147,-0.99011,2.0085,-0.41578,-0.3156,2.0839,-0.4107,-0.62821,2.0744,-0.38261,-0.95154,2.11,-0.35888,-0.98226,2.0277
-0.48976,-0.25573,2.0788,-0.5116,-0.20213,2.1339,-0.5483,0.13971,2.1596,-0.52549,0.32143,2.1705,-0.65292,0.013373,2.0943,-0.72359,-0.23703,2.0686,-0.72112,-0.44006,1.9828,-0.71057,-0.52286,1.9586,-0.37043,0.054162,2.1834,-0.15406,0.077741,2.1771,-0.10416,0.29673,2.148,-0.10152,0.38905,2.162,-0.5438,-0.3232,2.0464,-0.56725,-0.69835,2.0648,-0.55481,-0.96057,2.0834,-0.53047,-0.99117,2.0016,-0.41692,-0.31586,2.0803,-0.41473,-0.62708,2.0716,-0.38305,-0.95019,2.1116,-0.35871,-0.9808,2.0298
-0.49044,-0.25517,2.0784,-0.51225,-0.20171,2.1336,-0.54946,0.13975,2.1593,-0.52281,0.31924,2.1691,-0.65223,0.012889,2.0941,-0.72312,-0.23747,2.0686,-0.71976,-0.43712,1.9851,-0.70747,-0.52142,1.9568,-0.37033,0.054182,2.1827,-0.16338,0.086231,2.1707,-0.24679,0.28053,2.1629,-0.31084,0.32711,2.1843,-0.54473,-0.32249,2.0465,-0.56404,-0.69819,2.068,-0.5577,-0.96061,2.0888,-0.53341,-0.9913,2.0067,-0.41758,-0.31525,2.0795,-0.4045,-0.61681,2.068,-0.38974,-0.94979,2.1163,-0.36546,-0.98047,2.0342
-0.49057,-0.25253,2.0795,-0.51232,-0.20024,2.1344,-0.54805,0.13783,2.1599,-0.5192,0.32081,2.1714,-0.64397,0.013266,2.0943,-0.71686,-0.23789,2.0779,-0.71422,-0.43433,2.0037,-0.70259,-0.52311,1.9752,-0.36991,0.053862,2.1815,-0.16738,0.089557,2.1649,-0.332,0.23315,2.182,-0.38995,0.27955,2.2203,-0.54413,-0.31741,2.0474,-0.55783,-0.61776,2.0572,-0.53751,-0.95154,2.1064,-0.51305,-0.98214,2.0245,-0.41872,-0.31184,2.0816,-0.409,-0.62223,2.0709,-0.37755,-0.94568,2.1203,-0.35309,-0.97627,2.0385
-0.49001,-0.25225,2.0811,-0.51159,-0.20007,2.1361,-0.5482,0.13731,2.1623,-0.5163,0.32054,2.1732,-0.64203,0.011263,2.0963,-0.71199,-0.24008,2.0852,-0.7107,-0.43846,2.0191,-0.70185,-0.5285,1.9956,-0.36914,0.053502,2.1814,-0.16785,0.0937,2.1641,-0.26158,0.27603,2.1642,-0.32755,0.33601,2.1923,-0.54348,-0.31784,2.0507,-0.56126,-0.61695,2.0592,-0.55671,-0.9547,2.0959,-0.53286,-0.98528,2.0139,-0.41769,-0.31069,2.0823,-0.40194,-0.62253,2.074,-0.38194,-0.94728,2.1122,-0.35808,-0.97786,2.0302
-0.49308,-0.25231,2.0867,-0.51248,-0.19974,2.142,-0.54772,0.1367,2.1668,-0.51884,0.31916,2.1729,-0.65094,0.013249,2.1063,-0.70967,-0.24191,2.0907,-0.70851,-0.43978,2.023,-0.70044,-0.5301,2.0025,-0.36751,0.053871,2.1833,-0.14755,0.10775,2.1653,-0.15341,0.31234,2.1358,-0.17311,0.40221,2.149,-0.54892,-0.32008,2.0579,-0.56301,-0.62205,2.0617,-0.53782,-0.95146,2.1121,-0.51665,-0.98219,2.0294,-0.41983,-0.31184,2.0855,-0.41579,-0.62983,2.0787,-0.36188,-0.94028,2.1279,-0.34071,-0.97101,2.0452
-0.4936,-0.25241,2.0888,-0.51244,-0.19992,2.1444,-0.54783,0.13663,2.1704,-0.51995,0.31948,2.1746,-0.65414,0.013075,2.1108,-0.70902,-0.24297,2.0926,-0.70735,-0.44011,2.0213,-0.69927,-0.52978,1.9996,-0.36731,0.053741,2.1854,-0.1426,0.11089,2.1645,-0.065208,0.33423,2.1179,-0.045388,0.42389,2.1299,-0.54936,-0.3207,2.0596,-0.56509,-0.62275,2.064,-0.54572,-0.95423,2.1005,-0.52542,-0.98498,2.0175,-0.42027,-0.31227,2.0872,-0.40486,-0.62152,2.0808,-0.3824,-0.94683,2.1132,-0.36209,-0.97758,2.0302
-0.49262,-0.25431,2.0916,-0.51199,-0.20178,2.1475,-0.54864,0.13623,2.1755,-0.52217,0.31963,2.1782,-0.65403,0.011637,2.1124,-0.70973,-0.2427,2.0935,-0.70792,-0.43964,2.0205,-0.69986,-0.52871,1.9961,-0.36779,0.053099,2.1887,-0.13284,0.10632,2.1631,0.022119,0.29219,2.0772,0.07672,0.35208,2.0688,-0.54792,-0.32273,2.0622,-0.56567,-0.62526,2.066,-0.5476,-0.9545,2.1065,-0.52687,-0.98525,2.0235,-0.41907,-0.31393,2.0897,-0.40985,-0.62695,2.0821,-0.37243,-0.94689,2.1116,-0.3517,-0.97764,2.0286
-0.49225,-0.25446,2.0938,-0.51212,-0.20195,2.1496,-0.54938,0.13644,2.1782,-0.52291,0.32032,2.1817,-0.65402,0.012683,2.1136,-0.71178,-0.24264,2.096,-0.70979,-0.44005,2.0228,-0.70047,-0.53004,1.9971,-0.36859,0.053058,2.1917,-0.12935,0.089504,2.1601,0.066068,0.24936,2.0628,0.12657,0.29018,2.0549,-0.54724,-0.32283,2.0634,-0.56414,-0.62651,2.0684,-0.53957,-0.95372,2.1079,-0.51823,-0.98448,2.0248,-0.4187,-0.31406,2.0928,-0.39882,-0.62942,2.0851,-0.37247,-0.94453,2.1271,-0.35113,-0.97529,2.0441
-0.49243,-0.2549,2.0948,-0.51231,-0.20214,2.1507,-0.54943,0.13715,2.1793,-0.52265,0.32082,2.1835,-0.6538,0.014194,2.1145,-0.71373,-0.24214,2.0979,-0.71351,-0.44096,2.028,-0.70425,-0.53217,2.0043,-0.36861,0.052943,2.192,-0.12913,0.086864,2.1606,0.042588,0.2715,2.0681,0.083894,0.33507,2.0647,-0.54738,-0.32307,2.0642,-0.56998,-0.69875,2.0853,-0.56515,-0.9603,2.0988,-0.54418,-0.98874,2.0151,-0.41901,-0.31479,2.0943,-0.40891,-0.63097,2.086,-0.37534,-0.94645,2.122,-0.35397,-0.97726,2.0388
-0.4924,-0.25505,2.0959,-0.51229,-0.20211,2.1517,-0.54871,0.13739,2.1799,-0.52263,0.32175,2.1856,-0.65321,0.014314,2.1145,-0.71424,-0.24211,2.0995,-0.71467,-0.44155,2.031,-0.70502,-0.53285,2.0072,-0.36826,0.053208,2.1926,-0.13724,0.081494,2.1672,-0.064417,0.30526,2.1041,-0.030927,0.40973,2.102,-0.54743,-0.32315,2.065,-0.56587,-0.69954,2.0857,-0.54517,-0.95932,2.1079,-0.5252,-0.98835,2.0234,-0.41908,-0.31516,2.0957,-0.41113,-0.62739,2.0855,-0.37181,-0.94683,2.1229,-0.35024,-0.97768,2.0397
-0.49274,-0.25495,2.0964,-0.51256,-0.20196,2.1522,-0.54894,0.13761,2.1801,-0.52233,0.32161,2.1859,-0.653,0.013398,2.115,-0.71313,-0.24172,2.1005,-0.71363,-0.44093,2.0304,-0.70442,-0.53187,2.0067,-0.36788,0.053046,2.1929,-0.14165,0.098412,2.1671,-0.21268,0.30293,2.1549,-0.27097,0.37367,2.1777,-0.54795,-0.3232,2.0659,-0.56666,-0.70077,2.0854,-0.55264,-0.96197,2.1035,-0.53208,-0.99065,2.0193,-0.41926,-0.31505,2.096,-0.4081,-0.62125,2.0846,-0.37771,-0.94877,2.1228,-0.35622,-0.97964,2.0395
-0.49113,-0.25372,2.0962,-0.51192,-0.20128,2.1519,-0.55098,0.13741,2.1796,-0.51965,0.32349,2.1876,-0.64883,0.0097063,2.1129,-0.71176,-0.24249,2.1003,-0.71018,-0.44047,2.0268,-0.69808,-0.531,2.0024,-0.36921,0.054528,2.1932,-0.16454,0.10722,2.1695,-0.32249,0.26751,2.1969,-0.39621,0.30374,2.2438,-0.54488,-0.321,2.0656,-0.55609,-0.69919,2.0846,-0.5563,-0.95973,2.1099,-0.5342,-0.98827,2.026,-0.41717,-0.31178,2.0959,-0.40186,-0.62457,2.0843,-0.37562,-0.9479,2.1137,-0.35351,-0.97882,2.0304
-0.49225,-0.25232,2.0958,-0.51274,-0.20038,2.1515,-0.55047,0.1369,2.1794,-0.52195,0.32288,2.1859,-0.64463,0.011329,2.1119,-0.71134,-0.24313,2.1001,-0.70627,-0.44028,2.025,-0.69725,-0.531,2.0011,-0.37117,0.054049,2.1912,-0.16917,0.098351,2.1688,-0.32283,0.23388,2.1842,-0.38925,0.27847,2.234,-0.54602,-0.31764,2.0648,-0.56368,-0.61575,2.0703,-0.56097,-0.95116,2.1139,-0.5386,-0.98205,2.0306,-0.42046,-0.30939,2.0958,-0.40639,-0.61812,2.0842,-0.37532,-0.94388,2.1183,-0.35295,-0.97477,2.035
-0.49324,-0.25239,2.0955,-0.51377,-0.20039,2.1513,-0.55198,0.13678,2.1791,-0.52327,0.31783,2.1831,-0.64659,0.0093248,2.1112,-0.71171,-0.24341,2.0994,-0.70732,-0.44028,2.0242,-0.69808,-0.53069,2.0004,-0.37237,0.054022,2.1911,-0.17043,0.097353,2.1691,-0.2674,0.27802,2.1812,-0.32085,0.34879,2.2122,-0.54697,-0.31829,2.0648,-0.56395,-0.62035,2.0705,-0.55022,-0.94992,2.1141,-0.52791,-0.98074,2.031,-0.42124,-0.30909,2.0951,-0.40808,-0.62097,2.084,-0.37824,-0.94296,2.114,-0.35593,-0.97378,2.0309
-0.49525,-0.25274,2.0951,-0.5149,-0.20045,2.1511,-0.55212,0.13693,2.1791,-0.52911,0.31866,2.1831,-0.6539,0.010466,2.1135,-0.71386,-0.2437,2.0972,-0.71049,-0.44002,2.0202,-0.69995,-0.53023,1.9976,-0.37277,0.053894,2.192,-0.15133,0.12108,2.1705,-0.14159,0.32693,2.1438,-0.13807,0.41975,2.1554,-0.55026,-0.31972,2.0645,-0.56318,-0.62355,2.0703,-0.56382,-0.95322,2.1033,-0.54224,-0.98407,2.02,-0.42299,-0.31097,2.0943,-0.40879,-0.62045,2.0836,-0.43217,-0.9471,2.0953,-0.41059,-0.97794,2.012
-0.49551,-0.25245,2.0954,-0.51551,-0.20017,2.1513,-0.5527,0.13708,2.1796,-0.53201,0.32002,2.1844,-0.65561,0.010882,2.1141,-0.71481,-0.24363,2.0962,-0.71148,-0.43952,2.0177,-0.7007,-0.52939,1.9948,-0.3739,0.055122,2.194,-0.13675,0.12632,2.1689,-0.046111,0.34289,2.1194,-0.00069123,0.42417,2.1122,-0.55006,-0.32003,2.0642,-0.56386,-0.62369,2.0706,-0.57113,-0.95349,2.0994,-0.54927,-0.98434,2.0161,-0.42264,-0.31126,2.095,-0.41018,-0.61683,2.0837,-0.37541,-0.94114,2.124,-0.35355,-0.97199,2.0407
-0.49588,-0.25263,2.0956,-0.51634,-0.2004,2.1514,-0.55342,0.13683,2.18,-0.53289,0.32027,2.1852,-0.65635,0.010472,2.1141,-0.7157,-0.24329,2.0958,-0.71181,-0.43952,2.0171,-0.70088,-0.52928,1.992,-0.37603,0.056498,2.1969,-0.13182,0.12588,2.1648,0.050588,0.28766,2.0865,0.12916,0.34868,2.0692,-0.55018,-0.3202,2.0642,-0.56469,-0.6186,2.0687,-0.55338,-0.95034,2.1115,-0.53083,-0.98117,2.0284,-0.42316,-0.31174,2.0956,-0.40846,-0.62071,2.0836,-0.39506,-0.94491,2.1123,-0.37251,-0.97574,2.0292
-0.49563,-0.25355,2.0963,-0.516,-0.20111,2.1521,-0.55415,0.13665,2.1809,-0.53389,0.32043,2.1866,-0.65897,0.009521,2.1155,-0.71628,-0.24402,2.0956,-0.71103,-0.44087,2.0173,-0.70062,-0.53126,1.993,-0.37627,0.055716,2.1969,-0.12749,0.11943,2.153,0.10037,0.24167,2.0857,0.176,0.26874,2.0851,-0.5498,-0.32187,2.065,-0.5651,-0.62623,2.0711,-0.55918,-0.95255,2.1014,-0.53714,-0.9834,2.0182,-0.42249,-0.31277,2.0963,-0.40905,-0.62226,2.0844,-0.4045,-0.94327,2.1187,-0.38246,-0.97412,2.0354
-0.49573,-0.25415,2.0968,-0.51593,-0.20156,2.1526,-0.55364,0.13683,2.1819,-0.53479,0.32097,2.1887,-0.65972,0.0095452,2.1164,-0.71665,-0.24429,2.0957,-0.71224,-0.44206,2.0189,-0.70129,-0.52669,1.9952,-0.37593,0.05561,2.1973,-0.12802,0.11813,2.1544,0.052208,0.2854,2.0936,0.10588,0.35604,2.0873,-0.54997,-0.32254,2.0656,-0.56536,-0.62849,2.0721,-0.55506,-0.9506,2.1134,-0.5332,-0.98148,2.03,-0.42257,-0.31366,2.0966,-0.40998,-0.62874,2.0861,-0.38432,-0.94379,2.1154,-0.36246,-0.97467,2.0321
-0.49513,-0.25468,2.0971,-0.51541,-0.202,2.153,-0.55358,0.13686,2.1825,-0.53406,0.32109,2.189,-0.65908,0.010317,2.1172,-0.71672,-0.2447,2.0959,-0.71345,-0.44284,2.0197,-0.70307,-0.53353,1.9945,-0.37518,0.055131,2.1973,-0.14333,0.11754,2.1634,-0.067503,0.34154,2.1222,-0.034622,0.43006,2.1294,-0.5494,-0.32318,2.066,-0.56551,-0.65055,2.0746,-0.55678,-0.95187,2.1118,-0.53503,-0.98277,2.0284,-0.42171,-0.3141,2.0965,-0.41049,-0.62834,2.0862,-0.37838,-0.94344,2.117,-0.35663,-0.97434,2.0335
-0.49537,-0.25521,2.0972,-0.51523,-0.20235,2.1533,-0.55316,0.13716,2.1832,-0.53258,0.32081,2.1882,-0.65762,0.01065,2.1177,-0.71502,-0.24504,2.0971,-0.712,-0.44401,2.023,-0.70344,-0.53483,1.9979,-0.37305,0.054109,2.1959,-0.14405,0.1226,2.1625,-0.21532,0.31805,2.1583,-0.2699,0.39012,2.1862,-0.55008,-0.3235,2.0668,-0.56768,-0.69551,2.0858,-0.56283,-0.95512,2.1147,-0.54232,-0.98473,2.0295,-0.42222,-0.31476,2.0958,-0.41127,-0.63511,2.0876,-0.39085,-0.94728,2.11,-0.36957,-0.97816,2.0265
-0.49401,-0.25378,2.0967,-0.51468,-0.20176,2.1528,-0.55257,0.13611,2.1824,-0.52402,0.32279,2.1912,-0.64377,0.0063456,2.1132,-0.71159,-0.24683,2.0982,-0.70671,-0.44578,2.0244,-0.69655,-0.53676,2.001,-0.37178,0.05296,2.1931,-0.16425,0.11404,2.161,-0.32134,0.24768,2.1765,-0.38792,0.28929,2.2291,-0.54824,-0.31996,2.0663,-0.56463,-0.61514,2.0726,-0.55133,-0.94855,2.1156,-0.52905,-0.97939,2.0324,-0.42082,-0.31075,2.0953,-0.4059,-0.60803,2.0839,-0.33977,-0.93632,2.111,-0.31749,-0.96716,2.0278
-0.49475,-0.25261,2.0957,-0.51464,-0.20104,2.152,-0.55146,0.13515,2.1818,-0.52675,0.32261,2.1876,-0.64276,0.0059591,2.1126,-0.71011,-0.24666,2.0988,-0.70499,-0.44559,2.0255,-0.69592,-0.53645,2.0016,-0.37263,0.052172,2.19,-0.17155,0.10512,2.1599,-0.31404,0.27096,2.1913,-0.36068,0.31988,2.2287,-0.5495,-0.31755,2.0655,-0.56429,-0.616,2.0721,-0.55328,-0.94644,2.1101,-0.53163,-0.97716,2.027,-0.42241,-0.30905,2.0942,-0.40252,-0.62017,2.085,-0.37045,-0.93724,2.1202,-0.34881,-0.96795,2.0372
-0.49466,-0.25362,2.0958,-0.514,-0.20158,2.1521,-0.55156,0.13527,2.182,-0.52731,0.31981,2.186,-0.64936,0.006353,2.1151,-0.70978,-0.24661,2.0986,-0.7033,-0.44484,2.0235,-0.69535,-0.53577,2.0003,-0.37193,0.051751,2.1899,-0.15149,0.11358,2.1614,-0.17935,0.31955,2.1433,-0.24289,0.38559,2.165,-0.54952,-0.3202,2.0659,-0.56582,-0.61834,2.0709,-0.53969,-0.94449,2.1222,-0.51915,-0.97525,2.039,-0.42187,-0.31183,2.0936,-0.40776,-0.61875,2.0834,-0.38312,-0.9412,2.1146,-0.36258,-0.97195,2.0313
-0.49493,-0.25414,2.0954,-0.51379,-0.2019,2.1519,-0.55146,0.13532,2.182,-0.52904,0.31935,2.1849,-0.65367,0.0069397,2.1171,-0.71025,-0.24693,2.0977,-0.70666,-0.44481,2.021,-0.69817,-0.53572,1.9974,-0.37147,0.052083,2.1903,-0.14283,0.1203,2.1595,-0.072564,0.33927,2.1118,-0.047311,0.42985,2.1191,-0.55038,-0.32159,2.0659,-0.56516,-0.62175,2.0705,-0.55106,-0.94698,2.1171,-0.53117,-0.9778,2.0336,-0.42168,-0.31333,2.0922,-0.4096,-0.62456,2.0834,-0.35917,-0.93701,2.1227,-0.33928,-0.96782,2.0391
-0.4946,-0.2551,2.0951,-0.51357,-0.20259,2.1517,-0.55101,0.13554,2.1822,-0.53021,0.3193,2.1854,-0.65522,0.0068686,2.1175,-0.71161,-0.24581,2.096,-0.70757,-0.44357,2.0186,-0.6988,-0.53462,1.9949,-0.37139,0.052478,2.1917,-0.13004,0.11782,2.1547,0.045489,0.28768,2.0542,0.10457,0.35274,2.0401,-0.54992,-0.32314,2.0652,-0.56885,-0.69328,2.0827,-0.56695,-0.95308,2.1082,-0.54769,-0.9827,2.0229,-0.42109,-0.31472,2.092,-0.40466,-0.62362,2.084,-0.37877,-0.9428,2.1155,-0.35874,-0.97363,2.0319
-0.49371,-0.25526,2.0948,-0.51315,-0.20275,2.1514,-0.5516,0.13577,2.1818,-0.53076,0.31973,2.1859,-0.65583,0.007204,2.1172,-0.71139,-0.24576,2.0946,-0.7068,-0.44378,2.0173,-0.69856,-0.53534,1.9936,-0.37123,0.052538,2.1923,-0.12825,0.11306,2.147,0.084422,0.24874,2.049,0.15374,0.2837,2.0394,-0.54848,-0.32364,2.0645,-0.56311,-0.62323,2.0696,-0.54659,-0.9468,2.1248,-0.52632,-0.97764,2.0413,-0.41974,-0.31486,2.092,-0.39557,-0.68528,2.0964,-0.36522,-0.94504,2.1135,-0.34632,-0.97501,2.0269
-0.49316,-0.25573,2.0943,-0.51274,-0.20302,2.1509,-0.55185,0.13624,2.1811,-0.5309,0.31997,2.1854,-0.65621,0.0070563,2.1166,-0.71044,-0.24638,2.0935,-0.70258,-0.44438,2.0159,-0.69659,-0.5365,1.9921,-0.37106,0.052525,2.1916,-0.12773,0.11016,2.1459,0.075754,0.26093,2.0583,0.14352,0.3219,2.0514,-0.54786,-0.32428,2.0637,-0.56405,-0.62531,2.0688,-0.54146,-0.94774,2.1201,-0.52126,-0.9786,2.0365,-0.41898,-0.31551,2.0917,-0.39875,-0.62503,2.0827,-0.38632,-0.94355,2.1168,-0.36612,-0.97441,2.0332
-0.49252,-0.25649,2.0934,-0.51207,-0.20363,2.15,-0.55075,0.13643,2.1803,-0.53084,0.3199,2.1838,-0.65574,0.0069976,2.1152,-0.70925,-0.24688,2.0917,-0.70233,-0.44531,2.0146,-0.69555,-0.53771,1.9903,-0.3707,0.052678,2.1906,-0.1297,0.11009,2.1502,-0.004643,0.31903,2.0857,0.023875,0.39383,2.0809,-0.5472,-0.32506,2.0628,-0.56268,-0.63541,2.0687,-0.55551,-0.9511,2.1133,-0.53518,-0.98198,2.0297,-0.41872,-0.31605,2.091,-0.39826,-0.63111,2.0834,-0.37631,-0.94452,2.1135,-0.35598,-0.9754,2.0299
0.37642,-0.21127,2.0668,0.37404,-0.15536,2.1174,0.35387,0.16848,2.1185,0.34254,0.35578,2.1212,0.22564,0.053423,2.1011,0.1504,-0.20321,2.1045,0.11415,-0.41096,2.0621,0.11041,-0.49924,2.0467,0.51609,0.087162,2.0977,0.7194,0.12395,2.1048,0.58545,0.27633,2.1084,0.55175,0.31485,2.1477,0.31487,-0.28373,2.0587,0.30729,-0.61397,2.101,0.30676,-0.8035,2.1182,0.33967,-0.7378,2.0939,0.44561,-0.26863,2.053,0.50666,-0.55722,2.0888,0.52266,-0.78627,2.106,0.52237,-0.8192,2.0212
0.36975,-0.2281,2.1006,0.36855,-0.17197,2.1552,0.35461,0.16717,2.1753,0.33561,0.35765,2.1847,0.21551,0.048222,2.1525,0.14279,-0.21193,2.1221,0.10485,-0.41987,2.0582,0.10043,-0.50906,2.0557,0.51346,0.080659,2.1501,0.74408,0.12039,2.145,0.77217,0.3355,2.0653,0.77464,0.4123,2.0639,0.30543,-0.29939,2.0881,0.29972,-0.62807,2.1063,0.2927,-0.85809,2.1449,0.22761,-0.82102,2.1528,0.43917,-0.28882,2.0856,0.50237,-0.59982,2.1014,0.53657,-0.83194,2.1206,0.51431,-0.76141,2.1064
0.37071,-0.23672,2.1468,0.36986,-0.18166,2.2047,0.35643,0.16387,2.2382,0.34315,0.35361,2.2459,0.21921,0.041912,2.2065,0.14481,-0.21595,2.1614,0.10589,-0.42896,2.0877,0.096827,-0.51535,2.0852,0.51507,0.074074,2.2052,0.73551,0.10242,2.1941,0.79594,0.32627,2.0492,0.80148,0.40249,2.033,0.3071,-0.30597,2.1339,0.30144,-0.67865,2.1475,0.31541,-0.92758,2.161,0.31466,-0.95506,2.0748,0.43879,-0.29736,2.1264,0.49979,-0.61824,2.1334,0.53942,-0.90838,2.1396,0.53928,-0.93971,2.0546
0.37233,-0.23603,2.1635,0.37268,-0.18117,2.2215,0.36113,0.16296,2.2533,0.34506,0.35422,2.262,0.21886,0.044307,2.2314,0.14727,-0.20785,2.1863,0.10754,-0.42511,2.1075,0.10239,-0.51018,2.1027,0.51844,0.074989,2.2234,0.74437,0.11289,2.1986,0.70319,0.30949,2.1269,0.64719,0.37481,2.1506,0.30784,-0.30601,2.1517,0.3044,-0.67263,2.1559,0.30591,-0.93384,2.1643,0.30409,-0.96553,2.0786,0.44101,-0.29738,2.1421,0.49712,-0.62665,2.1473,0.54235,-0.91796,2.1462,0.54053,-0.94964,2.0606
0.37469,-0.23529,2.1688,0.37536,-0.18082,2.2266,0.36176,0.16179,2.2577,0.3457,0.35148,2.2671,0.22151,0.04321,2.2358,0.14821,-0.20625,2.1962,0.10849,-0.42024,2.1238,0.10742,-0.50034,2.1083,0.51391,0.072433,2.225,0.73413,0.099889,2.2161,0.61281,0.26976,2.2027,0.55949,0.31666,2.2396,0.3109,-0.30345,2.1572,0.30522,-0.6312,2.1567,0.30389,-0.93568,2.1712,0.30126,-0.96747,2.0854,0.44332,-0.29478,2.1487,0.49921,-0.61953,2.153,0.54753,-0.92,2.1499,0.5449,-0.95179,2.0642
0.37465,-0.23429,2.1743,0.37434,-0.17987,2.2322,0.35879,0.1633,2.2631,0.34646,0.35224,2.271,0.22176,0.043453,2.239,0.14799,-0.20799,2.1975,0.10799,-0.42164,2.1247,0.10841,-0.50028,2.108,0.51708,0.074005,2.2323,0.73738,0.10409,2.2253,0.70515,0.30986,2.1688,0.66466,0.39429,2.189,0.3105,-0.30302,2.1629,0.30258,-0.64419,2.1631,0.30952,-0.93908,2.1689,0.30803,-0.97084,2.083,0.44384,-0.29483,2.1537,0.49578,-0.62458,2.162,0.55146,-0.9228,2.1481,0.54997,-0.95456,2.0622
0.37393,-0.23609,2.1774,0.37426,-0.18113,2.2351,0.35895,0.16224,2.2647,0.34428,0.35144,2.2718,0.21695,0.040988,2.2433,0.14722,-0.20902,2.1985,0.10741,-0.42213,2.1244,0.10883,-0.50179,2.1062,0.51535,0.073511,2.2335,0.74528,0.1145,2.223,0.80968,0.34026,2.1256,0.82638,0.42334,2.1189,0.30893,-0.3061,2.1662,0.30286,-0.65511,2.1655,0.30525,-0.94593,2.1654,0.30282,-0.97789,2.0793,0.4436,-0.29691,2.1565,0.49931,-0.62098,2.1625,0.54512,-0.92908,2.1511,0.54269,-0.96104,2.065
0.37444,-0.23845,2.1784,0.37484,-0.18305,2.236,0.3618,0.16069,2.2637,0.34317,0.35076,2.2721,0.21675,0.038163,2.2421,0.14614,-0.2126,2.1983,0.10713,-0.4249,2.1247,0.10956,-0.50257,2.1058,0.51317,0.07372,2.2337,0.75115,0.11662,2.2194,0.85656,0.31313,2.0992,0.89274,0.38895,2.0813,0.30965,-0.30899,2.1659,0.30156,-0.64765,2.1644,0.31019,-0.95008,2.1703,0.30792,-0.98216,2.084,0.44368,-0.29934,2.1597,0.50047,-0.61507,2.163,0.54483,-0.93355,2.152,0.54256,-0.96562,2.0657
0.37425,-0.23852,2.1783,0.37473,-0.18302,2.236,0.36098,0.16141,2.2632,0.34349,0.35117,2.2721,0.21682,0.038683,2.2421,0.1463,-0.21127,2.199,0.1071,-0.42654,2.125,0.10975,-0.5041,2.1054,0.51282,0.07384,2.2331,0.75441,0.11836,2.216,0.86817,0.30398,2.0844,0.89894,0.36497,2.0632,0.30961,-0.30917,2.1661,0.30727,-0.65496,2.1641,0.30423,-0.95127,2.1703,0.30181,-0.98341,2.0839,0.44311,-0.29897,2.1593,0.50253,-0.61278,2.1612,0.54684,-0.93343,2.1536,0.54441,-0.96557,2.0672
0.37363,-0.23983,2.1776,0.37466,-0.18416,2.2354,0.36161,0.16026,2.2625,0.34253,0.34982,2.2712,0.21623,0.037954,2.2419,0.14517,-0.21523,2.1974,0.10705,-0.42737,2.1241,0.11043,-0.50596,2.1046,0.51061,0.073044,2.2306,0.75496,0.12055,2.2114,0.86452,0.31615,2.0752,0.8931,0.37873,2.0556,0.30903,-0.31044,2.1655,0.30531,-0.6627,2.1619,0.30688,-0.95279,2.1717,0.3038,-0.98498,2.0853,0.44206,-0.29978,2.1581,0.50379,-0.61186,2.1596,0.54597,-0.93454,2.1543,0.5429,-0.96674,2.0679
0.373,-0.23968,2.1765,0.37412,-0.18399,2.2344,0.35883,0.1618,2.2626,0.34182,0.3497,2.2708,0.21617,0.038047,2.2415,0.14578,-0.21582,2.1966,0.10774,-0.42782,2.1219,0.11128,-0.50657,2.1031,0.51142,0.072839,2.2289,0.74541,0.11563,2.2116,0.80153,0.34527,2.1005,0.81753,0.4363,2.0876,0.30882,-0.31019,2.1647,0.3061,-0.64791,2.1612,0.31802,-0.95296,2.17,0.3146,-0.98512,2.0837,0.44112,-0.29954,2.1559,0.50236,-0.61654,2.1579,0.54696,-0.93449,2.1543,0.54354,-0.96665,2.068
0.37331,-0.23904,2.1746,0.37464,-0.18353,2.2325,0.35991,0.16168,2.2606,0.34241,0.35069,2.2688,0.21613,0.039401,2.2413,0.14657,-0.21564,2.1963,0.1087,-0.42696,2.1207,0.11332,-0.50666,2.1022,0.51239,0.072871,2.2267,0.74388,0.12185,2.21,0.7098,0.32347,2.1491,0.67165,0.4162,2.1618,0.30901,-0.30959,2.1632,0.30477,-0.65401,2.1613,0.31141,-0.95313,2.1687,0.30753,-0.98532,2.0824,0.44179,-0.2991,2.1533,0.50065,-0.62045,2.1557,0.54704,-0.93459,2.1551,0.54316,-0.96678,2.0687
0.37382,-0.23497,2.1714,0.37451,-0.18053,2.2295,0.35764,0.16144,2.2568,0.34172,0.35068,2.2659,0.21824,0.039251,2.2393,0.1485,-0.21492,2.196,0.1126,-0.42609,2.1181,0.11579,-0.50554,2.1009,0.51336,0.075568,2.226,0.73499,0.13608,2.2085,0.62858,0.31721,2.1995,0.57408,0.37067,2.2297,0.31028,-0.3052,2.16,0.31592,-0.60907,2.1541,0.30579,-0.94875,2.1696,0.30206,-0.98095,2.0832,0.44297,-0.29421,2.1498,0.49957,-0.62951,2.1548,0.54639,-0.93065,2.1565,0.54266,-0.96285,2.0701
0.37712,-0.22917,2.1679,0.37564,-0.17615,2.2263,0.35732,0.16166,2.2552,0.34328,0.35147,2.263,0.22516,0.039661,2.2338,0.15089,-0.2131,2.1962,0.11686,-0.42487,2.1168,0.12136,-0.50727,2.0974,0.52424,0.081428,2.2308,0.72687,0.13575,2.2093,0.56932,0.27231,2.2199,0.53715,0.29658,2.2578,0.31275,-0.29992,2.157,0.30116,-0.68268,2.1606,0.32422,-0.94623,2.1674,0.31923,-0.97618,2.0781,0.44918,-0.28817,2.1441,0.50919,-0.56997,2.1512,0.52868,-0.92559,2.1557,0.52744,-0.9576,2.0692
0.37711,-0.22922,2.1664,0.37625,-0.17606,2.2243,0.35811,0.1594,2.2505,0.34069,0.34999,2.2604,0.2259,0.039629,2.229,0.15243,-0.21174,2.1956,0.11744,-0.42708,2.1152,0.12252,-0.50861,2.0966,0.51469,0.078361,2.223,0.72053,0.12244,2.2122,0.58233,0.29349,2.2337,0.53255,0.3198,2.2758,0.3125,-0.29957,2.1547,0.31076,-0.63623,2.1531,0.30427,-0.94284,2.1713,0.30231,-0.97491,2.0849,0.44866,-0.28778,2.1445,0.50645,-0.57269,2.1496,0.53612,-0.92499,2.1561,0.53416,-0.95707,2.0697
0.37447,-0.23107,2.1656,0.37381,-0.17729,2.223,0.35566,0.15756,2.2465,0.34208,0.34785,2.2578,0.22237,0.037405,2.2269,0.14962,-0.2163,2.1904,0.11492,-0.43217,2.1125,0.11957,-0.51487,2.0991,0.51194,0.077568,2.222,0.72447,0.13428,2.2154,0.63407,0.3225,2.2118,0.59467,0.38017,2.2397,0.3104,-0.30129,2.1556,0.30953,-0.62257,2.1512,0.30815,-0.94473,2.1708,0.30651,-0.97688,2.0844,0.4441,-0.29008,2.1436,0.50046,-0.60962,2.1493,0.54405,-0.92679,2.1558,0.5424,-0.95894,2.0694
0.37297,-0.2336,2.1651,0.3724,-0.17929,2.2224,0.35444,0.15717,2.2451,0.33822,0.34658,2.2537,0.21828,0.03711,2.2267,0.14789,-0.21772,2.1874,0.11192,-0.43439,2.1131,0.10833,-0.52062,2.1074,0.51158,0.077338,2.2213,0.7346,0.12876,2.2196,0.70823,0.33479,2.1834,0.67674,0.42218,2.2034,0.30921,-0.30447,2.1551,0.30962,-0.64904,2.155,0.31173,-0.94979,2.1626,0.31002,-0.98199,2.0762,0.44223,-0.29346,2.1437,0.49809,-0.62308,2.1516,0.547,-0.93043,2.1532,0.54529,-0.96263,2.0668
0.37243,-0.23426,2.1641,0.37167,-0.17951,2.2213,0.35414,0.15896,2.2438,0.3374,0.34903,2.2511,0.21661,0.03863,2.2244,0.14624,-0.22075,2.1829,0.10961,-0.43616,2.1141,0.098911,-0.52296,2.1109,0.51224,0.077267,2.2199,0.73907,0.12801,2.2184,0.76049,0.33134,2.1615,0.76619,0.42503,2.175,0.3085,-0.30558,2.1529,0.30761,-0.64765,2.1539,0.31604,-0.95083,2.1641,0.3147,-0.98306,2.0776,0.44182,-0.29438,2.1437,0.50051,-0.61886,2.1485,0.54022,-0.93275,2.1491,0.53889,-0.96498,2.0626
0.37271,-0.2349,2.1607,0.37203,-0.17954,2.2178,0.35533,0.16139,2.2398,0.34109,0.35116,2.2405,0.2172,0.041502,2.2178,0.14622,-0.2188,2.1791,0.10622,-0.43696,2.1151,0.094278,-0.51968,2.1126,0.51495,0.076423,2.2119,0.74682,0.12501,2.2109,0.80793,0.34115,2.1484,0.82092,0.43458,2.1589,0.30891,-0.30619,2.1499,0.30035,-0.64548,2.1488,0.31358,-0.95038,2.1683,0.31215,-0.98268,2.0818,0.442,-0.2953,2.1404,0.50122,-0.61162,2.1457,0.54074,-0.93369,2.1479,0.53931,-0.966,2.0614
0.37297,-0.23538,2.1533,0.37277,-0.17934,2.2098,0.35841,0.16235,2.2284,0.34214,0.35172,2.2275,0.21836,0.042832,2.2077,0.14579,-0.21656,2.1713,0.10408,-0.43612,2.1141,0.090765,-0.51682,2.112,0.51586,0.075653,2.2004,0.73989,0.10081,2.2069,0.83238,0.33184,2.128,0.85399,0.42048,2.1308,0.30866,-0.3066,2.1433,0.30164,-0.64984,2.1467,0.3134,-0.95169,2.1613,0.31177,-0.98419,2.0748,0.4421,-0.29604,2.1338,0.50204,-0.60876,2.1416,0.54178,-0.93421,2.1461,0.54015,-0.9667,2.0596
0.37425,-0.23227,2.1406,0.37362,-0.17572,2.1964,0.35779,0.16526,2.2111,0.34787,0.35217,2.2105,0.21953,0.047889,2.1945,0.14402,-0.21559,2.1611,0.098787,-0.43353,2.1081,0.084091,-0.5187,2.1082,0.51957,0.077162,2.1872,0.74152,0.095877,2.1918,0.84003,0.3235,2.1075,0.85831,0.41614,2.1137,0.30952,-0.30379,2.1309,0.30327,-0.64391,2.1401,0.30723,-0.9486,2.1588,0.3059,-0.98128,2.0723,0.44441,-0.29354,2.122,0.49987,-0.61035,2.1358,0.5462,-0.93129,2.1442,0.54486,-0.96398,2.0577
0.37559,-0.23178,2.1191,0.37465,-0.17525,2.1742,0.36353,0.16152,2.1836,0.35024,0.35429,2.1882,0.22017,0.048156,2.1683,0.14536,-0.21474,2.1469,0.10047,-0.43743,2.0987,0.085422,-0.51776,2.0999,0.52087,0.080265,2.1657,0.74947,0.11367,2.1597,0.82234,0.3405,2.0907,0.83199,0.41554,2.0895,0.31024,-0.30328,2.1096,0.30282,-0.6365,2.1247,0.29694,-0.94714,2.1493,0.29684,-0.98003,2.0628,0.44574,-0.29359,2.1016,0.50184,-0.6051,2.119,0.54088,-0.93147,2.1341,0.54079,-0.96436,2.0475
0.37469,-0.22794,2.1042,0.37409,-0.17201,2.1595,0.36018,0.16433,2.1714,0.35135,0.35461,2.1732,0.22001,0.049119,2.1567,0.14714,-0.21388,2.1335,0.10378,-0.43636,2.0932,0.092618,-0.51496,2.0922,0.52353,0.082264,2.1508,0.75029,0.12304,2.1462,0.78049,0.36665,2.09,0.78162,0.45369,2.101,0.30917,-0.30106,2.0966,0.29867,-0.62954,2.1086,0.29659,-0.94628,2.1281,0.29553,-0.97902,2.0417,0.44541,-0.28975,2.0843,0.50259,-0.59614,2.1054,0.53977,-0.92699,2.1247,0.53871,-0.95974,2.0383
0.37523,-0.22597,2.0951,0.37348,-0.17,2.1507,0.3571,0.16695,2.1633,0.35236,0.35715,2.165,0.2216,0.05019,2.1452,0.14767,-0.21185,2.1236,0.10477,-0.43463,2.0821,0.092662,-0.51417,2.0847,0.52754,0.084214,2.1434,0.745,0.12446,2.1361,0.69489,0.32662,2.0962,0.65586,0.41066,2.1196,0.30956,-0.29967,2.0867,0.29839,-0.64287,2.1045,0.30247,-0.94203,2.139,0.30248,-0.97471,2.0525,0.44721,-0.28821,2.076,0.49913,-0.60947,2.0977,0.53946,-0.92583,2.1203,0.53948,-0.95851,2.0338
0.37562,-0.22508,2.0861,0.37254,-0.16977,2.142,0.35388,0.16673,2.1567,0.35495,0.35408,2.1579,0.22805,0.046526,2.1311,0.14725,-0.20854,2.1146,0.10326,-0.42649,2.0708,0.09156,-0.50961,2.0732,0.52167,0.083706,2.1348,0.73383,0.12702,2.1251,0.59566,0.29586,2.1143,0.54844,0.35028,2.1431,0.31187,-0.29548,2.075,0.30872,-0.57716,2.0888,0.29071,-0.93317,2.138,0.29162,-0.96749,2.0526,0.44709,-0.28648,2.0683,0.49884,-0.60733,2.0928,0.53409,-0.92355,2.1196,0.53532,-0.95604,2.0331
0.37563,-0.22282,2.0781,0.37202,-0.16791,2.1336,0.35352,0.16559,2.1471,0.34981,0.3529,2.1486,0.23026,0.050493,2.1236,0.14831,-0.20485,2.1078,0.10173,-0.42551,2.0592,0.092225,-0.50979,2.0624,0.52225,0.084548,2.13,0.72665,0.12873,2.1198,0.57506,0.27221,2.1268,0.52981,0.31371,2.1608,0.31167,-0.2913,2.0649,0.30695,-0.60002,2.0877,0.29912,-0.92623,2.1371,0.30131,-0.9587,2.0507,0.44703,-0.28425,2.0632,0.50683,-0.56055,2.0817,0.51437,-0.91529,2.1183,0.51656,-0.94775,2.0319
0.3743,-0.22211,2.0727,0.37152,-0.16716,2.1281,0.35401,0.16572,2.141,0.34827,0.35593,2.1455,0.22743,0.049211,2.1186,0.1477,-0.2044,2.1009,0.10123,-0.42258,2.0519,0.094188,-0.51061,2.0546,0.52026,0.083565,2.1218,0.7248,0.12391,2.1164,0.58642,0.2829,2.1236,0.54477,0.32966,2.155,0.31005,-0.29111,2.0602,0.30274,-0.60273,2.0862,0.3499,-0.92621,2.1059,0.35118,-0.95878,2.0194,0.44536,-0.28322,2.0577,0.49149,-0.59912,2.0826,0.5293,-0.91548,2.1096,0.53058,-0.94804,2.0231
0.37322,-0.22254,2.0692,0.37069,-0.16718,2.1248,0.35141,0.16804,2.1389,0.34863,0.35876,2.1425,0.2268,0.048836,2.1159,0.14744,-0.20363,2.0964,0.10105,-0.42378,2.0463,0.093909,-0.51013,2.0502,0.51821,0.08417,2.1168,0.7256,0.13033,2.1089,0.61633,0.30875,2.0989,0.57001,0.35778,2.1327,0.30967,-0.29142,2.0587,0.30069,-0.60733,2.08,0.29313,-0.9223,2.1409,0.29367,-0.95475,2.0547,0.44375,-0.28318,2.0514,0.49274,-0.59839,2.0776,0.53405,-0.91362,2.111,0.53459,-0.94607,2.0248
0.3731,-0.22437,2.0673,0.37113,-0.16854,2.1228,0.35264,0.16803,2.1367,0.34619,0.35832,2.1399,0.22255,0.049474,2.1166,0.1472,-0.20402,2.0942,0.10085,-0.42198,2.0434,0.094752,-0.50969,2.0467,0.51971,0.084596,2.1147,0.73401,0.12753,2.1059,0.71977,0.36893,2.0609,0.64996,0.37778,2.0734,0.30877,-0.29496,2.0578,0.29834,-0.62408,2.084,0.34224,-0.9289,2.1115,0.34208,-0.96139,2.0254,0.4439,-0.28527,2.0486,0.49283,-0.60224,2.0776,0.53606,-0.91581,2.1032,0.53589,-0.94831,2.0171
0.37277,-0.22396,2.0674,0.37075,-0.16815,2.1229,0.35279,0.16901,2.1374,0.34715,0.35821,2.1403,0.21993,0.051585,2.1191,0.1471,-0.2051,2.0933,0.10223,-0.42025,2.0424,0.10093,-0.50685,2.0413,0.52446,0.086064,2.118,0.74208,0.12529,2.1032,0.8,0.34539,2.0169,0.82141,0.42985,2.0107,0.30806,-0.29558,2.0583,0.30006,-0.62063,2.0842,0.28825,-0.92774,2.1359,0.28838,-0.96021,2.0498,0.44388,-0.28553,2.0482,0.49504,-0.5884,2.0748,0.5287,-0.91664,2.1047,0.52883,-0.94912,2.0185
0.37279,-0.22546,2.0688,0.37151,-0.16936,2.1241,0.35503,0.16854,2.1387,0.34777,0.35782,2.1408,0.21857,0.051415,2.1216,0.1479,-0.20682,2.0928,0.10486,-0.41725,2.0412,0.10702,-0.50406,2.0352,0.52119,0.083998,2.1171,0.74796,0.12134,2.1022,0.85048,0.33088,1.9874,0.88131,0.39921,1.9751,0.30774,-0.29734,2.0598,0.29977,-0.61891,2.0866,0.28745,-0.92889,2.1406,0.28675,-0.96144,2.0543,0.44368,-0.28696,2.0497,0.49557,-0.5906,2.077,0.53266,-0.91709,2.1096,0.53195,-0.94965,2.0233
0.37235,-0.22677,2.073,0.37085,-0.17066,2.1282,0.35576,0.16713,2.1421,0.34739,0.35459,2.1436,0.21878,0.050684,2.1249,0.14957,-0.20739,2.094,0.10868,-0.41338,2.0421,0.10943,-0.49941,2.0336,0.52323,0.084173,2.1234,0.75311,0.1183,2.1003,0.86201,0.32441,1.9808,0.89019,0.38543,1.9696,0.30693,-0.29931,2.0655,0.29439,-0.6175,2.0923,0.30336,-0.93319,2.1406,0.30344,-0.96578,2.0543,0.44335,-0.28818,2.0527,0.4942,-0.60285,2.0827,0.5384,-0.91862,2.1128,0.53848,-0.95121,2.0265
0.37201,-0.22809,2.0757,0.37089,-0.17175,2.1309,0.35678,0.16673,2.1448,0.34814,0.3537,2.1485,0.21924,0.049974,2.1274,0.15114,-0.2084,2.0966,0.11102,-0.41226,2.044,0.11122,-0.49871,2.0356,0.52164,0.081884,2.1241,0.7417,0.10281,2.1121,0.83171,0.32778,2.0031,0.85065,0.41078,1.9943,0.30675,-0.30051,2.0682,0.29773,-0.67835,2.1087,0.30858,-0.93888,2.1415,0.30563,-0.96983,2.0516,0.44265,-0.2894,2.0559,0.49549,-0.58918,2.0848,0.53888,-0.9217,2.1085,0.53855,-0.95434,2.0221
0.37261,-0.22702,2.0809,0.37072,-0.1709,2.1357,0.35755,0.1669,2.1479,0.34981,0.3542,2.1533,0.21821,0.050755,2.1327,0.15246,-0.21077,2.1007,0.11401,-0.41455,2.0475,0.11492,-0.50234,2.0386,0.52876,0.08373,2.1347,0.74934,0.10688,2.1142,0.74771,0.30996,2.0505,0.7374,0.40377,2.0609,0.30648,-0.30043,2.072,0.29583,-0.66183,2.1058,0.30832,-0.93927,2.1333,0.30946,-0.97196,2.0468,0.44393,-0.28985,2.0617,0.4984,-0.59967,2.0892,0.53191,-0.9242,2.1129,0.53304,-0.95689,2.0264
0.37284,-0.22702,2.0831,0.37107,-0.17093,2.1379,0.35537,0.16707,2.151,0.35098,0.35086,2.1571,0.22035,0.049585,2.1342,0.15369,-0.21044,2.1035,0.11756,-0.41375,2.0515,0.11893,-0.50075,2.0419,0.52563,0.08201,2.1339,0.73715,0.11712,2.1163,0.62316,0.30423,2.1179,0.55562,0.35233,2.1629,0.30721,-0.29901,2.0747,0.29475,-0.64216,2.1024,0.31092,-0.93829,2.1366,0.31143,-0.971,2.0501,0.44426,-0.28927,2.0635,0.49585,-0.59835,2.0893,0.53126,-0.92433,2.1184,0.53177,-0.95704,2.0319
0.37262,-0.22601,2.0835,0.37097,-0.17038,2.1385,0.3562,0.16644,2.1527,0.34989,0.35225,2.1594,0.22395,0.04939,2.1335,0.15869,-0.21299,2.1078,0.12538,-0.41991,2.0569,0.12495,-0.50388,2.0436,0.52199,0.081867,2.1338,0.72884,0.11115,2.1196,0.58705,0.26095,2.1418,0.54574,0.30555,2.1807,0.30712,-0.29622,2.0739,0.30124,-0.60939,2.0979,0.29834,-0.93532,2.143,0.29895,-0.96789,2.0566,0.44351,-0.28726,2.0655,0.5089,-0.6621,2.1018,0.53738,-0.92504,2.1199,0.53842,-0.95499,2.0327
0.37257,-0.22671,2.0843,0.37128,-0.17146,2.1396,0.3603,0.16369,2.1563,0.35012,0.35344,2.1621,0.22406,0.047702,2.1344,0.1595,-0.21558,2.1087,0.12754,-0.41862,2.058,0.12715,-0.50386,2.0447,0.51993,0.081256,2.1351,0.72584,0.11389,2.1247,0.60244,0.28857,2.1333,0.55106,0.34268,2.1785,0.30687,-0.29696,2.0747,0.30339,-0.60646,2.0963,0.30527,-0.93764,2.1378,0.30585,-0.97006,2.0513,0.44336,-0.28745,2.0664,0.49373,-0.609,2.0932,0.53148,-0.92311,2.125,0.53206,-0.95553,2.0386
0.37243,-0.2278,2.0857,0.37093,-0.17233,2.1412,0.35832,0.16483,2.159,0.34957,0.3533,2.1638,0.22147,0.046055,2.137,0.1585,-0.21563,2.1088,0.12381,-0.41779,2.0566,0.12512,-0.5019,2.0436,0.52177,0.083693,2.1394,0.7303,0.11811,2.127,0.68269,0.32082,2.0978,0.64299,0.39794,2.1247,0.30651,-0.29907,2.0767,0.29573,-0.62042,2.098,0.3066,-0.93759,2.1467,0.30742,-0.96998,2.0602,0.4434,-0.28877,2.0668,0.49428,-0.60212,2.093,0.54104,-0.92421,2.1187,0.54186,-0.9566,2.0322
0.37175,-0.23078,2.0874,0.37116,-0.17447,2.1429,0.35944,0.16512,2.1604,0.34925,0.35363,2.1657,0.21891,0.045385,2.1391,0.15634,-0.21648,2.1085,0.12063,-0.41774,2.0529,0.12306,-0.5016,2.0423,0.51797,0.080831,2.1373,0.73865,0.11934,2.1278,0.76524,0.34161,2.0574,0.77469,0.44265,2.06,0.30578,-0.30246,2.0786,0.29848,-0.64802,2.1056,0.30026,-0.94257,2.1443,0.30004,-0.97506,2.0578,0.442,-0.29177,2.0681,0.49464,-0.59781,2.0924,0.53535,-0.92851,2.114,0.53514,-0.961,2.0275
0.37135,-0.23097,2.0886,0.37079,-0.17487,2.1445,0.35768,0.16649,2.1649,0.34862,0.35386,2.1678,0.21847,0.04546,2.1403,0.15437,-0.21772,2.1079,0.11969,-0.41903,2.0513,0.12193,-0.50086,2.0413,0.5171,0.081226,2.1382,0.74512,0.12174,2.1242,0.84045,0.33163,2.0108,0.86227,0.42193,2.0041,0.30556,-0.30255,2.08,0.29432,-0.6344,2.1012,0.31208,-0.94254,2.1413,0.31171,-0.97494,2.0547,0.44131,-0.29194,2.0689,0.4952,-0.59341,2.0915,0.54028,-0.92737,2.1178,0.5399,-0.95977,2.0313
0.37095,-0.2292,2.0908,0.37002,-0.17351,2.147,0.35753,0.16708,2.1679,0.34974,0.35632,2.1737,0.21819,0.047406,2.1435,0.15448,-0.21731,2.1082,0.11971,-0.41862,2.051,0.12298,-0.50124,2.04,0.52207,0.084867,2.1439,0.75541,0.12471,2.1181,0.87709,0.31649,1.9921,0.90712,0.38606,1.9826,0.30513,-0.30183,2.0823,0.29776,-0.63747,2.103,0.30825,-0.94234,2.1429,0.30849,-0.97469,2.0563,0.44118,-0.29127,2.0698,0.49659,-0.59401,2.0919,0.53485,-0.92693,2.1208,0.53509,-0.95928,2.0341
0.37091,-0.2296,2.0916,0.37043,-0.17411,2.1479,0.35703,0.16651,2.1702,0.34859,0.35593,2.1763,0.21794,0.047889,2.1465,0.15466,-0.21719,2.1091,0.11985,-0.41857,2.0513,0.12326,-0.50083,2.0403,0.51886,0.082587,2.143,0.75798,0.1231,2.1181,0.87664,0.30823,1.9923,0.90804,0.37967,1.982,0.30533,-0.30205,2.0831,0.29768,-0.63061,2.1025,0.30455,-0.94077,2.1517,0.30385,-0.97313,2.065,0.441,-0.29114,2.0702,0.49812,-0.58976,2.0916,0.52718,-0.92725,2.1212,0.52648,-0.95961,2.0345
0.37047,-0.23138,2.0934,0.37056,-0.1757,2.1498,0.35855,0.16552,2.1722,0.34811,0.35531,2.1784,0.21745,0.046211,2.1485,0.15449,-0.21755,2.1118,0.11961,-0.41867,2.0521,0.12254,-0.50231,2.0421,0.51681,0.080545,2.1432,0.7538,0.11823,2.1244,0.83661,0.3254,2.0179,0.85967,0.41284,2.0074,0.30492,-0.30291,2.0841,0.29972,-0.62949,2.1041,0.30211,-0.94281,2.1483,0.30092,-0.97521,2.0616,0.43984,-0.29268,2.0728,0.49423,-0.60108,2.0944,0.53985,-0.92868,2.1167,0.53867,-0.96108,2.03
