-0.41295,-0.4823,2.8981,-0.41879,-0.43575,2.9705,-0.42513,-0.075076,3.0684,-0.43641,0.11406,3.1127,-0.58694,-0.20333,2.9985,-0.62754,-0.43927,2.9229,-0.62682,-0.61502,2.7881,-0.63185,-0.68767,2.7377,-0.28196,-0.1996,3.0251,-0.229,-0.44981,2.9662,-0.21041,-0.63415,2.8465,-0.20739,-0.70667,2.7958,-0.47969,-0.54605,2.8616,-0.51264,-0.86448,2.7921,-0.53344,-1.1984,2.795,-0.53223,-1.2541,2.7165,-0.34245,-0.54438,2.8776,-0.35462,-0.8721,2.8105,-0.34518,-1.2005,2.7957,-0.3357,-1.2469,2.7119
-0.40696,-0.47631,2.8878,-0.41451,-0.43073,2.9593,-0.41813,-0.07635,3.0545,-0.43214,0.11485,3.0966,-0.57733,-0.20089,2.9774,-0.62115,-0.43853,2.8945,-0.61599,-0.61785,2.7628,-0.62345,-0.69246,2.7133,-0.28537,-0.19846,3.0128,-0.22838,-0.45296,2.9612,-0.21106,-0.63558,2.8359,-0.20984,-0.71088,2.7869,-0.47122,-0.53623,2.8489,-0.50789,-0.85933,2.7732,-0.52547,-1.1898,2.7722,-0.52023,-1.2431,2.6941,-0.33859,-0.53789,2.8711,-0.35058,-0.87063,2.8041,-0.35454,-1.1965,2.7861,-0.34556,-1.2413,2.7032
-0.40554,-0.476,2.8864,-0.41395,-0.43026,2.9575,-0.41839,-0.076285,3.0539,-0.42959,0.11477,3.0985,-0.57707,-0.20169,2.9748,-0.62059,-0.43777,2.8938,-0.61574,-0.6175,2.7619,-0.6204,-0.69194,2.7154,-0.28369,-0.19943,3.0132,-0.22737,-0.45164,2.9597,-0.2086,-0.63525,2.8354,-0.20741,-0.70845,2.7868,-0.46939,-0.53514,2.8463,-0.50736,-0.85984,2.7721,-0.5282,-1.1863,2.7692,-0.52316,-1.2385,2.6913,-0.33708,-0.5385,2.8704,-0.35118,-0.87278,2.8026,-0.35821,-1.1942,2.7858,-0.34931,-1.2393,2.7039
-0.40602,-0.47438,2.8862,-0.41436,-0.42905,2.9571,-0.41835,-0.074879,3.0541,-0.43002,0.11558,3.0959,-0.57762,-0.20053,2.9753,-0.62219,-0.43665,2.8953,-0.61514,-0.61506,2.7617,-0.62032,-0.68955,2.7159,-0.28259,-0.19972,3.0135,-0.22742,-0.44989,2.9588,-0.21146,-0.63489,2.8365,-0.20914,-0.7073,2.7873,-0.47023,-0.53387,2.8468,-0.50736,-0.85683,2.7712,-0.52806,-1.1848,2.768,-0.52288,-1.2371,2.6902,-0.33719,-0.53715,2.8695,-0.35147,-0.87251,2.8015,-0.35528,-1.193,2.7826,-0.34549,-1.237,2.7003
-0.40667,-0.47431,2.8856,-0.41479,-0.42912,2.9565,-0.41964,-0.075318,3.0526,-0.43167,0.11601,3.0943,-0.5785,-0.20119,2.9741,-0.62138,-0.4375,2.8934,-0.61566,-0.61572,2.7597,-0.61963,-0.68959,2.7131,-0.28225,-0.19955,3.013,-0.22722,-0.44928,2.9596,-0.20995,-0.63458,2.8384,-0.20821,-0.70645,2.7886,-0.47131,-0.5344,2.846,-0.50732,-0.85938,2.7707,-0.52917,-1.1858,2.7712,-0.52437,-1.2398,2.6944,-0.33767,-0.53728,2.8686,-0.35393,-0.87636,2.8022,-0.35214,-1.1941,2.7824,-0.3409,-1.2372,2.6997
-0.40775,-0.47363,2.8851,-0.41526,-0.42787,2.9558,-0.41953,-0.073903,3.0496,-0.43126,0.1185,3.095,-0.57953,-0.19906,2.9747,-0.62097,-0.438,2.8924,-0.61337,-0.61649,2.7591,-0.6174,-0.68947,2.7115,-0.28716,-0.19629,3.0116,-0.22881,-0.4499,2.9595,-0.21172,-0.63956,2.8352,-0.2089,-0.71158,2.786,-0.47188,-0.5337,2.8463,-0.5079,-0.85799,2.7707,-0.52866,-1.1851,2.7667,-0.52391,-1.2365,2.6883,-0.34015,-0.53619,2.8685,-0.35257,-0.87436,2.8019,-0.35372,-1.1927,2.7843,-0.34375,-1.2366,2.7019
-0.40139,-0.47348,2.8766,-0.41345,-0.42787,2.9464,-0.41656,-0.076143,3.0405,-0.43023,0.11657,3.0836,-0.56995,-0.19881,2.9508,-0.61764,-0.43606,2.8706,-0.61035,-0.61598,2.739,-0.61422,-0.6892,2.692,-0.28645,-0.19529,3.0107,-0.22747,-0.45024,2.9611,-0.20957,-0.63539,2.8391,-0.20804,-0.70761,2.7904,-0.4629,-0.53164,2.8327,-0.50261,-0.85678,2.7547,-0.52616,-1.1822,2.7512,-0.5154,-1.2344,2.674,-0.3346,-0.53667,2.8654,-0.34593,-0.86934,2.798,-0.35696,-1.1929,2.7782,-0.3426,-1.237,2.6967
-0.39978,-0.47369,2.8758,-0.41251,-0.42822,2.9456,-0.41666,-0.077046,3.0397,-0.42918,0.11828,3.0826,-0.56909,-0.20021,2.9485,-0.61658,-0.43622,2.8682,-0.61048,-0.61682,2.7374,-0.61283,-0.68994,2.6904,-0.28608,-0.19492,3.0121,-0.22781,-0.4492,2.9602,-0.20875,-0.63532,2.8399,-0.20755,-0.70662,2.7901,-0.4609,-0.53182,2.8306,-0.50279,-0.85667,2.7534,-0.5262,-1.1791,2.7496,-0.51466,-1.2314,2.6727,-0.33299,-0.5371,2.8657,-0.34868,-0.87025,2.7966,-0.35269,-1.1899,2.7781,-0.33578,-1.2339,2.6971
-0.39884,-0.47337,2.8751,-0.41159,-0.42782,2.9448,-0.41539,-0.076635,3.0382,-0.42917,0.11782,3.0815,-0.57027,-0.19949,2.9492,-0.61684,-0.43474,2.8674,-0.60877,-0.61532,2.7367,-0.61209,-0.68759,2.6885,-0.28378,-0.19753,3.0123,-0.22822,-0.45105,2.9594,-0.21225,-0.63572,2.836,-0.20886,-0.70795,2.7878,-0.46005,-0.53137,2.8304,-0.50247,-0.8558,2.7525,-0.52516,-1.1788,2.7492,-0.51328,-1.2311,2.6724,-0.3317,-0.53713,2.8648,-0.34904,-0.87165,2.7962,-0.35349,-1.1903,2.7788,-0.33661,-1.2346,2.6979
-0.40102,-0.4734,2.873,-0.41341,-0.4272,2.9426,-0.41756,-0.074711,3.0348,-0.4297,0.11706,3.0794,-0.57153,-0.20053,2.9481,-0.61696,-0.4345,2.8663,-0.60862,-0.61568,2.7365,-0.61185,-0.68779,2.6882,-0.28492,-0.19716,3.011,-0.22804,-0.45274,2.9591,-0.21052,-0.63729,2.8358,-0.20764,-0.70946,2.7876,-0.46293,-0.53184,2.8291,-0.50207,-0.85547,2.7515,-0.52511,-1.1795,2.7488,-0.5135,-1.2319,2.672,-0.3343,-0.53696,2.8619,-0.34921,-0.87316,2.7958,-0.35448,-1.1906,2.7789,-0.33805,-1.2349,2.698
-0.40098,-0.47161,2.8732,-0.41345,-0.4263,2.9426,-0.41803,-0.076713,3.0343,-0.42955,0.11575,3.0781,-0.57253,-0.20254,2.9472,-0.61634,-0.43604,2.8656,-0.60861,-0.61631,2.7342,-0.61226,-0.68923,2.6874,-0.28282,-0.19652,3.012,-0.22785,-0.45166,2.9587,-0.20855,-0.6371,2.8371,-0.20754,-0.70891,2.7884,-0.46309,-0.53133,2.8288,-0.50153,-0.85555,2.7509,-0.52576,-1.1789,2.7477,-0.51453,-1.2313,2.6709,-0.3337,-0.53554,2.8624,-0.3514,-0.87175,2.795,-0.35279,-1.1887,2.7785,-0.33538,-1.2329,2.6978
-0.40065,-0.47203,2.8727,-0.41372,-0.42615,2.9421,-0.41967,-0.074405,3.034,-0.4295,0.1189,3.0789,-0.57041,-0.19925,2.947,-0.61647,-0.4347,2.8668,-0.61038,-0.61456,2.7347,-0.61641,-0.68996,2.6924,-0.28165,-0.19689,3.0122,-0.2273,-0.45136,2.9591,-0.20919,-0.63705,2.8378,-0.20812,-0.70784,2.7877,-0.46264,-0.53142,2.8292,-0.50201,-0.8556,2.7495,-0.52533,-1.1788,2.7453,-0.51316,-1.2305,2.6682,-0.33301,-0.53546,2.8617,-0.34959,-0.87116,2.7952,-0.35165,-1.189,2.7779,-0.33377,-1.2328,2.6971
-0.40013,-0.47269,2.8729,-0.41294,-0.42699,2.9423,-0.41748,-0.076573,3.0361,-0.43037,0.11815,3.0791,-0.5702,-0.19871,2.9476,-0.61576,-0.43596,2.8656,-0.60942,-0.61598,2.7336,-0.61386,-0.68956,2.688,-0.28454,-0.19533,3.0111,-0.22747,-0.45007,2.959,-0.21039,-0.63553,2.8369,-0.20855,-0.70664,2.7875,-0.46203,-0.53156,2.8294,-0.50223,-0.85624,2.7492,-0.52565,-1.1786,2.7465,-0.5141,-1.2312,2.67,-0.33293,-0.53584,2.862,-0.35073,-0.87294,2.7947,-0.35315,-1.1892,2.7773,-0.33585,-1.2331,2.6965
-0.39931,-0.47082,2.8735,-0.41245,-0.42528,2.9426,-0.41672,-0.075233,3.0353,-0.42849,0.1179,3.082,-0.56857,-0.1962,2.9473,-0.61559,-0.43522,2.865,-0.61025,-0.61542,2.7331,-0.61397,-0.6894,2.6883,-0.28023,-0.19494,3.0128,-0.22706,-0.44933,2.9593,-0.20966,-0.6348,2.8371,-0.20759,-0.70596,2.7878,-0.46155,-0.53,2.8293,-0.50206,-0.85456,2.7485,-0.52623,-1.1769,2.7465,-0.5142,-1.2298,2.6703,-0.33206,-0.53539,2.8628,-0.35103,-0.87415,2.7946,-0.34964,-1.1887,2.7772,-0.33075,-1.2321,2.6965
-0.39982,-0.47206,2.8725,-0.41281,-0.42603,2.9416,-0.41827,-0.07618,3.0314,-0.42914,0.11896,3.0807,-0.56899,-0.19859,2.9465,-0.61548,-0.43568,2.8646,-0.60983,-0.61572,2.7324,-0.61371,-0.6903,2.6888,-0.2824,-0.19524,3.011,-0.2276,-0.44913,2.9586,-0.21009,-0.6345,2.8362,-0.20738,-0.70626,2.788,-0.46167,-0.5305,2.8291,-0.50246,-0.85426,2.7484,-0.52536,-1.1773,2.7464,-0.51324,-1.2296,2.6699,-0.33288,-0.53629,2.862,-0.35042,-0.87132,2.795,-0.35114,-1.1896,2.7777,-0.33309,-1.2331,2.697
-0.40011,-0.47268,2.8729,-0.41262,-0.42737,2.9424,-0.41514,-0.078185,3.0383,-0.43039,0.1171,3.0809,-0.56893,-0.19855,2.9467,-0.61564,-0.43446,2.8649,-0.60906,-0.61422,2.7323,-0.61519,-0.68848,2.6885,-0.28239,-0.19555,3.0112,-0.22757,-0.449,2.9585,-0.21087,-0.63381,2.835,-0.20842,-0.70674,2.7887,-0.46202,-0.53101,2.8288,-0.50318,-0.85533,2.7485,-0.52591,-1.1779,2.7454,-0.51398,-1.2306,2.6691,-0.33317,-0.53666,2.8627,-0.34889,-0.87097,2.7961,-0.35245,-1.1901,2.7767,-0.3352,-1.2337,2.6959
-0.40051,-0.47286,2.8733,-0.41281,-0.42768,2.9428,-0.41528,-0.078599,3.0387,-0.43015,0.1183,3.0817,-0.56865,-0.19891,2.9474,-0.61568,-0.43548,2.8643,-0.61001,-0.61548,2.732,-0.61381,-0.68889,2.6865,-0.2837,-0.19572,3.0111,-0.2279,-0.44872,2.9594,-0.21041,-0.63368,2.8363,-0.20824,-0.70583,2.7887,-0.46201,-0.53108,2.829,-0.50185,-0.85785,2.7491,-0.52754,-1.1781,2.7457,-0.51665,-1.2307,2.6692,-0.33483,-0.53585,2.8632,-0.34893,-0.87213,2.7959,-0.3524,-1.1892,2.7768,-0.33527,-1.2329,2.696
-0.39918,-0.47247,2.8743,-0.41234,-0.42705,2.9435,-0.41832,-0.077076,3.0376,-0.43021,0.11845,3.0837,-0.56878,-0.19806,2.9493,-0.61699,-0.43404,2.8658,-0.61367,-0.61447,2.7341,-0.61799,-0.68549,2.6851,-0.28166,-0.19566,3.0132,-0.22864,-0.45019,2.959,-0.21062,-0.63531,2.8363,-0.2087,-0.70694,2.788,-0.46044,-0.53078,2.8306,-0.50152,-0.85812,2.7502,-0.52732,-1.1779,2.7451,-0.51632,-1.2293,2.6679,-0.33158,-0.53573,2.8642,-0.35017,-0.87307,2.7957,-0.35449,-1.1889,2.7775,-0.33756,-1.2326,2.6967
-0.39962,-0.47269,2.8747,-0.41231,-0.42771,2.9442,-0.41788,-0.077296,3.0418,-0.4304,0.11846,3.0842,-0.5698,-0.19888,2.9505,-0.61753,-0.43376,2.8666,-0.61584,-0.6141,2.7347,-0.61696,-0.68639,2.6875,-0.28301,-0.19506,3.0137,-0.22795,-0.45036,2.9605,-0.21133,-0.63624,2.8365,-0.20847,-0.70838,2.7891,-0.46118,-0.53083,2.8311,-0.5016,-0.85821,2.7505,-0.5262,-1.1782,2.7443,-0.51535,-1.2296,2.6671,-0.3323,-0.53588,2.8639,-0.35115,-0.87625,2.7963,-0.35533,-1.1893,2.7778,-0.33884,-1.2332,2.6969
-0.40051,-0.47158,2.875,-0.41296,-0.4263,2.9445,-0.41858,-0.075018,3.0401,-0.4301,0.11964,3.087,-0.57028,-0.19913,2.9511,-0.61722,-0.43468,2.8666,-0.61504,-0.61482,2.7344,-0.61559,-0.68759,2.688,-0.28333,-0.19449,3.0138,-0.22767,-0.44928,2.9619,-0.21254,-0.63613,2.8416,-0.20904,-0.70605,2.7911,-0.46219,-0.5297,2.8317,-0.50133,-0.85729,2.7511,-0.52564,-1.1774,2.7456,-0.51486,-1.2287,2.6683,-0.33297,-0.53527,2.8639,-0.35124,-0.8742,2.7967,-0.35599,-1.1889,2.7774,-0.33983,-1.2323,2.6964
-0.39991,-0.47122,2.876,-0.41242,-0.42595,2.9457,-0.41723,-0.07433,3.0429,-0.4286,0.11857,3.0891,-0.56911,-0.19733,2.952,-0.61735,-0.43547,2.8674,-0.61156,-0.61505,2.7344,-0.61293,-0.68842,2.689,-0.28253,-0.19347,3.0154,-0.22747,-0.44771,2.9617,-0.21212,-0.63603,2.844,-0.20973,-0.70512,2.7924,-0.46197,-0.5294,2.8325,-0.50268,-0.8555,2.7508,-0.52586,-1.1767,2.7471,-0.51453,-1.2291,2.6706,-0.33233,-0.5345,2.8651,-0.35014,-0.87283,2.7971,-0.3536,-1.1882,2.7787,-0.3368,-1.2321,2.698
-0.3997,-0.47279,2.8761,-0.41236,-0.42661,2.9459,-0.41645,-0.070273,3.0438,-0.43107,0.1258,3.0955,-0.56773,-0.19976,2.9501,-0.61742,-0.43502,2.868,-0.61084,-0.61457,2.7349,-0.61229,-0.68799,2.6897,-0.28533,-0.19248,3.0153,-0.22709,-0.44661,2.9617,-0.2109,-0.63542,2.8449,-0.20898,-0.70532,2.7944,-0.46153,-0.53073,2.8326,-0.50117,-0.85561,2.7524,-0.52688,-1.1785,2.7463,-0.51573,-1.2299,2.6691,-0.33283,-0.53552,2.8655,-0.35244,-0.87444,2.7973,-0.35363,-1.1893,2.778,-0.33592,-1.2323,2.697
-0.39923,-0.47237,2.8769,-0.4113,-0.4263,2.9469,-0.41567,-0.070171,3.0449,-0.43302,0.12617,3.097,-0.57121,-0.1997,2.9518,-0.61767,-0.43621,2.8681,-0.61165,-0.61636,2.7359,-0.61432,-0.69079,2.6924,-0.28759,-0.19162,3.0134,-0.22692,-0.44703,2.9618,-0.2125,-0.63495,2.8431,-0.2091,-0.70555,2.7937,-0.46105,-0.53118,2.8331,-0.50243,-0.85482,2.7521,-0.52632,-1.1786,2.7463,-0.51587,-1.2301,2.6691,-0.33233,-0.53404,2.8669,-0.35522,-0.87396,2.7953,-0.35074,-1.1871,2.779,-0.33283,-1.2308,2.6985
-0.40006,-0.47183,2.877,-0.41267,-0.42611,2.9469,-0.41748,-0.071533,3.0465,-0.43118,0.12331,3.0997,-0.57074,-0.19784,2.9522,-0.61708,-0.43638,2.8668,-0.6117,-0.61769,2.7362,-0.61417,-0.69182,2.6922,-0.28413,-0.19562,3.0161,-0.22724,-0.44735,2.961,-0.21189,-0.635,2.8419,-0.20923,-0.70497,2.7915,-0.46219,-0.53074,2.8324,-0.50197,-0.85502,2.752,-0.52658,-1.1787,2.7447,-0.51518,-1.2299,2.6674,-0.33319,-0.53407,2.8668,-0.35568,-0.87465,2.7952,-0.35105,-1.1872,2.7789,-0.33193,-1.2311,2.6987
-0.40092,-0.47187,2.8765,-0.41386,-0.42582,2.9467,-0.4188,-0.069292,3.0476,-0.4297,0.1222,3.0969,-0.56918,-0.19728,2.9524,-0.61631,-0.43704,2.8677,-0.61113,-0.61758,2.7359,-0.61315,-0.69108,2.6908,-0.28519,-0.19456,3.018,-0.22859,-0.4489,2.9614,-0.2135,-0.6348,2.8391,-0.21,-0.706,2.7906,-0.46263,-0.53004,2.8318,-0.50244,-0.8543,2.7514,-0.52648,-1.1782,2.7453,-0.51441,-1.23,2.6685,-0.33444,-0.53415,2.866,-0.35452,-0.87417,2.7956,-0.35146,-1.1879,2.7789,-0.33215,-1.2318,2.6988
-0.40156,-0.47035,2.8769,-0.41437,-0.42477,2.9471,-0.42075,-0.069572,3.0468,-0.43126,0.12224,3.0952,-0.57019,-0.19721,2.9535,-0.6166,-0.4371,2.868,-0.61029,-0.61781,2.7364,-0.61176,-0.69074,2.6904,-0.28415,-0.19308,3.0191,-0.22838,-0.44698,2.961,-0.21238,-0.63412,2.8409,-0.21042,-0.70584,2.7931,-0.46331,-0.52911,2.8326,-0.50136,-0.85498,2.7518,-0.52712,-1.1773,2.7467,-0.51592,-1.2295,2.6702,-0.33455,-0.53287,2.8658,-0.35567,-0.87192,2.7949,-0.35322,-1.1864,2.7783,-0.33434,-1.2306,2.6982
-0.40143,-0.47094,2.8772,-0.41407,-0.4252,2.9473,-0.41981,-0.07174,3.0447,-0.43211,0.12069,3.0936,-0.5714,-0.19819,2.9529,-0.61623,-0.43731,2.8678,-0.6106,-0.61737,2.7351,-0.61365,-0.69116,2.6907,-0.28635,-0.19239,3.018,-0.22826,-0.44681,2.9607,-0.21329,-0.63487,2.8419,-0.21061,-0.70699,2.7948,-0.46304,-0.52965,2.8323,-0.50194,-0.85607,2.7522,-0.52663,-1.1779,2.747,-0.51536,-1.2298,2.6701,-0.3346,-0.53364,2.8666,-0.35482,-0.87209,2.7948,-0.35227,-1.187,2.7785,-0.33364,-1.2311,2.6984
-0.40042,-0.46976,2.8776,-0.4137,-0.42433,2.9476,-0.41995,-0.071012,3.0466,-0.43041,0.12231,3.0926,-0.57021,-0.19835,2.9514,-0.61646,-0.43641,2.8677,-0.60969,-0.61628,2.7347,-0.61256,-0.691,2.6918,-0.28188,-0.19353,3.0186,-0.22848,-0.44813,2.9597,-0.21253,-0.63668,2.8418,-0.21031,-0.70658,2.7915,-0.46225,-0.52901,2.8326,-0.50259,-0.85526,2.7518,-0.5264,-1.1773,2.7464,-0.51444,-1.2293,2.6698,-0.33223,-0.53186,2.8666,-0.35612,-0.87126,2.7952,-0.35073,-1.1854,2.7788,-0.33094,-1.2292,2.6988
-0.40213,-0.47206,2.8762,-0.41438,-0.42628,2.9468,-0.41865,-0.071741,3.0476,-0.43188,0.11966,3.0927,-0.56942,-0.19803,2.9519,-0.61692,-0.43806,2.8664,-0.60967,-0.61788,2.7331,-0.61347,-0.69364,2.6923,-0.28496,-0.19356,3.015,-0.2289,-0.44848,2.9592,-0.20994,-0.636,2.8398,-0.20856,-0.70681,2.7908,-0.46399,-0.53085,2.832,-0.50335,-0.85427,2.7506,-0.52525,-1.1788,2.7471,-0.51362,-1.2318,2.6712,-0.33539,-0.53389,2.8641,-0.35481,-0.87147,2.7957,-0.34952,-1.1879,2.7785,-0.33056,-1.2318,2.6984
0.033773,-0.26429,2.0249,0.03132,-0.21527,2.0946,0.044201,0.14438,2.1781,0.028012,0.32442,2.2211,-0.11873,0.014443,2.1191,-0.17129,-0.22973,2.0487,-0.17087,-0.41857,1.9343,-0.17172,-0.47972,1.8993,0.1728,0.013548,2.1448,0.22059,-0.23089,2.0767,0.23592,-0.41649,1.9576,0.23501,-0.49612,1.914,-0.0332,-0.32606,1.9866,0.00012001,-0.74367,1.9512,0.024783,-1.0528,1.9083,0.03792,-1.0859,1.8187,0.097927,-0.32594,2.0128,-0.037204,-0.6432,1.9388,-0.18386,-0.98753,1.8466,-0.1986,-1.0057,1.753
0.035508,-0.24911,2.0253,0.030384,-0.203,2.0948,0.042656,0.14758,2.1793,0.032352,0.32449,2.2231,-0.11179,0.031295,2.1229,-0.17087,-0.215,2.0562,-0.16587,-0.41405,1.9394,-0.16534,-0.47756,1.9072,0.18053,0.024299,2.1576,0.22259,-0.20954,2.0876,0.23476,-0.40836,1.963,0.23424,-0.49216,1.9165,-0.032781,-0.30546,1.9879,-0.035198,-0.65731,1.9445,-0.037584,-1.0048,1.8885,-0.027507,-1.0346,1.8012,0.10196,-0.31549,2.0107,0.070953,-0.6856,1.951,0.043816,-1.0096,1.884,0.049171,-1.0361,1.7953
0.036676,-0.24488,2.026,0.031149,-0.19906,2.0946,0.040038,0.14731,2.1789,0.031792,0.32436,2.2209,-0.11319,0.029876,2.1224,-0.17089,-0.21113,2.0582,-0.16568,-0.4089,1.9435,-0.16512,-0.47618,1.9091,0.17842,0.024848,2.1581,0.22188,-0.21181,2.0889,0.23255,-0.40711,1.9651,0.22961,-0.49425,1.9162,-0.03074,-0.30183,1.9884,-0.039292,-0.65798,1.9432,-0.047505,-0.99996,1.8864,-0.038286,-1.03,1.7976,0.10306,-0.3111,2.0113,0.072621,-0.68567,1.9491,0.046751,-1.0041,1.8812,0.052464,-1.0305,1.791
0.037638,-0.24311,2.0262,0.032568,-0.19745,2.0944,0.041345,0.14674,2.1787,0.030962,0.32397,2.2185,-0.11441,0.025762,2.1206,-0.17046,-0.21234,2.0575,-0.16523,-0.40803,1.9442,-0.16447,-0.47564,1.9095,0.17842,0.025683,2.1566,0.22242,-0.20459,2.0931,0.23213,-0.40644,1.966,0.22915,-0.49495,1.9158,-0.029838,-0.30081,1.9884,-0.039369,-0.65879,1.9427,-0.048391,-0.99768,1.8858,-0.039898,-1.0277,1.7967,0.10376,-0.30954,2.0114,0.097321,-0.64944,1.9484,0.090642,-1.002,1.8707,0.099603,-1.0267,1.78
0.038285,-0.24272,2.0255,0.03302,-0.19726,2.0935,0.041903,0.14587,2.1773,0.033418,0.32464,2.2171,-0.11352,0.026938,2.1201,-0.17101,-0.21333,2.0564,-0.16552,-0.40881,1.9435,-0.1644,-0.47734,1.9082,0.18203,0.023825,2.1568,0.22268,-0.20377,2.0924,0.23157,-0.4058,1.9656,0.22879,-0.49511,1.9147,-0.029399,-0.30059,1.9873,-0.04013,-0.65771,1.9421,-0.050326,-0.99705,1.8856,-0.04157,-1.0273,1.7963,0.10447,-0.30956,2.0106,0.064327,-0.68414,1.9462,0.030607,-0.9988,1.877,0.034688,-1.0249,1.7862
0.03816,-0.24132,2.0248,0.032698,-0.19589,2.0926,0.041544,0.14686,2.1758,0.033342,0.32495,2.2152,-0.11225,0.032937,2.1205,-0.1706,-0.21266,2.0559,-0.16523,-0.40842,1.9433,-0.16498,-0.47648,1.908,0.18237,0.02484,2.1561,0.22223,-0.20461,2.0892,0.23133,-0.40512,1.9648,0.22873,-0.495,1.9132,-0.029307,-0.29915,1.9867,-0.037107,-0.65692,1.9411,-0.044495,-0.99583,1.8845,-0.034871,-1.026,1.7952,0.10418,-0.30849,2.0097,0.070491,-0.68443,1.9452,0.042303,-0.99904,1.8762,0.047781,-1.0251,1.7853
0.038036,-0.24149,2.0239,0.033021,-0.19591,2.0917,0.04176,0.14687,2.1753,0.032781,0.32509,2.2148,-0.11323,0.032699,2.1204,-0.1705,-0.21297,2.0553,-0.16568,-0.40696,1.9432,-0.16529,-0.4754,1.9077,0.1801,0.024725,2.1534,0.22165,-0.20833,2.0861,0.23104,-0.40519,1.9634,0.22821,-0.49556,1.9114,-0.029366,-0.29858,1.9856,-0.036213,-0.65689,1.9403,-0.042678,-0.99515,1.884,-0.033575,-1.0253,1.7948,0.10396,-0.30848,2.0091,0.07128,-0.68569,1.9452,0.044117,-0.99919,1.8771,0.049072,-1.0254,1.7862
0.03804,-0.24281,2.023,0.032822,-0.19678,2.0909,0.041464,0.14712,2.1749,0.035044,0.32468,2.2157,-0.11234,0.031058,2.1183,-0.17062,-0.21299,2.0552,-0.16601,-0.40874,1.9418,-0.16509,-0.47742,1.9062,0.17992,0.024005,2.1531,0.22184,-0.20528,2.0873,0.23065,-0.40532,1.9623,0.22846,-0.4958,1.9098,-0.029181,-0.29978,1.9842,-0.036857,-0.65792,1.9401,-0.044106,-0.99609,1.885,-0.034732,-1.0266,1.7958,0.10384,-0.30954,2.0088,0.090504,-0.6544,1.9451,0.077114,-1.0007,1.8685,0.085434,-1.0256,1.7775
0.038449,-0.24161,2.0233,0.033475,-0.19619,2.0909,0.043371,0.14555,2.1749,0.034396,0.32413,2.2148,-0.11321,0.029308,2.1187,-0.17103,-0.21288,2.0552,-0.16628,-0.40993,1.9406,-0.16583,-0.47846,1.9041,0.18028,0.024366,2.153,0.2219,-0.20446,2.0872,0.23062,-0.40538,1.9619,0.22732,-0.49616,1.9092,-0.028721,-0.29904,1.9849,-0.037767,-0.6564,1.94,-0.046325,-0.99447,1.884,-0.037621,-1.0248,1.7947,0.10432,-0.30871,2.0087,0.086516,-0.67121,1.9451,0.070384,-0.99961,1.8734,0.077651,-1.0252,1.7825
0.038079,-0.24283,2.0226,0.033354,-0.19719,2.0903,0.043009,0.14575,2.1752,0.03358,0.32408,2.2143,-0.11442,0.025419,2.1175,-0.17079,-0.21258,2.0544,-0.16605,-0.40692,1.9415,-0.16549,-0.47655,1.9044,0.17908,0.024517,2.1521,0.22175,-0.20642,2.0863,0.23058,-0.40553,1.9617,0.22505,-0.4968,1.9091,-0.029233,-0.30044,1.9842,-0.040273,-0.65563,1.9397,-0.050846,-0.99578,1.8838,-0.042944,-1.0262,1.7944,0.10418,-0.30909,2.0082,0.072692,-0.6845,1.9448,0.046324,-0.99891,1.8767,0.051026,-1.0251,1.7859
0.037772,-0.242,2.023,0.032775,-0.19668,2.0906,0.041943,0.14545,2.1756,0.033075,0.32488,2.2142,-0.11393,0.027936,2.1181,-0.17074,-0.21249,2.0545,-0.16557,-0.40456,1.9425,-0.16546,-0.47414,1.906,0.18046,0.025076,2.1536,0.22185,-0.20349,2.0884,0.23049,-0.40533,1.9618,0.22465,-0.49727,1.9099,-0.029568,-0.29954,1.985,-0.041954,-0.65457,1.9397,-0.053812,-0.99446,1.8829,-0.045688,-1.0247,1.7935,0.10381,-0.30833,2.0082,0.08706,-0.65737,1.9457,0.070677,-0.99887,1.8715,0.078064,-1.0243,1.7805
0.037623,-0.24127,2.0234,0.032423,-0.19569,2.0909,0.040692,0.14706,2.1754,0.03219,0.32499,2.2142,-0.11359,0.029586,2.1191,-0.17068,-0.21274,2.0546,-0.1654,-0.40516,1.9425,-0.16526,-0.47463,1.9063,0.18003,0.025425,2.1548,0.22206,-0.20322,2.0896,0.23028,-0.40531,1.9622,0.22464,-0.49742,1.9102,-0.029494,-0.29866,1.9858,-0.040892,-0.65404,1.9398,-0.051783,-0.9936,1.8824,-0.043247,-1.0236,1.793,0.10377,-0.3077,2.0083,0.075382,-0.68349,1.946,0.051612,-0.99813,1.8788,0.0575,-1.0247,1.7881
0.03606,-0.24119,2.0237,0.030651,-0.1954,2.0911,0.038536,0.14782,2.1753,0.031245,0.324,2.2144,-0.11269,0.03203,2.1198,-0.17105,-0.21297,2.0552,-0.16558,-0.40578,1.9428,-0.16543,-0.47519,1.9062,0.18121,0.026648,2.1562,0.22199,-0.20615,2.0892,0.23008,-0.40495,1.9628,0.22604,-0.49726,1.9106,-0.030969,-0.29893,1.9867,-0.040774,-0.65463,1.9404,-0.050128,-0.99396,1.8828,-0.040937,-1.0239,1.7934,0.10256,-0.30739,2.0083,0.073904,-0.68272,1.9457,0.049852,-0.99775,1.8783,0.056056,-1.0242,1.7876
0.035003,-0.24166,2.0237,0.030199,-0.19589,2.0912,0.037637,0.14746,2.1755,0.030564,0.32358,2.2143,-0.11521,0.028779,2.12,-0.17092,-0.21304,2.0556,-0.16564,-0.40661,1.943,-0.16565,-0.47632,1.9068,0.17698,0.025843,2.1535,0.22189,-0.20946,2.0877,0.22983,-0.40464,1.9635,0.2264,-0.497,1.911,-0.032255,-0.29929,1.987,-0.038478,-0.65543,1.9409,-0.044405,-0.99463,1.8837,-0.035611,-1.0245,1.7942,0.10153,-0.30754,2.0081,0.065424,-0.68662,1.9461,0.035851,-0.99713,1.88,0.03983,-1.0238,1.7892
0.034045,-0.24131,2.0241,0.029147,-0.19564,2.0914,0.036742,0.1471,2.175,0.031045,0.3239,2.215,-0.11566,0.029239,2.1205,-0.17125,-0.2133,2.056,-0.16558,-0.40552,1.9444,-0.16547,-0.47529,1.9082,0.17838,0.026282,2.155,0.22176,-0.20785,2.0884,0.2296,-0.40476,1.9638,0.22678,-0.49754,1.9119,-0.033503,-0.29915,1.988,-0.038679,-0.6547,1.9414,-0.043625,-0.99446,1.8836,-0.034423,-1.0241,1.7941,0.10046,-0.30718,2.0081,0.069734,-0.6845,1.9468,0.044224,-0.99779,1.881,0.049271,-1.0246,1.7902
0.033394,-0.24002,2.0248,0.028264,-0.19444,2.0921,0.036124,0.14765,2.1756,0.03274,0.32395,2.2161,-0.1153,0.032048,2.1216,-0.17144,-0.21273,2.0562,-0.16582,-0.40633,1.9442,-0.16531,-0.47605,1.9077,0.18027,0.026134,2.1566,0.22193,-0.20649,2.0895,0.22904,-0.40435,1.9647,0.22662,-0.49702,1.9124,-0.034172,-0.29762,1.9888,-0.040194,-0.65453,1.9412,-0.045895,-0.99246,1.8827,-0.03642,-1.0219,1.7931,0.10006,-0.30671,2.0084,0.092385,-0.64821,1.9479,0.025227,-0.99354,1.9427,0.018175,-1.0438,1.8627
0.032523,-0.24119,2.0248,0.028279,-0.19533,2.0923,0.037399,0.14766,2.1771,0.033657,0.32416,2.2176,-0.11739,0.028386,2.1212,-0.1714,-0.2124,2.0562,-0.16574,-0.40646,1.9447,-0.16467,-0.47602,1.9077,0.17508,0.027605,2.154,0.22083,-0.20707,2.089,0.22881,-0.40436,1.9651,0.22611,-0.49733,1.913,-0.03541,-0.29891,1.9891,-0.040364,-0.65619,1.9414,-0.045047,-0.99385,1.8828,-0.036511,-1.0232,1.7931,0.098984,-0.30711,2.0082,0.061908,-0.68324,1.9469,0.031036,-0.99644,1.8809,0.034312,-1.0232,1.7901
0.032646,-0.23986,2.0255,0.027948,-0.19426,2.0929,0.036904,0.14787,2.177,0.032859,0.32435,2.2169,-0.11502,0.032798,2.1228,-0.17153,-0.2126,2.0561,-0.16646,-0.40508,1.9453,-0.16455,-0.4749,1.9085,0.17795,0.027569,2.1555,0.22028,-0.20366,2.0908,0.22871,-0.40441,1.9653,0.22499,-0.49747,1.913,-0.034984,-0.29742,1.9897,-0.042089,-0.65497,1.9413,-0.048784,-0.99189,1.8822,-0.040128,-1.0211,1.7926,0.099157,-0.30594,2.0091,0.083154,-0.66893,1.9476,0.068684,-0.99714,1.878,0.075849,-1.0232,1.7872
0.032507,-0.23967,2.0259,0.027696,-0.19421,2.093,0.03632,0.14706,2.1767,0.032184,0.32396,2.216,-0.11653,0.029917,2.1228,-0.17177,-0.21383,2.0562,-0.16647,-0.4059,1.9454,-0.1646,-0.47571,1.9084,0.17914,0.027514,2.1573,0.21991,-0.20288,2.0913,0.22845,-0.4044,1.9657,0.22417,-0.49789,1.914,-0.035373,-0.29764,1.9901,-0.040749,-0.65387,1.9413,-0.045848,-0.99181,1.8816,-0.036812,-1.0209,1.7919,0.099058,-0.30586,2.0093,0.067742,-0.68244,1.9469,0.041719,-0.99537,1.8801,0.04655,-1.0219,1.7893
0.033254,-0.2383,2.0269,0.027751,-0.19287,2.0938,0.035264,0.1475,2.1762,0.032815,0.32416,2.2153,-0.11614,0.029314,2.1225,-0.1721,-0.2129,2.0573,-0.16712,-0.40474,1.9471,-0.16463,-0.47452,1.9099,0.18178,0.028244,2.1607,0.21943,-0.20194,2.0919,0.22778,-0.40384,1.9667,0.22444,-0.49747,1.9148,-0.034049,-0.29645,1.9909,-0.042683,-0.65347,1.9411,-0.050823,-0.99007,1.8807,-0.041577,-1.019,1.791,0.099818,-0.30495,2.0102,0.084124,-0.66869,1.9475,0.070028,-0.99542,1.8772,0.07812,-1.0213,1.7864
0.033231,-0.23786,2.0271,0.027419,-0.19233,2.094,0.034715,0.14805,2.1757,0.034621,0.32455,2.2153,-0.1142,0.03388,2.1229,-0.17247,-0.21203,2.0579,-0.16756,-0.40335,1.9482,-0.16502,-0.4733,1.911,0.182,0.028047,2.1605,0.21908,-0.20179,2.0922,0.2276,-0.40403,1.9671,0.22398,-0.49781,1.9152,-0.033735,-0.29578,1.9913,-0.040993,-0.65356,1.9413,-0.047801,-0.98914,1.8809,-0.037858,-1.018,1.7912,0.099743,-0.30457,2.0106,0.082422,-0.66675,1.9469,0.066759,-0.99429,1.8754,0.075023,-1.0199,1.7846
0.033632,-0.2391,2.027,0.028531,-0.19345,2.094,0.035568,0.14734,2.1759,0.033378,0.32457,2.2146,-0.11728,0.027989,2.1214,-0.17252,-0.21305,2.0572,-0.16732,-0.40647,1.9467,-0.16539,-0.47661,1.9096,0.17789,0.025884,2.1561,0.21874,-0.20261,2.0917,0.22763,-0.40447,1.9669,0.2246,-0.49826,1.9148,-0.033318,-0.29747,1.991,-0.039024,-0.65381,1.9417,-0.044423,-0.99092,1.8816,-0.035415,-1.0198,1.7918,0.099953,-0.30516,2.0107,0.06554,-0.68203,1.9468,0.037124,-0.99323,1.8791,0.041535,-1.0194,1.7881
0.03364,-0.23694,2.0275,0.028459,-0.19149,2.0943,0.035477,0.14839,2.1757,0.034085,0.32443,2.2152,-0.11719,0.031355,2.123,-0.17349,-0.21283,2.0573,-0.16752,-0.40765,1.9464,-0.16542,-0.47772,1.9091,0.17962,0.027699,2.1575,0.21946,-0.20475,2.09,0.22767,-0.40473,1.9666,0.22472,-0.49872,1.9148,-0.033514,-0.29506,1.9914,-0.038359,-0.65386,1.9419,-0.042881,-0.98867,1.8822,-0.033641,-1.0176,1.7924,0.10011,-0.30381,2.0112,0.072485,-0.68404,1.947,0.050033,-0.99303,1.8796,0.055653,-1.0191,1.7887
0.03339,-0.23709,2.0274,0.02888,-0.19174,2.0943,0.036426,0.14753,2.1753,0.031869,0.32419,2.2141,-0.1191,0.028876,2.1233,-0.17417,-0.21439,2.0563,-0.16778,-0.40868,1.9462,-0.16578,-0.4786,1.9087,0.17868,0.028168,2.1563,0.22034,-0.20254,2.0912,0.22895,-0.40561,1.9648,0.22604,-0.49963,1.913,-0.034033,-0.29578,1.9912,-0.04013,-0.65517,1.9422,-0.045796,-0.98922,1.883,-0.037549,-1.0183,1.7932,0.099954,-0.30412,2.0111,0.086422,-0.66491,1.9483,0.074075,-0.99411,1.8771,0.081065,-1.0197,1.7861
-0.48976,-0.23508,1.9231,-0.49293,-0.18087,1.9894,-0.47815,0.18567,2.0497,-0.45507,0.36704,2.1005,-0.60105,0.06293,1.9895,-0.71317,-0.18853,1.9765,-0.75017,-0.38835,1.8632,-0.75028,-0.43547,1.8369,-0.32041,0.05616,2.0172,-0.27675,-0.18759,1.9212,-0.26839,-0.38985,1.7868,-0.27965,-0.46033,1.7456,-0.5547,-0.29439,1.8927,-0.54727,-0.64503,1.8323,-0.53976,-0.99889,1.7584,-0.52934,-1.0259,1.6642,-0.42823,-0.29736,1.9129,-0.49324,-0.69119,1.8363,-0.54259,-0.99019,1.7617,-0.54229,-1.0156,1.6665
-0.49899,-0.22922,1.9236,-0.50411,-0.17498,1.9888,-0.49205,0.18908,2.0457,-0.47718,0.3736,2.0962,-0.62629,0.062775,1.9838,-0.73141,-0.19614,1.9647,-0.7882,-0.38946,1.8468,-0.78449,-0.4322,1.8195,-0.33503,0.058916,2.0216,-0.29475,-0.18288,1.9297,-0.27253,-0.38876,1.791,-0.27657,-0.45392,1.7528,-0.56518,-0.2875,1.8945,-0.57679,-0.62778,1.818,-0.58824,-0.96355,1.7292,-0.57866,-0.98697,1.6354,-0.43466,-0.2963,1.9125,-0.46373,-0.62737,1.8425,-0.49398,-0.97188,1.7571,-0.48719,-0.99658,1.6633
-0.54987,-0.21889,1.9106,-0.56561,-0.16445,1.9741,-0.57985,0.19989,2.0266,-0.56961,0.38172,2.0833,-0.7141,0.071232,1.9591,-0.79682,-0.18274,1.9201,-0.84229,-0.37233,1.7914,-0.83835,-0.43173,1.7558,-0.4291,0.069354,2.0265,-0.38073,-0.17693,1.9599,-0.34376,-0.38008,1.8307,-0.33992,-0.44601,1.7876,-0.61194,-0.27998,1.8709,-0.64872,-0.63496,1.8193,-0.68237,-0.95962,1.7579,-0.66826,-0.99002,1.6674,-0.48034,-0.28795,1.909,-0.49274,-0.62469,1.8299,-0.50517,-0.96201,1.7376,-0.48738,-0.98506,1.6456
-0.58202,-0.2173,1.9064,-0.60193,-0.16315,1.9683,-0.62199,0.19798,2.0172,-0.62601,0.3796,2.0669,-0.75032,0.072051,1.9413,-0.83299,-0.17387,1.8839,-0.85577,-0.37275,1.7675,-0.86807,-0.4312,1.7295,-0.46786,0.070769,2.0227,-0.41812,-0.17724,1.9691,-0.38083,-0.37147,1.8467,-0.36948,-0.43994,1.8024,-0.64034,-0.27964,1.8644,-0.65348,-0.63213,1.81,-0.66578,-0.96204,1.7452,-0.64368,-0.99144,1.6551,-0.51192,-0.28432,1.9094,-0.5062,-0.61874,1.8047,-0.50058,-0.94746,1.6885,-0.47649,-0.96545,1.5959
-0.5905,-0.2192,1.904,-0.61146,-0.16505,1.9658,-0.63231,0.19749,2.0163,-0.64147,0.37785,2.0643,-0.76083,0.070814,1.9348,-0.83911,-0.17491,1.8764,-0.86288,-0.37029,1.7551,-0.86894,-0.4334,1.7201,-0.48101,0.071529,2.0213,-0.42899,-0.18331,1.9708,-0.38844,-0.37638,1.8504,-0.37667,-0.43896,1.8124,-0.64838,-0.28215,1.86,-0.67694,-0.6264,1.8098,-0.70489,-0.96327,1.7472,-0.68381,-0.99457,1.6566,-0.52016,-0.28507,1.9086,-0.51716,-0.61862,1.7937,-0.51423,-0.94271,1.6688,-0.48907,-0.95918,1.5753
-0.58957,-0.21802,1.9025,-0.61119,-0.1638,1.9645,-0.63232,0.19859,2.0165,-0.63976,0.37972,2.0671,-0.75834,0.072162,1.9354,-0.83,-0.17534,1.8811,-0.84533,-0.37053,1.7587,-0.85065,-0.43216,1.7183,-0.47929,0.073733,2.0242,-0.42266,-0.17956,1.9713,-0.37936,-0.37121,1.8502,-0.36865,-0.43934,1.8091,-0.64599,-0.27949,1.8593,-0.65966,-0.63264,1.8099,-0.67243,-0.96281,1.7497,-0.64808,-0.99381,1.6595,-0.51977,-0.28373,1.9064,-0.52748,-0.63117,1.8147,-0.53465,-0.95415,1.7154,-0.50985,-0.97568,1.6225
-0.58712,-0.21846,1.9033,-0.60785,-0.16453,1.9654,-0.62538,0.19759,2.0189,-0.62798,0.37937,2.0728,-0.75287,0.074099,1.9397,-0.82477,-0.17481,1.8867,-0.84093,-0.36982,1.7648,-0.8416,-0.43273,1.7242,-0.47452,0.072614,2.025,-0.41784,-0.17839,1.9689,-0.3716,-0.3702,1.8439,-0.36356,-0.4392,1.8009,-0.64377,-0.27892,1.8604,-0.6667,-0.63705,1.8129,-0.6875,-0.96196,1.7556,-0.66517,-0.99419,1.6647,-0.51792,-0.28478,1.9067,-0.52093,-0.62878,1.8204,-0.5238,-0.95738,1.7244,-0.49879,-0.97964,1.6312
-0.58459,-0.21772,1.9048,-0.6046,-0.164,1.9672,-0.62169,0.1975,2.0211,-0.6213,0.37878,2.0741,-0.75109,0.074073,1.943,-0.82155,-0.17658,1.8918,-0.83651,-0.37283,1.7725,-0.82813,-0.43827,1.7398,-0.47088,0.071087,2.0259,-0.41707,-0.17847,1.9681,-0.37324,-0.37207,1.8431,-0.36677,-0.44223,1.7989,-0.64178,-0.27824,1.8612,-0.66499,-0.6377,1.817,-0.68593,-0.96207,1.7628,-0.66432,-0.99507,1.672,-0.51524,-0.28548,1.9088,-0.52459,-0.63873,1.8392,-0.53322,-0.96449,1.7609,-0.50957,-0.99073,1.6684
-0.58256,-0.21696,1.9063,-0.60304,-0.1635,1.9684,-0.62265,0.19772,2.0216,-0.61595,0.37886,2.0757,-0.74851,0.07399,1.9458,-0.81715,-0.17804,1.8961,-0.82466,-0.37965,1.7867,-0.81516,-0.43056,1.7537,-0.46671,0.070888,2.0285,-0.41797,-0.18485,1.9658,-0.38072,-0.3774,1.8454,-0.37526,-0.44562,1.8035,-0.63899,-0.27706,1.8633,-0.65931,-0.63524,1.8189,-0.67782,-0.96144,1.7642,-0.65587,-0.99429,1.6732,-0.51306,-0.28519,1.9097,-0.51935,-0.63945,1.8417,-0.52513,-0.96509,1.765,-0.50112,-0.99159,1.6724
-0.58153,-0.21639,1.9072,-0.60226,-0.16336,1.9691,-0.62132,0.19665,2.0231,-0.61428,0.37941,2.0766,-0.7467,0.073261,1.947,-0.81244,-0.1812,1.8988,-0.81275,-0.38435,1.7925,-0.80715,-0.42896,1.7633,-0.46311,0.071807,2.0318,-0.42079,-0.18124,1.9696,-0.38777,-0.37478,1.8496,-0.38395,-0.44314,1.81,-0.63855,-0.27728,1.8647,-0.66557,-0.63835,1.8189,-0.6897,-0.96085,1.7635,-0.66854,-0.99388,1.6721,-0.51169,-0.28445,1.91,-0.52183,-0.6379,1.8403,-0.53118,-0.96384,1.7619,-0.50743,-0.99021,1.669
-0.58164,-0.21656,1.9074,-0.6022,-0.16354,1.9694,-0.61826,0.19643,2.0245,-0.61174,0.37908,2.0765,-0.74487,0.074703,1.9478,-0.8109,-0.18181,1.8988,-0.80773,-0.38551,1.7939,-0.80423,-0.42866,1.7654,-0.46134,0.071694,2.0336,-0.41992,-0.17785,1.9712,-0.38848,-0.37195,1.8519,-0.38337,-0.44125,1.8114,-0.63922,-0.27705,1.8657,-0.67279,-0.63733,1.8176,-0.70279,-0.95924,1.7601,-0.68227,-0.99216,1.668,-0.51248,-0.2845,1.9094,-0.51958,-0.63673,1.8403,-0.52618,-0.96425,1.7621,-0.50147,-0.99068,1.6689
-0.58151,-0.22,1.9069,-0.60065,-0.16627,1.9695,-0.61247,0.19504,2.0262,-0.6116,0.37836,2.0761,-0.74479,0.071222,1.9471,-0.80969,-0.18277,1.898,-0.80602,-0.3866,1.7939,-0.80313,-0.42956,1.7675,-0.46449,0.069184,2.0285,-0.41867,-0.17605,1.9711,-0.38653,-0.37009,1.8523,-0.38192,-0.43925,1.811,-0.63981,-0.28047,1.864,-0.66028,-0.64853,1.8193,-0.67791,-0.96546,1.7659,-0.6561,-0.9986,1.6742,-0.51329,-0.28772,1.9095,-0.52064,-0.63652,1.8402,-0.5276,-0.96742,1.7607,-0.50398,-0.99363,1.6672
-0.58114,-0.21897,1.9072,-0.59992,-0.16541,1.9699,-0.60979,0.19615,2.0271,-0.61004,0.3784,2.0762,-0.74397,0.068876,1.9474,-0.80843,-0.18332,1.8978,-0.7995,-0.38689,1.794,-0.80144,-0.43108,1.7679,-0.46294,0.070097,2.0308,-0.41852,-0.17585,1.9711,-0.38599,-0.3693,1.8516,-0.38103,-0.43822,1.8099,-0.63958,-0.27889,1.8643,-0.65969,-0.63849,1.8189,-0.67787,-0.9637,1.7636,-0.65601,-0.99637,1.6723,-0.51309,-0.28718,1.9097,-0.51999,-0.6346,1.8401,-0.52659,-0.96681,1.7599,-0.50284,-0.99278,1.6669
-0.58072,-0.21865,1.9079,-0.59933,-0.16502,1.9708,-0.60831,0.1968,2.0285,-0.60958,0.37795,2.0762,-0.74334,0.068873,1.9484,-0.80729,-0.18451,1.8979,-0.79857,-0.38769,1.7938,-0.79806,-0.43291,1.7683,-0.46133,0.070849,2.0331,-0.41828,-0.17611,1.9705,-0.38677,-0.3689,1.8502,-0.3814,-0.43802,1.8088,-0.63946,-0.27905,1.8638,-0.67123,-0.63537,1.8171,-0.70035,-0.96195,1.76,-0.68039,-0.99471,1.6687,-0.5129,-0.28766,1.9108,-0.51861,-0.63456,1.8399,-0.52408,-0.96689,1.7583,-0.50004,-0.99242,1.6656
-0.58059,-0.21719,1.9086,-0.5992,-0.16391,1.9713,-0.60779,0.19686,2.0288,-0.60799,0.37853,2.0774,-0.74238,0.070224,1.9497,-0.80626,-0.18524,1.8986,-0.79834,-0.38795,1.7937,-0.79543,-0.43505,1.7681,-0.45968,0.071216,2.0353,-0.41865,-0.17567,1.9708,-0.38752,-0.37005,1.8486,-0.38167,-0.43799,1.8082,-0.63945,-0.27756,1.8645,-0.65415,-0.63873,1.82,-0.66735,-0.96316,1.7656,-0.64416,-0.99561,1.6752,-0.51284,-0.28649,1.9112,-0.51841,-0.63433,1.8399,-0.52371,-0.96578,1.7582,-0.49941,-0.99121,1.6658
-0.58007,-0.21705,1.9092,-0.59862,-0.16387,1.9721,-0.60744,0.19642,2.0299,-0.60801,0.37807,2.0776,-0.74233,0.069837,1.9507,-0.80539,-0.18616,1.8996,-0.79753,-0.38819,1.7934,-0.79444,-0.43478,1.7681,-0.459,0.071277,2.0367,-0.41778,-0.17551,1.9717,-0.38716,-0.36789,1.8503,-0.38156,-0.43775,1.8079,-0.63899,-0.27747,1.8654,-0.66612,-0.6357,1.8192,-0.69079,-0.9615,1.7629,-0.66979,-0.9941,1.6721,-0.51215,-0.28649,1.9117,-0.51706,-0.63408,1.8398,-0.52175,-0.96572,1.7575,-0.4974,-0.9909,1.6652
-0.57964,-0.21645,1.9101,-0.59861,-0.16353,1.9729,-0.60752,0.19642,2.0313,-0.60638,0.37783,2.0788,-0.74029,0.071282,1.9526,-0.80502,-0.18566,1.9004,-0.79636,-0.3874,1.7939,-0.79386,-0.43378,1.7682,-0.45665,0.071321,2.0411,-0.41801,-0.17554,1.9725,-0.38698,-0.36763,1.8512,-0.38258,-0.43874,1.8082,-0.63846,-0.27637,1.8663,-0.67249,-0.63228,1.8182,-0.70372,-0.95893,1.7598,-0.68316,-0.99146,1.6689,-0.5118,-0.28629,1.9123,-0.51672,-0.6346,1.8401,-0.5214,-0.96553,1.7577,-0.49627,-0.99072,1.6656
-0.57974,-0.21927,1.9104,-0.59738,-0.16636,1.9737,-0.60496,0.193,2.0324,-0.60887,0.37629,2.0783,-0.74336,0.064636,1.9534,-0.80488,-0.18689,1.9005,-0.7963,-0.38826,1.7934,-0.79397,-0.43345,1.7685,-0.46069,0.069233,2.0373,-0.41791,-0.17608,1.9731,-0.38718,-0.3695,1.8508,-0.38249,-0.43866,1.8081,-0.63892,-0.27936,1.8662,-0.66395,-0.63886,1.8199,-0.68655,-0.96362,1.7636,-0.666,-0.99605,1.6726,-0.51247,-0.28855,1.9127,-0.51659,-0.63423,1.8401,-0.52055,-0.96742,1.7565,-0.49689,-0.9923,1.6639
-0.57945,-0.21803,1.9111,-0.59787,-0.16535,1.9741,-0.60574,0.19348,2.0327,-0.60784,0.37696,2.0796,-0.74046,0.068465,1.9536,-0.80503,-0.1866,1.901,-0.79516,-0.38786,1.7942,-0.79432,-0.43339,1.7696,-0.45785,0.069929,2.0406,-0.41815,-0.17603,1.9733,-0.38881,-0.37116,1.8508,-0.38284,-0.43909,1.8082,-0.6385,-0.27789,1.8669,-0.6544,-0.64178,1.8215,-0.66846,-0.96352,1.7668,-0.6452,-0.99581,1.6766,-0.51195,-0.28741,1.9133,-0.52088,-0.63554,1.84,-0.52937,-0.96618,1.7567,-0.50534,-0.99126,1.6645
-0.57867,-0.21657,1.9119,-0.59761,-0.16429,1.9747,-0.6064,0.19385,2.0332,-0.60656,0.37778,2.0809,-0.73994,0.070673,1.9547,-0.80504,-0.18626,1.9013,-0.79538,-0.38707,1.7934,-0.79421,-0.43294,1.7719,-0.45608,0.069075,2.0428,-0.41826,-0.18183,1.9723,-0.38935,-0.37343,1.8502,-0.38339,-0.43974,1.808,-0.6381,-0.27676,1.867,-0.66936,-0.6341,1.8196,-0.6979,-0.96021,1.762,-0.67693,-0.99267,1.6716,-0.51031,-0.28628,1.9144,-0.51948,-0.63488,1.8397,-0.52817,-0.96481,1.7552,-0.5038,-0.98957,1.6632
-0.57886,-0.21737,1.9122,-0.59747,-0.16506,1.9751,-0.60657,0.19277,2.0335,-0.60632,0.37715,2.0806,-0.74053,0.070041,1.9553,-0.80501,-0.18738,1.9013,-0.79517,-0.38776,1.7925,-0.79382,-0.43302,1.7725,-0.45715,0.067553,2.0415,-0.41803,-0.18254,1.9723,-0.38926,-0.37397,1.8499,-0.38429,-0.44101,1.8084,-0.63828,-0.27733,1.8674,-0.67409,-0.63478,1.8175,-0.70663,-0.95952,1.7579,-0.68685,-0.99149,1.6672,-0.51062,-0.2873,1.9147,-0.51745,-0.63523,1.8399,-0.52393,-0.96584,1.755,-0.49963,-0.99035,1.6631
-0.57854,-0.21858,1.9126,-0.59719,-0.16604,1.9756,-0.60654,0.19229,2.034,-0.60623,0.37677,2.0809,-0.74049,0.06833,1.9558,-0.80475,-0.1871,1.9017,-0.79528,-0.38712,1.7922,-0.79354,-0.43317,1.7728,-0.45681,0.067267,2.0425,-0.41807,-0.18127,1.9741,-0.3897,-0.37391,1.8508,-0.38481,-0.44373,1.8089,-0.63793,-0.27883,1.8679,-0.67132,-0.63295,1.8189,-0.7023,-0.96158,1.7594,-0.6821,-0.99372,1.6684,-0.51024,-0.28816,1.915,-0.5172,-0.63492,1.8403,-0.52386,-0.96675,1.7552,-0.4995,-0.99136,1.6629
-0.57787,-0.21864,1.9134,-0.59654,-0.16637,1.9764,-0.60578,0.19145,2.0355,-0.60584,0.37553,2.0822,-0.74059,0.065686,1.956,-0.80439,-0.1874,1.902,-0.79457,-0.38719,1.7921,-0.79295,-0.43287,1.7728,-0.45678,0.066791,2.0438,-0.41852,-0.18384,1.9733,-0.38993,-0.37546,1.8503,-0.38568,-0.44477,1.809,-0.63717,-0.27857,1.8687,-0.64899,-0.65074,1.8239,-0.65897,-0.96518,1.7709,-0.6349,-0.99747,1.6811,-0.50943,-0.28841,1.9159,-0.51801,-0.63688,1.841,-0.52615,-0.96715,1.7562,-0.50201,-0.9918,1.6641
-0.5772,-0.21836,1.9141,-0.59654,-0.16619,1.9768,-0.60745,0.19147,2.0359,-0.60462,0.37592,2.0835,-0.73933,0.066701,1.9567,-0.80379,-0.18745,1.9025,-0.79434,-0.38699,1.7921,-0.79134,-0.43246,1.7726,-0.45577,0.066792,2.0456,-0.41788,-0.18303,1.9745,-0.38997,-0.3763,1.8501,-0.38636,-0.44609,1.8091,-0.63598,-0.27803,1.8695,-0.66734,-0.63583,1.8215,-0.6959,-0.96178,1.7634,-0.67488,-0.9941,1.673,-0.5083,-0.28805,1.9167,-0.51825,-0.6373,1.8409,-0.52763,-0.96659,1.7555,-0.50332,-0.9911,1.6635
-0.57634,-0.22015,1.9148,-0.59547,-0.16748,1.9777,-0.6081,0.19119,2.036,-0.60253,0.37471,2.0863,-0.73969,0.065924,1.9588,-0.80318,-0.18778,1.9034,-0.79093,-0.3862,1.7912,-0.78798,-0.43011,1.7707,-0.45747,0.065055,2.0441,-0.41759,-0.18352,1.9746,-0.38998,-0.37767,1.8498,-0.38667,-0.44711,1.8094,-0.6348,-0.27987,1.87,-0.64707,-0.64941,1.8241,-0.65759,-0.96631,1.7698,-0.63403,-0.99819,1.6801,-0.50769,-0.28977,1.9176,-0.51623,-0.6366,1.8406,-0.52438,-0.96776,1.7535,-0.50067,-0.9918,1.6614
-0.57542,-0.22186,1.9153,-0.59453,-0.16871,1.9783,-0.60737,0.19137,2.0369,-0.60182,0.37405,2.0864,-0.73926,0.065836,1.9594,-0.80292,-0.18793,1.9035,-0.79013,-0.38569,1.7901,-0.78601,-0.4287,1.7698,-0.45836,0.064869,2.0437,-0.41692,-0.1829,1.9751,-0.38966,-0.37871,1.8498,-0.38621,-0.44738,1.8093,-0.63376,-0.28147,1.8702,-0.66811,-0.63832,1.8219,-0.6995,-0.96442,1.7635,-0.67998,-0.99658,1.673,-0.50708,-0.29132,1.9185,-0.51539,-0.63643,1.8405,-0.52339,-0.96876,1.7519,-0.49985,-0.9925,1.6598
-0.57426,-0.22219,1.9161,-0.59299,-0.16907,1.9792,-0.60642,0.19109,2.0374,-0.60291,0.37358,2.0864,-0.74069,0.061586,1.9601,-0.8022,-0.18799,1.9042,-0.78899,-0.38514,1.7898,-0.78499,-0.42746,1.7689,-0.45823,0.065553,2.0438,-0.41713,-0.18259,1.9751,-0.38946,-0.3791,1.8496,-0.38567,-0.44766,1.8091,-0.63253,-0.28225,1.8708,-0.65721,-0.6402,1.8237,-0.67972,-0.96686,1.7664,-0.65935,-0.99875,1.6761,-0.5059,-0.29172,1.9192,-0.51467,-0.63617,1.8406,-0.52315,-0.96879,1.7513,-0.50049,-0.99234,1.659
-0.57417,-0.22345,1.9163,-0.59266,-0.17014,1.9796,-0.6061,0.19107,2.0388,-0.60257,0.37351,2.0882,-0.73905,0.063627,1.9613,-0.80192,-0.18679,1.9056,-0.78934,-0.38366,1.7908,-0.7847,-0.42781,1.7697,-0.45926,0.064651,2.0419,-0.41688,-0.18262,1.9751,-0.38906,-0.37893,1.8493,-0.38494,-0.44775,1.8079,-0.63249,-0.28304,1.8713,-0.64703,-0.6471,1.8265,-0.65988,-0.96921,1.7723,-0.63809,-1.0012,1.6825,-0.50583,-0.29255,1.9192,-0.514,-0.63633,1.8413,-0.52193,-0.96982,1.7522,-0.49952,-0.99337,1.6599
-0.57407,-0.22157,1.9173,-0.59275,-0.16861,1.9806,-0.60643,0.19217,2.0402,-0.60151,0.37483,2.0903,-0.7381,0.066501,1.9624,-0.80203,-0.18601,1.9077,-0.7898,-0.38281,1.7929,-0.78472,-0.42742,1.7716,-0.45806,0.065173,2.0432,-0.41668,-0.182,1.9756,-0.38653,-0.37237,1.8526,-0.3841,-0.44668,1.8064,-0.63241,-0.28099,1.8724,-0.64507,-0.64956,1.8278,-0.65599,-0.96754,1.7743,-0.63363,-0.99953,1.6848,-0.50558,-0.29055,1.92,-0.51341,-0.63603,1.8421,-0.52094,-0.96812,1.7537,-0.49825,-0.99169,1.6616
-0.57416,-0.22161,1.918,-0.59269,-0.16863,1.9814,-0.60624,0.19248,2.0416,-0.60174,0.37494,2.091,-0.73828,0.065636,1.963,-0.80216,-0.18532,1.909,-0.79074,-0.3823,1.7945,-0.78507,-0.4275,1.7729,-0.45789,0.065543,2.0437,-0.41596,-0.18695,1.9745,-0.38669,-0.37648,1.8499,-0.38397,-0.44715,1.8065,-0.63257,-0.28069,1.8733,-0.66755,-0.63959,1.8257,-0.69915,-0.96381,1.7685,-0.68087,-0.99599,1.6781,-0.50578,-0.29068,1.9206,-0.51317,-0.63594,1.8426,-0.52028,-0.96823,1.754,-0.49772,-0.99171,1.662
-0.57348,-0.22051,1.9196,-0.59243,-0.16778,1.983,-0.60689,0.19352,2.0435,-0.60147,0.37557,2.0928,-0.73667,0.067531,1.9632,-0.80251,-0.18529,1.9094,-0.79141,-0.38232,1.795,-0.78581,-0.4273,1.7736,-0.45735,0.066433,2.0448,-0.41576,-0.18276,1.9763,-0.38737,-0.37409,1.8516,-0.38527,-0.44733,1.8067,-0.63149,-0.27973,1.8745,-0.65353,-0.64034,1.8288,-0.67339,-0.96511,1.7733,-0.65247,-0.9972,1.6836,-0.50501,-0.28972,1.9224,-0.51312,-0.63573,1.8432,-0.52087,-0.96681,1.7538,-0.49804,-0.99007,1.6618
-0.57325,-0.21951,1.9201,-0.59258,-0.16697,1.9834,-0.60648,0.19379,2.0444,-0.59941,0.37594,2.0949,-0.73529,0.069931,1.9634,-0.80257,-0.18436,1.9099,-0.79306,-0.38177,1.7962,-0.78673,-0.4275,1.774,-0.45469,0.066358,2.0467,-0.41572,-0.18135,1.9773,-0.38724,-0.37426,1.852,-0.38538,-0.44732,1.8075,-0.63124,-0.27853,1.8753,-0.66752,-0.63668,1.8258,-0.70037,-0.96106,1.7667,-0.68132,-0.99289,1.6765,-0.50482,-0.2886,1.9227,-0.51296,-0.63607,1.8436,-0.52069,-0.96592,1.7548,-0.49725,-0.98928,1.6631
-0.5732,-0.21876,1.9205,-0.59257,-0.1664,1.9838,-0.60644,0.19388,2.0452,-0.59902,0.37653,2.0953,-0.73493,0.071318,1.9641,-0.80247,-0.18389,1.9101,-0.79352,-0.38137,1.7965,-0.78641,-0.42774,1.7741,-0.45415,0.066591,2.0472,-0.4156,-0.18092,1.9776,-0.38698,-0.3748,1.8519,-0.3847,-0.44689,1.8073,-0.63118,-0.27778,1.8755,-0.65379,-0.63882,1.827,-0.67409,-0.96273,1.7691,-0.65265,-0.99416,1.6793,-0.50482,-0.28774,1.9228,-0.51272,-0.63598,1.8438,-0.52018,-0.96517,1.7552,-0.4967,-0.98849,1.6635
-0.57322,-0.21903,1.9203,-0.59254,-0.16663,1.9837,-0.6071,0.19398,2.0454,-0.5988,0.37695,2.0957,-0.73513,0.070451,1.9638,-0.80215,-0.18415,1.9105,-0.79059,-0.38128,1.7966,-0.7856,-0.42863,1.774,-0.45389,0.066854,2.0468,-0.41493,-0.18027,1.9778,-0.38534,-0.37337,1.853,-0.3838,-0.44668,1.8069,-0.63126,-0.27805,1.8756,-0.66925,-0.63478,1.8245,-0.70388,-0.96004,1.7636,-0.68532,-0.99144,1.6733,-0.5047,-0.28768,1.9221,-0.5121,-0.63519,1.8439,-0.51913,-0.96546,1.7557,-0.49576,-0.98886,1.6641
-0.57322,-0.21984,1.92,-0.59236,-0.16731,1.9836,-0.60733,0.19359,2.0452,-0.599,0.37719,2.096,-0.73471,0.069331,1.9635,-0.80195,-0.18503,1.9107,-0.78895,-0.38205,1.7967,-0.78477,-0.42925,1.7739,-0.45433,0.064843,2.0447,-0.41486,-0.18613,1.9746,-0.38571,-0.37598,1.8507,-0.38478,-0.44811,1.8062,-0.63115,-0.2787,1.8752,-0.64394,-0.65166,1.8278,-0.65469,-0.96517,1.7728,-0.63206,-0.99651,1.6834,-0.50472,-0.28871,1.922,-0.51165,-0.63508,1.8438,-0.51828,-0.96658,1.7554,-0.49518,-0.98993,1.6638
-0.57276,-0.21874,1.9201,-0.59221,-0.16651,1.9836,-0.60736,0.1937,2.0451,-0.59788,0.37703,2.0957,-0.73372,0.070285,1.9636,-0.80173,-0.18456,1.9112,-0.78959,-0.3814,1.7968,-0.7846,-0.42981,1.7739,-0.45251,0.064994,2.0461,-0.41441,-0.18386,1.9757,-0.38571,-0.37702,1.8499,-0.3846,-0.44858,1.8062,-0.6306,-0.27764,1.8751,-0.6554,-0.64076,1.8257,-0.67738,-0.96259,1.7673,-0.65648,-0.99391,1.6775,-0.50409,-0.28754,1.922,-0.5114,-0.63487,1.8437,-0.51837,-0.96555,1.7554,-0.49497,-0.98891,1.6638
-0.57228,-0.21713,1.9201,-0.59162,-0.16515,1.9836,-0.60582,0.19395,2.0449,-0.59584,0.37778,2.0966,-0.73342,0.071121,1.9643,-0.80124,-0.18342,1.9115,-0.7898,-0.38004,1.7965,-0.78423,-0.4297,1.7734,-0.45131,0.065319,2.0459,-0.41422,-0.18328,1.9757,-0.38553,-0.37479,1.8507,-0.38449,-0.44854,1.8059,-0.63035,-0.27605,1.8751,-0.66462,-0.63697,1.8245,-0.69523,-0.95943,1.7647,-0.67621,-0.99083,1.6746,-0.50334,-0.28639,1.9219,-0.51114,-0.63398,1.8435,-0.51855,-0.96453,1.7551,-0.49547,-0.98787,1.6635
-0.57126,-0.21631,1.9202,-0.59077,-0.1645,1.9836,-0.60473,0.19381,2.045,-0.59493,0.37736,2.0957,-0.73214,0.071768,1.9647,-0.80077,-0.18285,1.9116,-0.7896,-0.37935,1.7964,-0.78395,-0.42994,1.7729,-0.44883,0.06566,2.0481,-0.41419,-0.18167,1.9763,-0.38556,-0.37624,1.8501,-0.38414,-0.44825,1.806,-0.62926,-0.27526,1.875,-0.64976,-0.64048,1.8266,-0.66777,-0.96121,1.7694,-0.64597,-0.9926,1.6799,-0.50234,-0.286,1.9222,-0.51076,-0.63315,1.8432,-0.51878,-0.964,1.7543,-0.49541,-0.98727,1.6627
-0.57062,-0.21666,1.9203,-0.59019,-0.1649,1.9836,-0.60376,0.19268,2.0448,-0.59511,0.37672,2.0947,-0.73139,0.069641,1.9637,-0.80052,-0.1834,1.9113,-0.78879,-0.37971,1.7959,-0.78389,-0.42986,1.7726,-0.44828,0.065787,2.0488,-0.41438,-0.18151,1.9764,-0.3856,-0.37186,1.8534,-0.38479,-0.44906,1.8062,-0.62869,-0.27602,1.8743,-0.65154,-0.64118,1.8259,-0.6716,-0.96186,1.7687,-0.64994,-0.9934,1.6793,-0.50169,-0.28666,1.9228,-0.51295,-0.63439,1.8423,-0.52363,-0.96416,1.7522,-0.50044,-0.98728,1.6606
-0.57019,-0.21887,1.9192,-0.58963,-0.16643,1.9827,-0.60337,0.19298,2.0438,-0.59559,0.37553,2.0929,-0.72995,0.071164,1.9627,-0.79971,-0.18384,1.9107,-0.78869,-0.38011,1.7952,-0.78411,-0.42953,1.7716,-0.452,0.064867,2.0455,-0.41447,-0.18109,1.9766,-0.38498,-0.37263,1.8529,-0.38409,-0.44923,1.8058,-0.62795,-0.27704,1.8731,-0.64716,-0.64702,1.826,-0.66361,-0.96368,1.7706,-0.64124,-0.99541,1.6814,-0.50192,-0.28797,1.9222,-0.51215,-0.6335,1.8422,-0.52199,-0.96564,1.7517,-0.49861,-0.98876,1.6601
-0.56999,-0.21819,1.9188,-0.58933,-0.1659,1.9823,-0.60262,0.19282,2.0428,-0.5956,0.37567,2.0914,-0.73041,0.071056,1.9623,-0.79947,-0.18422,1.9103,-0.78751,-0.38008,1.7942,-0.78338,-0.42964,1.7708,-0.45244,0.06434,2.044,-0.41375,-0.18174,1.9761,-0.3839,-0.37344,1.8525,-0.38233,-0.44874,1.8057,-0.62791,-0.27681,1.8722,-0.64383,-0.64701,1.826,-0.65746,-0.96395,1.7715,-0.63482,-0.99571,1.6825,-0.50179,-0.28772,1.9223,-0.51357,-0.63211,1.8413,-0.52495,-0.9649,1.7496,-0.5021,-0.98782,1.6579
-1.2224,-0.65839,3.6653,-1.2354,-0.61044,3.734,-1.2373,-0.25367,3.8219,-1.2157,-0.055787,3.8571,-1.3706,-0.40541,3.7114,-1.4564,-0.63504,3.6805,-1.4479,-0.79438,3.5349,-1.4443,-0.85,3.4751,-1.0843,-0.4004,3.7798,-1.0346,-0.61514,3.7,-1.0145,-0.816,3.5735,-1.0105,-0.92635,3.5676,-1.2846,-0.72041,3.6249,-1.3232,-1.0787,3.5529,-1.3502,-1.3491,3.4888,-1.3368,-1.3777,3.3935,-1.1558,-0.71816,3.6545,-1.163,-1.0782,3.6125,-1.148,-1.3658,3.5433,-1.1626,-1.4354,3.4961
-1.2226,-0.6548,3.6672,-1.2358,-0.60894,3.7346,-1.24,-0.26155,3.8178,-1.2337,-0.059819,3.8493,-1.3683,-0.39979,3.7078,-1.4521,-0.62461,3.6722,-1.4548,-0.79821,3.5478,-1.4385,-0.8491,3.4873,-1.0866,-0.39726,3.7709,-1.0301,-0.62529,3.692,-1.0126,-0.82289,3.5748,-1.0041,-0.92019,3.5578,-1.282,-0.71349,3.622,-1.3242,-1.078,3.5522,-1.3519,-1.3505,3.4929,-1.3476,-1.4212,3.4475,-1.1565,-0.72204,3.6599,-1.1586,-1.0812,3.6041,-1.153,-1.3716,3.5533,-1.1328,-1.4031,3.4618
-1.2237,-0.66235,3.6641,-1.2364,-0.61487,3.7322,-1.2342,-0.26273,3.8198,-1.2429,-0.062767,3.8567,-1.369,-0.40064,3.7083,-1.4573,-0.62082,3.6784,-1.4529,-0.80291,3.5533,-1.4455,-0.85586,3.5009,-1.0832,-0.4008,3.7763,-1.034,-0.62236,3.6928,-1.0111,-0.81838,3.5727,-1.0092,-0.91824,3.5559,-1.2864,-0.71995,3.6211,-1.3216,-1.0802,3.5499,-1.3518,-1.349,3.4891,-1.3504,-1.4171,3.44,-1.1576,-0.7295,3.6552,-1.1587,-1.0824,3.6058,-1.153,-1.3683,3.5564,-1.1584,-1.4409,3.5145
-1.1951,-0.64781,3.6007,-1.2157,-0.6002,3.665,-1.2094,-0.25849,3.7409,-1.2126,-0.064222,3.7847,-1.3478,-0.38942,3.6401,-1.4264,-0.61855,3.5972,-1.4257,-0.79747,3.4858,-1.4104,-0.85273,3.437,-1.0713,-0.38848,3.7432,-1.0158,-0.62815,3.6609,-0.9931,-0.80856,3.5288,-0.99664,-0.91029,3.5317,-1.2522,-0.70753,3.5505,-1.2929,-1.0576,3.4736,-1.3291,-1.3218,3.4189,-1.3109,-1.3846,3.3662,-1.1285,-0.71687,3.6018,-1.1381,-1.0653,3.5309,-1.1273,-1.3381,3.4875,-1.0939,-1.3708,3.4005
-1.1893,-0.64911,3.6012,-1.2096,-0.60144,3.665,-1.2113,-0.25616,3.7391,-1.2062,-0.062739,3.7911,-1.3383,-0.38553,3.635,-1.4203,-0.62736,3.5915,-1.4162,-0.80452,3.4745,-1.4059,-0.86245,3.4279,-1.0646,-0.3909,3.7421,-1.0113,-0.62065,3.6643,-0.9969,-0.80362,3.5324,-0.99793,-0.90211,3.5076,-1.2491,-0.70766,3.5522,-1.2943,-1.0598,3.4787,-1.3277,-1.3211,3.4186,-1.3071,-1.3879,3.3734,-1.1246,-0.71551,3.6027,-1.1365,-1.0657,3.5305,-1.1307,-1.3385,3.4882,-1.1292,-1.4102,3.4459
-1.19,-0.65338,3.5965,-1.2092,-0.60559,3.6614,-1.2122,-0.25838,3.7389,-1.2076,-0.065692,3.7791,-1.3388,-0.39346,3.6298,-1.417,-0.61839,3.6022,-1.4188,-0.79355,3.4818,-1.4053,-0.83999,3.4319,-1.0649,-0.39119,3.7289,-1.0146,-0.62285,3.6577,-0.99833,-0.80234,3.5338,-1.0082,-0.88497,3.4932,-1.2489,-0.71353,3.5473,-1.2935,-1.0616,3.479,-1.3257,-1.3248,3.4237,-1.3019,-1.3852,3.3727,-1.1249,-0.71923,3.5935,-1.1371,-1.0683,3.5303,-1.129,-1.337,3.4831,-1.0977,-1.368,3.3965
-1.1918,-0.65263,3.5959,-1.2097,-0.60548,3.6614,-1.2123,-0.25787,3.7409,-1.209,-0.061128,3.7838,-1.3424,-0.38753,3.6398,-1.4202,-0.61834,3.6024,-1.4192,-0.79384,3.482,-1.405,-0.84656,3.4305,-1.0685,-0.39043,3.729,-1.0126,-0.62457,3.6611,-0.99906,-0.80405,3.5329,-0.99655,-0.90494,3.5218,-1.2493,-0.71075,3.5508,-1.2928,-1.0649,3.4821,-1.3243,-1.3243,3.4256,-1.3064,-1.3897,3.3792,-1.1269,-0.71618,3.5914,-1.1371,-1.066,3.5301,-1.1267,-1.3356,3.4794,-1.0974,-1.3651,3.3921
-1.1914,-0.64992,3.5961,-1.2091,-0.6032,3.6612,-1.2149,-0.25738,3.7367,-1.2076,-0.059164,3.7803,-1.3447,-0.38704,3.6424,-1.419,-0.62555,3.5959,-1.4171,-0.80239,3.4776,-1.402,-0.85623,3.428,-1.0668,-0.38906,3.7285,-1.0147,-0.61758,3.6589,-0.99808,-0.80018,3.5385,-1.0041,-0.89881,3.5191,-1.2502,-0.70891,3.5525,-1.2946,-1.0632,3.4815,-1.3261,-1.3243,3.4237,-1.3175,-1.3936,3.3808,-1.1247,-0.71234,3.5915,-1.137,-1.0653,3.5302,-1.1272,-1.338,3.481,-1.0992,-1.368,3.3938
-1.1909,-0.64279,3.5992,-1.2122,-0.59726,3.6634,-1.2228,-0.2549,3.736,-1.1959,-0.055351,3.7823,-1.3368,-0.38122,3.6386,-1.4182,-0.61822,3.5973,-1.4207,-0.79778,3.4836,-1.4055,-0.83478,3.433,-1.0681,-0.39103,3.7342,-1.0183,-0.61602,3.6554,-0.997,-0.80507,3.5331,-1.0008,-0.89706,3.5059,-1.2461,-0.70239,3.5496,-1.2931,-1.062,3.4833,-1.3264,-1.3231,3.4208,-1.3047,-1.3523,3.3317,-1.1267,-0.70906,3.5993,-1.136,-1.0638,3.5295,-1.1286,-1.3382,3.482,-1.1287,-1.4083,3.4399
-1.1951,-0.65158,3.5944,-1.2122,-0.60528,3.6598,-1.2186,-0.26423,3.7365,-1.2029,-0.064519,3.7717,-1.3488,-0.38945,3.6424,-1.4233,-0.63269,3.5939,-1.4124,-0.80865,3.474,-1.4044,-0.86345,3.4239,-1.0707,-0.39554,3.7237,-1.0141,-0.61783,3.6538,-0.99877,-0.80543,3.5335,-0.99842,-0.90182,3.5033,-1.256,-0.71109,3.5517,-1.2922,-1.0616,3.4792,-1.326,-1.3217,3.4187,-1.3101,-1.3896,3.3765,-1.1289,-0.71393,3.5865,-1.1357,-1.0657,3.5287,-1.1313,-1.3341,3.489,-1.1054,-1.368,3.4031
-1.1946,-0.66111,3.5939,-1.213,-0.61002,3.6591,-1.213,-0.25634,3.7381,-1.2261,-0.06383,3.7689,-1.3374,-0.38636,3.6325,-1.4239,-0.62236,3.5987,-1.4157,-0.79705,3.4754,-1.4035,-0.84798,3.4227,-1.0663,-0.39095,3.7249,-1.0148,-0.62382,3.6544,-0.99832,-0.80358,3.5352,-1.0005,-0.89236,3.5038,-1.2559,-0.72461,3.5422,-1.2923,-1.0603,3.4787,-1.3253,-1.3228,3.4226,-1.3202,-1.3839,3.3691,-1.1269,-0.73387,3.6021,-1.1381,-1.067,3.5298,-1.1293,-1.3363,3.487,-1.099,-1.3683,3.402
-1.1927,-0.65622,3.596,-1.2097,-0.60787,3.6613,-1.2142,-0.25849,3.7386,-1.2242,-0.067161,3.7649,-1.3491,-0.39368,3.6382,-1.4204,-0.61704,3.6007,-1.422,-0.79814,3.4885,-1.4083,-0.85125,3.438,-1.0721,-0.39383,3.721,-1.0158,-0.62099,3.657,-0.9969,-0.80939,3.533,-1.0031,-0.9072,3.5091,-1.2506,-0.7176,3.5486,-1.2944,-1.0616,3.4792,-1.3259,-1.3184,3.4294,-1.3088,-1.3828,3.3837,-1.1266,-0.71844,3.5945,-1.1375,-1.0679,3.5298,-1.1285,-1.3361,3.4864,-1.102,-1.3677,3.4008
-1.1914,-0.65518,3.596,-1.2102,-0.60731,3.6609,-1.216,-0.25637,3.7408,-1.2092,-0.062685,3.7745,-1.3401,-0.38494,3.6374,-1.4194,-0.6197,3.5986,-1.4199,-0.79873,3.4828,-1.409,-0.85473,3.4338,-1.0666,-0.39262,3.7254,-1.0161,-0.61639,3.6552,-0.99667,-0.81154,3.5305,-0.9985,-0.91053,3.5087,-1.2489,-0.7152,3.5508,-1.2962,-1.0624,3.4813,-1.3191,-1.3199,3.427,-1.3164,-1.3797,3.3743,-1.125,-0.71735,3.5928,-1.1385,-1.0675,3.5315,-1.1255,-1.332,3.4843,-1.096,-1.3613,3.4002
-1.1946,-0.65472,3.5989,-1.2128,-0.60743,3.6626,-1.211,-0.26313,3.7378,-1.214,-0.066278,3.776,-1.3462,-0.38984,3.6399,-1.4319,-0.62425,3.6044,-1.4188,-0.7995,3.4829,-1.4049,-0.84966,3.4287,-1.0615,-0.40003,3.7412,-1.0198,-0.627,3.6553,-0.99605,-0.80696,3.5324,-1.0014,-0.90726,3.5167,-1.2568,-0.7154,3.5469,-1.2973,-1.0599,3.4803,-1.3246,-1.3218,3.4275,-1.3228,-1.386,3.381,-1.1335,-0.72282,3.6001,-1.1378,-1.0677,3.5314,-1.1302,-1.3356,3.4914,-1.1313,-1.401,3.4466
-1.1941,-0.65802,3.5961,-1.2109,-0.60975,3.6614,-1.2133,-0.26012,3.7405,-1.2202,-0.066165,3.7741,-1.3463,-0.38959,3.6417,-1.4209,-0.63223,3.5873,-1.4175,-0.81311,3.4747,-1.409,-0.8722,3.4291,-1.0687,-0.39654,3.7283,-1.0206,-0.62311,3.655,-0.99855,-0.80647,3.5366,-0.99982,-0.8992,3.4949,-1.2555,-0.71739,3.5482,-1.2969,-1.065,3.4804,-1.3272,-1.3233,3.4262,-1.3145,-1.3898,3.3849,-1.1297,-0.72326,3.5921,-1.1383,-1.0694,3.5301,-1.1309,-1.3407,3.4875,-1.1314,-1.4069,3.4439
-1.1951,-0.65614,3.5958,-1.2104,-0.60876,3.6616,-1.215,-0.26522,3.7402,-1.2143,-0.067088,3.7744,-1.3468,-0.39193,3.6408,-1.4196,-0.62176,3.5959,-1.4257,-0.80308,3.4843,-1.413,-0.85512,3.4321,-1.0637,-0.39173,3.7221,-1.0207,-0.62039,3.657,-0.99995,-0.80965,3.535,-1.0056,-0.9037,3.5031,-1.257,-0.71651,3.5486,-1.2958,-1.0675,3.4816,-1.3259,-1.324,3.4236,-1.3124,-1.3899,3.3817,-1.1293,-0.72246,3.5921,-1.1384,-1.0684,3.5308,-1.1341,-1.3348,3.4861,-1.0998,-1.3852,3.4355
-1.1929,-0.65529,3.5967,-1.2105,-0.60809,3.6616,-1.2161,-0.26423,3.7377,-1.2257,-0.066475,3.7684,-1.3486,-0.39236,3.6416,-1.4199,-0.6199,3.6025,-1.4221,-0.79746,3.4846,-1.4099,-0.83746,3.4371,-1.0684,-0.39264,3.7297,-1.0194,-0.61925,3.6609,-1.0017,-0.80942,3.5395,-0.99989,-0.90326,3.5092,-1.2512,-0.71583,3.5547,-1.2964,-1.0666,3.4821,-1.3265,-1.323,3.4224,-1.3179,-1.3867,3.3761,-1.1262,-0.71749,3.5915,-1.1384,-1.069,3.5306,-1.1306,-1.3368,3.4842,-1.1012,-1.3927,3.4363
-1.1959,-0.65815,3.5974,-1.2124,-0.60988,3.6621,-1.2146,-0.2635,3.7371,-1.2303,-0.068489,3.7765,-1.3479,-0.39319,3.6412,-1.4178,-0.61934,3.6049,-1.4224,-0.79713,3.4879,-1.4077,-0.83531,3.4386,-1.0683,-0.3981,3.7267,-1.0191,-0.62229,3.6618,-1.0004,-0.80691,3.54,-0.99874,-0.90579,3.5166,-1.2576,-0.71913,3.5493,-1.2962,-1.0667,3.4823,-1.3291,-1.3246,3.4189,-1.299,-1.3893,3.3844,-1.1301,-0.72582,3.598,-1.1384,-1.0692,3.5307,-1.1308,-1.3404,3.4888,-1.1041,-1.372,3.4053
-1.1989,-0.65502,3.5981,-1.2144,-0.60855,3.6632,-1.2136,-0.26443,3.7449,-1.2319,-0.072313,3.7714,-1.35,-0.39444,3.6452,-1.4181,-0.61724,3.6035,-1.4215,-0.796,3.4887,-1.4062,-0.85295,3.4235,-1.0711,-0.39905,3.7276,-1.0208,-0.62141,3.6642,-0.99955,-0.80887,3.5404,-0.99915,-0.90859,3.5205,-1.26,-0.71241,3.5604,-1.2952,-1.0674,3.4841,-1.3279,-1.3222,3.4216,-1.2949,-1.3854,3.3869,-1.1367,-0.71425,3.5874,-1.1387,-1.0699,3.532,-1.1326,-1.3365,3.4936,-1.1227,-1.4033,3.4521
-1.2056,-0.65712,3.6021,-1.2181,-0.60954,3.6666,-1.2155,-0.26629,3.7399,-1.2318,-0.076145,3.7646,-1.3503,-0.39835,3.6521,-1.4381,-0.62358,3.6426,-1.443,-0.80283,3.5292,-1.4206,-0.84228,3.4638,-1.0713,-0.39855,3.7252,-1.0219,-0.61974,3.664,-0.99938,-0.80895,3.5402,-0.99708,-0.89685,3.5011,-1.2695,-0.71739,3.5748,-1.3004,-1.0685,3.4957,-1.3358,-1.3292,3.4461,-1.3232,-1.3608,3.3593,-1.1466,-0.71663,3.5869,-1.1391,-1.0713,3.5342,-1.1335,-1.3435,3.4905,-1.1109,-1.3747,3.4055
-1.2053,-0.66062,3.6044,-1.2177,-0.61245,3.6696,-1.2189,-0.26325,3.7481,-1.2321,-0.072206,3.7628,-1.3525,-0.39941,3.6596,-1.4389,-0.62864,3.6471,-1.4358,-0.80289,3.5253,-1.4198,-0.84792,3.4691,-1.0727,-0.39808,3.7279,-1.0209,-0.62428,3.6648,-0.99754,-0.81486,3.5364,-1.0009,-0.89514,3.5134,-1.2671,-0.72116,3.568,-1.3046,-1.0732,3.5029,-1.3359,-1.3294,3.4556,-1.3364,-1.391,3.4056,-1.1422,-0.72205,3.5954,-1.1397,-1.0706,3.5351,-1.1313,-1.3418,3.4914,-1.1421,-1.4109,3.454
-1.2051,-0.66132,3.6045,-1.2166,-0.61306,3.67,-1.2176,-0.26555,3.7459,-1.2322,-0.071997,3.7689,-1.3576,-0.39668,3.6634,-1.4408,-0.6282,3.646,-1.4355,-0.80466,3.5281,-1.419,-0.8456,3.4694,-1.076,-0.40005,3.7233,-1.0228,-0.62392,3.6598,-1.0005,-0.80703,3.5402,-1.0075,-0.86354,3.4912,-1.2666,-0.72115,3.5672,-1.3036,-1.0736,3.503,-1.3297,-1.3321,3.454,-1.3273,-1.3947,3.4052,-1.141,-0.7235,3.5957,-1.139,-1.0696,3.5335,-1.1295,-1.3426,3.4934,-1.1365,-1.4078,3.4487
-1.206,-0.65194,3.6064,-1.2182,-0.60728,3.6716,-1.2226,-0.26636,3.7476,-1.2271,-0.065743,3.7692,-1.3596,-0.39655,3.6649,-1.4402,-0.62455,3.6442,-1.4383,-0.80345,3.5305,-1.4211,-0.86323,3.4722,-1.0764,-0.39957,3.7253,-1.0233,-0.6267,3.6563,-1.0008,-0.80854,3.539,-0.98818,-0.90509,3.512,-1.2658,-0.7116,3.5565,-1.3049,-1.0752,3.5031,-1.342,-1.34,3.4504,-1.3278,-1.4065,3.4096,-1.1406,-0.72008,3.6039,-1.1393,-1.0693,3.5339,-1.1294,-1.3449,3.4903,-1.1286,-1.4124,3.4487
-1.2068,-0.65701,3.6067,-1.2188,-0.60796,3.6724,-1.225,-0.25827,3.7454,-1.2271,-0.065851,3.7703,-1.3634,-0.3976,3.6665,-1.4448,-0.61793,3.6517,-1.4416,-0.79844,3.5341,-1.4246,-0.87446,3.47,-1.0767,-0.39836,3.7248,-1.0244,-0.62625,3.6602,-1.0012,-0.80737,3.5372,-1.0041,-0.87032,3.4973,-1.268,-0.7195,3.5623,-1.3042,-1.0737,3.5026,-1.3413,-1.34,3.4521,-1.3333,-1.3707,3.3643,-1.1404,-0.72333,3.6022,-1.14,-1.0693,3.5344,-1.1292,-1.3383,3.4893,-1.1327,-1.4067,3.4492
-1.2088,-0.65289,3.6066,-1.2205,-0.60449,3.6723,-1.2249,-0.25522,3.7466,-1.2439,-0.092085,3.7667,-1.3662,-0.398,3.669,-1.443,-0.61896,3.6467,-1.442,-0.79737,3.5315,-1.4264,-0.84776,3.4793,-1.0774,-0.39362,3.7301,-1.0273,-0.62619,3.6584,-1.0004,-0.80821,3.5376,-1.003,-0.88304,3.5077,-1.2705,-0.71445,3.5726,-1.3049,-1.071,3.5011,-1.3374,-1.3387,3.4515,-1.3324,-1.4052,3.4085,-1.1435,-0.71004,3.5897,-1.1399,-1.0694,3.5355,-1.1275,-1.342,3.4823,-1.1081,-1.3697,3.3952
-1.2082,-0.6551,3.6064,-1.2215,-0.6063,3.6719,-1.2238,-0.25972,3.7462,-1.2506,-0.09445,3.7722,-1.3623,-0.39201,3.6662,-1.44,-0.6165,3.637,-1.4392,-0.79489,3.5229,-1.4316,-0.85526,3.4652,-1.079,-0.38847,3.7356,-1.0295,-0.62138,3.6622,-1.0004,-0.80476,3.5358,-1.0016,-0.86253,3.4895,-1.268,-0.71769,3.5651,-1.3045,-1.0685,3.5004,-1.3428,-1.3401,3.453,-1.3324,-1.3727,3.3661,-1.1429,-0.71883,3.5999,-1.14,-1.0694,3.5357,-1.1327,-1.3391,3.4908,-1.1115,-1.3698,3.4051
-1.21,-0.65321,3.6066,-1.2213,-0.6044,3.6723,-1.2201,-0.25552,3.7456,-1.2467,-0.085654,3.7752,-1.3659,-0.39193,3.6682,-1.4459,-0.61393,3.6471,-1.4385,-0.79014,3.5211,-1.4266,-0.86351,3.4565,-1.0817,-0.37992,3.7337,-1.0275,-0.61758,3.6606,-1.0007,-0.80175,3.5354,-0.99946,-0.86522,3.4977,-1.2733,-0.71606,3.5599,-1.305,-1.0685,3.4998,-1.3425,-1.3372,3.4519,-1.3338,-1.3692,3.3646,-1.1456,-0.71656,3.6004,-1.1401,-1.0699,3.535,-1.13,-1.3385,3.4888,-1.1102,-1.3685,3.4026
-1.2094,-0.64838,3.6071,-1.221,-0.59913,3.6727,-1.2196,-0.24854,3.7459,-1.2455,-0.07196,3.7763,-1.3665,-0.38907,3.6705,-1.4423,-0.61272,3.6412,-1.441,-0.7994,3.5186,-1.426,-0.84904,3.4663,-1.0808,-0.37981,3.7365,-1.0297,-0.61646,3.6602,-0.99984,-0.80128,3.5338,-0.9948,-0.89684,3.5063,-1.2713,-0.70951,3.5629,-1.3052,-1.0689,3.5026,-1.3368,-1.3398,3.4582,-1.3421,-1.4056,3.4139,-1.1447,-0.71331,3.6012,-1.1412,-1.0665,3.5362,-1.1257,-1.337,3.4817,-1.1047,-1.3639,3.3946
-1.2097,-0.6512,3.6059,-1.2207,-0.601,3.6719,-1.2189,-0.24824,3.7455,-1.2415,-0.068254,3.7763,-1.3657,-0.39285,3.6665,-1.4422,-0.61846,3.6427,-1.4412,-0.79718,3.5215,-1.424,-0.84876,3.4725,-1.0825,-0.37848,3.7324,-1.0285,-0.61594,3.6608,-0.99968,-0.8019,3.5338,-0.98861,-0.87251,3.4946,-1.2722,-0.71371,3.5617,-1.3094,-1.0701,3.5059,-1.3365,-1.3371,3.4558,-1.3263,-1.3997,3.4078,-1.1453,-0.71553,3.6015,-1.1417,-1.0654,3.5363,-1.1297,-1.3383,3.4903,-1.1334,-1.4061,3.449
0.45788,-1.236,4.0321,0.46222,-1.1844,4.0295,0.48387,-0.92667,4.0232,0.53859,-0.81782,4.0522,0.3535,-1.0619,4.0232,0.33712,-1.2512,4.004,0.3734,-1.0647,3.9942,0.38549,-1.0025,3.9942,0.54971,-0.93937,4.0232,0.52991,-1.0958,4.004,0.50644,-0.90719,3.9942,0.49861,-0.84434,3.9942,0.40938,-1.3154,4.0319,0.33587,-1.5852,3.9957,0.36851,-1.7953,3.9962,0.37364,-1.7118,3.9967,0.49767,-1.2603,4.0319,0.51245,-1.5408,4.0186,0.60496,-1.7326,3.9846,0.55823,-1.6638,3.9762
0.47553,-1.225,4.0163,0.46996,-1.1729,4.0146,0.41878,-0.91525,4.01,0.49145,-0.80166,4.0311,0.3605,-1.0727,4.0085,0.473,-0.95213,3.9955,0.47037,-0.78727,3.9888,0.49282,-0.75382,3.989,0.53738,-0.94569,4.01,0.53287,-1.0675,3.9961,0.51694,-0.90337,3.989,0.48342,-0.85878,3.989,0.43326,-1.2859,4.0167,0.35568,-1.5081,3.9915,0.4231,-1.7335,4.0056,0.43501,-1.7616,3.9574,0.50757,-1.2711,4.0153,0.54344,-1.5175,4.0044,0.4027,-1.6794,3.9277,0.39009,-1.6917,3.8735
0.40563,-1.2209,4.0177,0.41362,-1.1711,4.0153,0.48179,-0.93062,4.0106,0.47473,-0.75358,4.032,0.35795,-0.96169,4.0106,0.40811,-1.0723,3.9964,0.42392,-0.90875,3.9892,0.4292,-0.85423,3.9892,0.5347,-0.92491,4.0106,0.56182,-1.0433,3.9964,0.52924,-0.88224,3.9892,0.51837,-0.82855,3.9892,0.35675,-1.2543,4.0173,0.37114,-1.4964,4.0011,0.36483,-1.7206,3.9813,0.36405,-1.7443,3.9322,0.44347,-1.2754,4.0175,0.63246,-1.3786,4.0014,0.6256,-1.6235,3.9692,0.56311,-1.6227,3.9649
0.3917,-1.2383,4.0189,0.40402,-1.1834,4.0163,0.43148,-0.90153,4.0114,0.40397,-0.76991,4.0333,0.35678,-0.97257,4.0114,0.34639,-1.1359,3.9877,0.38384,-0.96738,3.984,0.39632,-0.91119,3.9853,0.52314,-0.96361,4.0114,0.45816,-1.0962,3.9969,0.44077,-0.92438,3.9895,0.43322,-0.86206,3.9895,0.34522,-1.2671,4.019,0.35601,-1.4926,3.9959,0.41054,-1.7359,3.9796,0.41689,-1.7617,3.9264,0.42972,-1.2761,4.0188,0.29882,-1.0244,4.0107,0.39718,-1.2609,3.9871,0.40697,-1.2844,3.9334
0.44938,-1.2852,3.9988,0.44118,-1.2287,4.0053,0.39976,-0.9364,4.0117,0.47272,-0.82235,4.0337,0.33935,-1.0559,4.0041,0.43112,-0.93845,3.9935,0.49156,-0.78645,3.9896,0.51171,-0.73578,3.9909,0.52218,-1.0211,4.0117,0.39694,-1.1324,3.9606,0.45254,-0.97146,3.9732,0.48101,-0.93882,3.9732,0.41172,-1.3334,3.9774,0.33061,-1.5401,3.9798,0.33527,-1.728,3.9798,0.33946,-1.6618,3.9648,0.4993,-1.3237,4.0149,0.539,-1.0449,4.0117,0.54383,-1.2997,3.9855,0.54589,-1.3233,3.9314
0.38266,-1.1974,4.0032,0.3838,-1.1593,4.0162,0.38131,-0.95643,4.0121,0.40426,-0.81999,4.0344,0.25824,-1.0283,4.0048,0.2474,-1.1994,3.9499,0.3183,-1.0396,3.9628,0.4617,-0.84919,3.9898,0.47887,-1.0542,4.0121,0.34517,-1.0779,3.9748,0.37448,-0.90489,3.9815,0.37075,-0.86041,3.9815,0.3353,-1.252,3.9975,0.24154,-1.4842,3.9728,0.32914,-1.7296,3.9747,0.36888,-1.7381,3.9243,0.42517,-1.2427,4.0019,0.5108,-1.0058,4.0121,0.52225,-1.2662,3.9839,0.52577,-1.2908,3.9266
0.37162,-1.1738,4.0192,0.38036,-1.1417,4.0278,0.40993,-0.96313,4.0119,0.29804,-0.85584,4.0341,0.22022,-1.061,4.009,0.31761,-0.94089,3.9959,0.35046,-0.81363,3.9903,0.36141,-0.77121,3.9909,0.42964,-1.0372,3.9765,0.34293,-1.135,3.9478,0.34825,-0.95935,3.9678,0.30545,-0.9461,3.9678,0.31156,-1.2423,4.0465,0.20047,-1.522,3.9665,0.31964,-1.7092,3.948,0.32662,-1.7344,3.8903,0.42038,-1.2043,4.008,0.18624,-1.1418,3.919,0.2233,-1.4001,3.9141,0.26907,-1.4559,3.9243
0.31482,-1.2656,3.9946,0.31591,-1.2136,4.0132,0.3004,-0.94828,4.0119,0.29309,-0.81055,4.0341,0.21942,-1.0269,4.0029,0.17754,-1.1495,3.9941,0.31279,-1.0377,3.9883,0.29774,-0.98011,3.9883,0.3181,-1.0168,3.9765,0.42033,-1.0965,3.9581,0.37011,-0.93001,3.974,0.33331,-0.90585,3.974,0.3035,-1.2861,3.9914,0.22572,-1.5281,3.969,0.40623,-1.6802,3.915,0.41851,-1.692,3.8547,0.33634,-1.2771,3.9961,0.43757,-0.96293,4.0119,0.41446,-1.2212,3.9809,0.39731,-1.2448,3.9255
0.31979,-1.2322,3.9945,0.32156,-1.1856,4.0156,0.34307,-0.93685,4.012,0.32613,-0.79876,4.0343,0.20617,-0.96094,4.012,0.19539,-1.1189,3.9925,0.23696,-0.95001,3.9873,0.25082,-0.89372,3.988,0.43659,-1.0307,4.012,0.33801,-0.95626,3.9618,0.31994,-0.79197,3.9898,0.29212,-0.75749,3.9898,0.26038,-1.2813,3.9883,0.23317,-1.5336,3.9632,0.26557,-1.7233,3.9445,0.2622,-1.6511,3.9385,0.37057,-1.2769,3.9987,0.43295,-0.964,4.012,0.4196,-1.2238,3.9863,0.41951,-1.2488,3.9283
0.32238,-1.1867,4.0094,0.33304,-1.1532,4.0269,0.39236,-0.96238,4.0123,0.32277,-0.83812,4.0347,0.20599,-0.96528,4.0123,0.28619,-1.0692,3.9974,0.28533,-0.8916,3.9899,0.28505,-0.83242,3.9899,0.50992,-1.0718,3.9917,0.43331,-0.9675,3.9989,0.32828,-0.82434,3.9901,0.29021,-0.79974,3.9901,0.23858,-1.2394,4.0058,0.23811,-1.496,3.9693,0.31755,-1.7468,3.9646,0.32969,-1.7829,3.9084,0.36007,-1.2808,4.0033,0.4414,-0.96689,4.0123,0.4163,-1.2286,3.9841,0.4109,-1.2538,3.9255
0.32783,-1.2366,4.0108,0.33613,-1.1903,4.0272,0.3834,-0.95218,4.0125,0.38331,-0.80817,4.0351,0.21674,-1.0249,4.0067,0.21744,-1.2027,3.9641,0.24404,-1.0254,3.9714,0.25291,-0.96631,3.9763,0.50096,-1.0616,3.9919,0.37069,-1.0542,4.0026,0.33722,-0.8775,3.9914,0.30864,-0.84157,3.9914,0.25305,-1.3192,4.0162,0.27901,-1.5695,3.953,0.2548,-1.7627,3.9144,0.25794,-1.6884,3.9241,0.39596,-1.2978,4.0095,0.46801,-0.9753,4.0138,0.43432,-1.2379,3.9814,0.42806,-1.2634,3.9216
0.33478,-1.2416,4.0115,0.32893,-1.1921,4.0248,0.28909,-0.94188,4.0124,0.39678,-0.81444,4.0349,0.21643,-0.96619,4.0124,0.27387,-1.0853,3.9975,0.28198,-0.90657,3.9899,0.28469,-0.84699,3.9899,0.37373,-1.0229,4.0124,0.49698,-1.0638,3.9725,0.4013,-0.91339,3.9805,0.36113,-0.89096,3.9805,0.29426,-1.2868,4.012,0.24666,-1.5343,3.9661,0.38183,-1.7565,4.0078,0.43622,-1.7517,3.9719,0.36742,-1.2832,4.0127,0.61622,-1.2949,4.0597,0.38137,-1.5384,3.9794,0.39662,-1.6079,3.9547
0.32441,-1.2317,4.0124,0.31467,-1.186,4.0229,0.28514,-0.94232,4.0125,0.36823,-0.82528,4.035,0.20972,-0.96794,4.0125,0.19965,-1.099,3.9937,0.24361,-0.92661,3.9881,0.25826,-0.86915,3.9887,0.37419,-1.0052,4.0125,0.4622,-1.0512,3.9114,0.38235,-0.90103,3.9558,0.34696,-0.87218,3.9558,0.29865,-1.2729,4.0119,0.1208,-1.4444,3.9427,0.25905,-1.5869,3.958,0.26381,-1.6251,3.9179,0.35201,-1.2772,4.0123,0.42224,-0.95968,4.0124,0.41055,-1.2244,3.995,0.4096,-1.2526,3.9361
0.3298,-1.2166,4.0132,0.32557,-1.174,4.0224,0.28391,-0.9501,4.0126,0.35866,-0.82803,4.0352,0.20363,-0.96855,4.0126,0.18913,-1.1296,3.9888,0.23214,-0.95764,3.9857,0.24647,-0.9003,3.9872,0.41054,-0.95093,4.0126,0.39036,-1.0794,3.9809,0.36235,-0.90463,3.985,0.35486,-0.87705,3.99,0.29125,-1.2653,4.0193,0.2022,-1.4992,3.9682,0.37132,-1.6771,3.9643,0.39762,-1.6951,3.9076,0.37321,-1.2648,4.0094,0.46024,-1.0262,4.0043,0.42167,-1.2885,3.9826,0.4173,-1.3158,3.9237
0.2548,-1.265,4.0064,0.25879,-1.2128,4.0153,0.27822,-0.94295,4.0127,0.38198,-0.84412,4.0353,0.21,-0.97535,4.0127,0.17449,-1.1219,3.9993,0.2396,-0.95741,3.9908,0.29848,-0.97678,3.9908,0.38172,-1.0507,4.0127,0.47159,-1.1457,3.9976,0.40006,-0.98389,3.99,0.35675,-0.96896,3.99,0.1904,-1.2828,4.0059,0.20396,-1.5329,3.9595,0.26002,-1.5929,3.9537,0.2628,-1.6233,3.9076,0.31256,-1.3313,4.0031,0.4623,-1.0472,4.0114,0.41002,-1.3068,3.994,0.4051,-1.3341,3.9351
0.29521,-1.2195,4.0104,0.2927,-1.1745,4.019,0.2804,-0.94209,4.0128,0.38098,-0.82831,4.0355,0.20644,-0.96813,4.0128,0.19561,-1.1353,3.9689,0.24334,-0.96664,3.9768,0.30447,-0.95835,3.9785,0.40354,-0.97313,4.0128,0.38628,-1.1021,3.9977,0.35831,-0.92831,3.9901,0.30707,-0.76684,3.9901,0.25161,-1.2567,4.006,0.2427,-1.506,3.9591,0.31655,-1.7483,4.0182,0.34563,-1.7879,3.9888,0.34142,-1.2676,4.0116,0.39822,-1.0215,4.0049,0.39115,-1.2852,3.9829,0.39042,-1.3125,3.9241
0.27324,-1.2636,4.0053,0.27248,-1.2151,4.016,0.26543,-0.96205,4.0132,0.22383,-0.82428,4.0362,0.18572,-0.9721,4.0132,0.18833,-1.1016,3.9798,0.32277,-0.98655,3.9749,0.34681,-0.93,3.9821,0.4094,-1.0268,4.0022,0.2794,-1.1428,3.9558,0.32795,-0.97422,3.9716,0.27541,-0.94154,3.9716,0.19266,-1.3106,4.0085,0.26168,-1.5501,3.9629,0.25618,-1.7428,3.9824,0.258,-1.671,3.9604,0.35441,-1.3177,3.9983,0.4686,-1.0677,4.0131,0.42067,-1.3282,3.9886,0.41318,-1.3542,3.9292
0.27215,-1.2621,4.0036,0.27289,-1.2126,4.0161,0.2773,-0.95037,4.0132,0.29637,-0.80906,4.0361,0.21855,-1.0284,4.0103,0.18444,-1.1532,3.9873,0.21874,-0.98156,3.9896,0.23018,-0.92434,3.993,0.40393,-1.048,4.0119,0.41286,-1.1598,3.9316,0.37139,-0.99259,3.9567,0.33856,-0.9613,3.9567,0.19954,-1.2991,3.9997,0.21901,-1.5449,3.9562,0.2925,-1.7251,3.9605,0.29563,-1.6506,3.9547,0.3354,-1.3071,3.9887,0.51957,-1.1484,4.0355,0.47194,-1.4087,4.016,0.46728,-1.4355,3.957
0.3225,-1.3074,4.0092,0.31821,-1.2502,4.0203,0.29706,-0.96233,4.0125,0.31232,-0.82108,4.0365,0.21034,-1.0216,4.0125,0.23529,-1.1482,4.0025,0.25457,-0.97462,3.9927,0.261,-0.91676,3.992,0.43502,-1.0501,4.0125,0.30731,-1.0689,3.9989,0.33804,-0.89695,3.9905,0.31188,-0.80908,3.9902,0.23328,-1.3631,3.9971,0.28356,-1.6067,3.9893,0.27,-1.7959,3.9287,0.26775,-1.7213,3.9331,0.41951,-1.3574,4.0179,0.32165,-1.1294,4.027,0.38498,-1.5496,3.9782,0.38929,-1.5749,3.9184
0.37358,-1.1767,4.0134,0.36963,-1.1484,4.0232,0.38492,-0.97761,4.0132,0.40231,-0.83717,4.0361,0.20633,-1.1079,3.9916,0.28745,-0.98055,3.9865,0.32424,-0.8131,3.9893,0.33651,-0.75729,3.9928,0.49875,-0.98937,4.0132,0.39298,-1.108,3.998,0.35195,-0.93884,3.9902,0.32255,-0.90505,3.9902,0.29558,-1.2846,4.0195,0.25657,-1.5278,3.9962,0.2846,-1.7669,3.8746,0.30234,-1.7731,3.8025,0.4396,-1.2218,4.0085,0.33795,-1.4434,4.0385,0.40022,-1.5063,3.9922,0.39509,-1.575,3.9639
0.27555,-1.2345,4.008,0.2773,-1.1846,4.0178,0.28081,-0.9288,4.0132,0.38252,-0.82114,4.0361,0.21114,-0.95628,4.0132,0.19227,-1.1207,3.9888,0.23175,-0.95274,3.9854,0.24492,-0.89675,3.9869,0.41302,-1.0267,3.9996,0.34856,-0.89136,3.9917,0.29604,-0.77533,3.9917,0.2727,-0.73742,3.9908,0.22771,-1.273,4.009,0.42157,-1.4227,4.0118,0.25635,-1.5948,3.9535,0.26562,-1.6355,3.9178,0.31601,-1.2737,3.9996,0.55309,-1.3043,4.0463,0.37431,-1.5152,3.9783,0.38765,-1.5832,3.9519
0.28134,-1.255,4.0057,0.28528,-1.2058,4.0173,0.3054,-0.94265,4.0133,0.35502,-0.81079,4.0363,0.20955,-1.0196,4.0073,0.22525,-1.1575,3.9553,0.24807,-0.98778,3.966,0.25568,-0.93122,3.9721,0.40402,-0.97992,4.0133,0.46377,-1.0923,3.998,0.38374,-0.93983,3.9903,0.36773,-0.89837,3.9903,0.22502,-1.2935,4.0034,0.42888,-1.4286,4.0146,0.25286,-1.5953,3.9521,0.28054,-1.6336,3.9244,0.36166,-1.3007,4.0001,0.44282,-0.97939,4.0093,0.40659,-1.2392,3.9789,0.40389,-1.2647,3.9197
0.29872,-1.2042,4.0168,0.29328,-1.1623,4.0246,0.28058,-0.94225,4.0132,0.2114,-0.81976,4.0362,0.20144,-0.96367,4.0132,0.21837,-1.1312,3.9634,0.24872,-0.96275,3.9715,0.29231,-0.95406,3.9715,0.40286,-1.0486,4.0132,0.35432,-0.93129,3.9946,0.31079,-0.78465,3.9902,0.3088,-0.74024,3.9902,0.24226,-1.2311,4.034,0.22408,-1.5061,3.9646,0.30062,-1.7262,3.9705,0.31225,-1.7563,3.9147,0.37398,-1.27,4.0054,0.1733,-1.0056,4.0094,0.27923,-1.2457,3.9858,0.29102,-1.2705,3.9274
0.28712,-1.2425,4.0068,0.29028,-1.1873,4.0177,0.29298,-0.92676,4.0134,0.29836,-0.78567,4.0365,0.21432,-0.96493,4.0134,0.22472,-1.1212,3.9792,0.25344,-0.95225,3.9803,0.26302,-0.89594,3.9833,0.3727,-1.0345,4.0134,0.4339,-0.92342,3.9981,0.34525,-0.82626,3.9903,0.30595,-0.78054,3.9903,0.24311,-1.2803,4.0083,0.26387,-1.5238,3.9735,0.24036,-1.7846,3.9843,0.22836,-1.8246,3.9392,0.33305,-1.2716,4.0141,0.13778,-1.0025,4.0144,0.25037,-1.2401,3.9878,0.26369,-1.2632,3.9291
0.35933,-1.2123,4.0113,0.33932,-1.1701,4.0208,0.27923,-0.94261,4.0134,0.30588,-0.80316,4.0365,0.20979,-1.0242,4.008,0.27064,-1.1856,3.9933,0.27717,-1.0133,3.9875,0.27934,-0.95584,3.9881,0.4112,-1.038,4.0134,0.47557,-0.92798,3.9981,0.34133,-0.81972,3.9903,0.31239,-0.78563,3.9903,0.3373,-1.2415,4.0141,0.22917,-1.51,3.9717,0.28334,-1.731,3.9652,0.29249,-1.7592,3.9077,0.40824,-1.2656,4.0066,0.16934,-1.0344,4.0125,0.27686,-1.2751,3.9864,0.29023,-1.2985,3.9276
0.33194,-1.257,4.0138,0.32249,-1.2081,4.022,0.27564,-0.95105,4.0135,0.16869,-0.8582,4.0367,0.22217,-1.0794,4.002,0.19399,-1.2021,3.9676,0.23308,-1.0348,3.9715,0.24611,-0.97905,3.9755,0.38963,-1.0225,4.0135,0.46632,-0.92092,3.9982,0.35423,-0.82802,3.9903,0.30616,-0.7914,3.9903,0.30194,-1.3045,4.0178,0.24574,-1.5381,3.9581,0.22901,-1.7316,3.9265,0.24869,-1.6606,3.9358,0.38597,-1.2842,4.0121,0.16579,-1.0351,4.013,0.36386,-1.209,3.9919,0.3694,-1.2827,3.9847
0.32548,-1.2466,4.0119,0.31754,-1.1967,4.0201,0.28096,-0.93959,4.0136,0.24732,-0.80258,4.0368,0.21638,-1.0352,4.0018,0.10221,-1.0847,4.0111,0.18769,-0.93598,3.9973,0.21619,-0.88639,3.9952,0.39269,-1.009,4.0136,0.38652,-0.88221,3.9982,0.31142,-0.77993,3.9904,0.27207,-0.75898,3.9904,0.29115,-1.2933,4.0091,0.44635,-1.4828,4.0175,0.2532,-1.5922,3.954,0.28388,-1.6286,3.927,0.3706,-1.2778,4.0125,0.42889,-0.97037,4.0136,0.40968,-1.2322,3.9816,0.41109,-1.258,3.9226
0.32215,-1.2331,4.0101,0.31524,-1.1863,4.0189,0.28992,-0.9533,4.0135,0.32147,-0.81685,4.0366,0.21588,-1.0352,4.0059,0.18971,-1.1586,3.9811,0.2867,-1.0179,3.9823,0.31768,-0.96658,3.9844,0.3786,-1.0283,4.0135,0.45645,-0.92868,3.9981,0.343,-0.8215,3.9903,0.29953,-0.81269,3.9903,0.28527,-1.2693,4.0137,0.48636,-1.409,4.0166,0.3596,-1.6346,3.962,0.28957,-1.616,3.9483,0.36997,-1.2632,4.0011,0.41754,-0.96021,4.0135,0.40337,-1.2214,3.9893,0.40434,-1.248,3.9309
0.31621,-1.2723,4.0059,0.30981,-1.2159,4.0173,0.28314,-0.94222,4.0134,0.28336,-0.80269,4.0364,0.21439,-1.0241,4.0047,0.18722,-1.18,3.9255,0.22337,-1.0158,3.9466,0.23542,-0.96103,3.9563,0.37687,-1.0314,4.0134,0.43213,-1.1417,3.9719,0.37694,-0.98072,3.9766,0.36579,-0.93791,3.9766,0.27195,-1.3165,4.0053,0.27168,-1.5612,3.9891,0.25405,-1.7518,3.9487,0.25632,-1.6785,3.9425,0.36733,-1.3057,4.0021,0.42072,-0.9874,4.0134,0.40551,-1.2478,3.9873,0.40705,-1.2739,3.9289
0.34688,-1.278,4.0153,0.34699,-1.2231,4.0231,0.28613,-0.91803,4.0133,0.36755,-0.80526,4.0364,0.21857,-1.0133,4.0085,0.25428,-1.1706,4.0025,0.26805,-1.001,3.9929,0.27264,-0.94446,3.9922,0.30827,-0.97957,4.0133,0.39578,-1.0698,3.994,0.35783,-0.90397,3.9888,0.3064,-0.76424,3.9903,0.34028,-1.3026,4.021,0.24366,-1.5207,3.959,0.35753,-1.7014,4.0519,0.39787,-1.7406,4.0219,0.37616,-1.2914,4.0114,0.41272,-0.96841,4.0135,0.39941,-1.2282,3.9887,0.40052,-1.2549,3.9308
0.32415,-1.2181,4.0145,0.3284,-1.1803,4.0228,0.36488,-0.95596,4.0133,0.38695,-0.81854,4.0364,0.223,-1.0171,4.0095,0.20722,-1.1649,3.9693,0.2379,-0.99811,3.9736,0.24813,-0.9425,3.9777,0.43243,-1.0131,4.0141,0.33962,-1.0978,3.9973,0.34363,-0.9278,3.99,0.29846,-0.88872,3.99,0.27208,-1.2627,4.0126,0.26868,-1.5068,3.9945,0.20547,-1.7352,3.8711,0.20019,-1.7523,3.807,0.36664,-1.2756,4.0126,0.50897,-1.0387,4.0053,0.44773,-1.2917,3.9811,0.44232,-1.3179,3.9232
0.32003,-1.2363,4.0128,0.31371,-1.1916,4.0212,0.2823,-0.95874,4.0132,0.29158,-0.8052,4.0365,0.20696,-0.95478,4.0134,0.30479,-1.029,3.9706,0.2943,-0.86002,3.9806,0.29081,-0.8037,3.9865,0.3981,-1.0396,4.0132,0.3381,-0.92907,3.9978,0.32227,-0.79058,3.9903,0.29236,-0.75803,3.9903,0.28826,-1.2861,4.0103,0.22634,-1.5194,3.9654,0.36752,-1.7364,3.9831,0.39964,-1.7423,3.9336,0.36637,-1.2766,4.014,0.50582,-1.0506,4.0049,0.44108,-1.3033,3.9836,0.43467,-1.3294,3.9259
0.35139,-1.2595,4.0169,0.33667,-1.2056,4.0243,0.28433,-0.94465,4.0131,0.38073,-0.82842,4.0365,0.21443,-0.9596,4.0138,0.30283,-1.0658,3.9701,0.28675,-0.89716,3.9788,0.2814,-0.84096,3.9843,0.40221,-1.0676,4.0134,0.35215,-0.92836,3.9981,0.321,-0.80151,3.9903,0.27862,-0.78893,3.9903,0.33368,-1.3125,4.0245,0.23339,-1.5277,3.9601,0.2344,-1.7205,3.9474,0.25084,-1.6494,3.9422,0.38933,-1.2959,4.0086,0.44691,-0.97714,4.0136,0.41836,-1.236,3.9847,0.41574,-1.2623,3.9268
0.32271,-1.2385,4.0123,0.31735,-1.1955,4.0204,0.28904,-0.96337,4.0121,0.35268,-0.79088,4.0367,0.2203,-0.9686,4.0136,0.31551,-1.0434,3.9629,0.29707,-0.87504,3.9762,0.29092,-0.81893,3.9833,0.38689,-1.0313,4.0115,0.45838,-0.92744,3.999,0.33648,-0.80799,3.9904,0.30831,-0.77382,3.9904,0.29326,-1.2849,4.0125,0.24614,-1.523,3.9794,0.34578,-1.7612,3.9244,0.36207,-1.7789,3.8648,0.36383,-1.2753,4.0095,0.49578,-1.0386,4.01,0.43931,-1.2936,3.9866,0.43305,-1.3197,3.9288
0.32368,-1.2029,4.0033,0.32092,-1.1639,4.0149,0.33383,-0.93874,4.0137,0.37643,-0.77785,4.037,0.22371,-0.96406,4.0137,0.22637,-1.0841,3.9585,0.25607,-0.91681,3.9714,0.26597,-0.86104,3.9784,0.45228,-1.0265,4.0139,0.34803,-0.9549,3.9942,0.32405,-0.78967,3.9904,0.29326,-0.75765,3.9904,0.2728,-1.2625,4,0.24567,-1.5033,3.9638,0.2777,-1.763,3.9362,0.28953,-1.795,3.8789,0.36829,-1.2527,4.0015,0.41504,-0.96547,4.0135,0.40539,-1.2267,3.9818,0.40545,-1.2516,3.9229
0.32064,-1.1916,3.9968,0.31914,-1.1522,4.0125,0.29886,-0.94948,4.0128,0.27903,-0.77652,4.0393,0.16221,-0.9714,4.0201,0.25228,-0.85242,4.0014,0.31713,-0.74341,3.9905,0.35881,-0.72787,3.9904,0.4268,-1.0367,4,0.32373,-1.0608,3.9145,0.32167,-0.89841,3.9621,0.29347,-0.864,3.9621,0.28231,-1.2499,3.9853,0.27852,-1.4785,3.8929,0.24413,-1.6689,3.8611,0.24945,-1.5957,3.8683,0.38126,-1.2539,3.9975,0.41557,-0.96435,4.0139,0.40128,-1.2264,3.9875,0.39658,-1.2514,3.9286
0.30716,-1.1686,3.9681,0.30605,-1.1188,3.9892,0.29831,-0.85797,3.9989,0.32759,-0.6729,4.0335,0.16734,-0.87271,4.0051,0.1672,-0.99306,3.9499,0.21768,-0.83048,3.9625,0.23451,-0.77628,3.9694,0.33465,-0.87851,3.9989,0.39036,-0.97866,3.9293,0.36559,-0.81196,3.9531,0.34672,-0.77174,3.9531,0.26789,-1.2108,3.9424,0.22852,-1.4452,3.8476,0.32899,-1.6633,3.8973,0.35365,-1.7029,3.8534,0.3524,-1.22,3.9792,0.40735,-0.97119,4.0054,0.3998,-1.2334,3.9832,0.39696,-1.2586,3.9243
0.29622,-0.98289,3.9743,0.29933,-0.94158,3.9996,0.28243,-0.69901,4.0092,0.41042,-0.59952,4.0375,0.15147,-0.71375,4.0154,0.23076,-0.80829,3.9696,0.2366,-0.63768,3.9815,0.23854,-0.5808,3.9882,0.29878,-0.75637,3.9691,0.37939,-0.90812,3.9502,0.35627,-0.73972,3.9676,0.33733,-0.69936,3.9676,0.26262,-1.0492,3.9713,0.22875,-1.3072,3.884,0.23617,-1.5102,3.8324,0.22218,-1.53,3.7729,0.33216,-0.99079,3.9607,0.39461,-0.72212,4.0141,0.39357,-0.98346,3.9632,0.37838,-1.0044,3.9044
0.29618,-0.96363,3.9698,0.29752,-0.90971,3.9798,0.16453,-0.72102,4.014,0.30657,-0.59824,4.0375,0.056112,-0.77712,4.027,0.20669,-0.71318,3.9588,0.22407,-0.546,3.9866,0.22987,-0.49027,3.9985,0.1105,-0.85295,3.9544,0.27553,-0.90081,3.9366,0.43879,-0.91618,3.9801,0.46357,-0.892,4.008,0.28922,-0.99729,3.9652,0.22694,-1.3035,3.8968,0.25136,-1.5112,3.8338,0.21951,-1.5504,3.8135,0.31883,-0.95837,3.9652,0.41444,-0.7245,4.0079,0.40274,-0.97985,3.9281,0.3552,-1.02,3.9128
0.31402,-0.84423,3.9346,0.31144,-0.81268,3.9652,0.29966,-0.61324,3.9801,0.30038,-0.47514,4.024,0.19996,-0.60539,3.9904,0.25374,-0.74901,3.8962,0.21992,-0.59192,3.9505,0.20865,-0.53956,3.9713,0.46621,-0.51098,4.0142,0.50065,-0.67983,3.9985,0.55885,-0.81296,3.9456,0.57826,-0.85734,3.9306,0.2664,-0.91968,3.9074,0.22604,-1.2457,3.8511,0.24226,-1.5081,3.8295,0.245,-1.5322,3.7701,0.3667,-0.88141,3.9352,0.49097,-0.65918,4.0121,0.45365,-0.90777,3.9139,0.45039,-0.91932,3.8509
0.33146,-0.79485,3.9073,0.33289,-0.76795,3.9405,0.33964,-0.58581,3.9606,0.34363,-0.45405,4.0303,0.24413,-0.6012,3.934,0.31352,-0.74863,3.861,0.30995,-0.58358,3.904,0.30876,-0.52857,3.921,0.50023,-0.48861,4.0027,0.51784,-0.65956,3.9694,0.36488,-0.71185,3.9005,0.31389,-0.72928,3.8802,0.2681,-0.89467,3.9026,0.22546,-1.1929,3.7669,0.24215,-1.4559,3.7814,0.2538,-1.4883,3.7271,0.3886,-0.82888,3.8745,0.51584,-0.63401,4.0138,0.47093,-0.88131,3.9134,0.47393,-0.89162,3.85
0.23621,-0.76483,3.9127,0.23621,-0.74447,3.9505,0.1613,-0.59083,4.0091,0.26061,-0.45859,4.0456,0.010636,-0.63156,4.0302,0.070579,-0.73756,3.9385,0.12263,-0.64686,4.0047,0.13998,-0.61663,4.0294,0.3414,-0.60505,3.8633,0.47598,-0.68842,3.9185,0.36338,-0.64556,3.8668,0.32584,-0.63127,3.8522,0.19947,-0.85444,3.9111,0.24798,-1.1565,3.7656,0.24665,-1.418,3.7021,0.28937,-1.478,3.6938,0.33686,-0.80478,3.8337,0.3942,-0.59195,3.9392,0.38129,-0.85045,3.8627,0.35344,-0.86352,3.8062
0.27563,-0.72597,3.8862,0.2766,-0.68867,3.9294,0.27863,-0.47321,3.9813,0.31735,-0.34243,4.0452,0.12901,-0.46283,3.9919,0.093635,-0.63132,3.9453,0.065826,-0.77686,3.8444,0.050534,-0.93506,3.7478,0.41569,-0.47191,3.9678,0.46994,-0.63384,3.9143,0.51212,-0.77868,3.8178,0.51324,-0.81295,3.767,0.21407,-0.80911,3.8559,0.23812,-1.1334,3.7449,0.24306,-1.3988,3.6911,0.23976,-1.4158,3.6284,0.34064,-0.76498,3.8658,0.48601,-0.49496,4.0072,0.44955,-0.749,3.9138,0.44128,-0.75717,3.8498
0.27607,-0.69972,3.8792,0.28062,-0.66757,3.9227,0.28203,-0.46267,3.9721,0.37046,-0.35827,4.04,0.10301,-0.4937,3.997,0.077297,-0.65813,3.9238,0.057556,-0.80551,3.8216,0.053377,-0.85797,3.7892,0.4292,-0.57094,3.9227,0.47863,-0.71313,3.8894,0.4925,-0.84815,3.7733,0.49751,-0.90164,3.7427,0.21168,-0.78172,3.8302,0.23017,-1.1159,3.7415,0.2405,-1.3828,3.6866,0.23493,-1.4,3.6235,0.33604,-0.75585,3.8673,0.45916,-0.52144,3.9653,0.42664,-0.77849,3.8738,0.4157,-0.78684,3.8097
0.29431,-0.66422,3.8944,0.29019,-0.64211,3.9324,0.28334,-0.45727,3.9709,0.35331,-0.34098,4.0471,0.11209,-0.46374,3.9907,0.084599,-0.62823,3.9147,0.060862,-0.78279,3.823,0.055951,-0.83638,3.7916,0.49246,-0.45599,3.9974,0.49373,-0.62102,3.9167,0.47675,-0.78315,3.8389,0.48485,-0.82328,3.7919,0.22345,-0.77201,3.8334,0.2293,-1.1118,3.7414,0.24151,-1.3811,3.6851,0.24389,-1.3979,3.6211,0.37241,-0.73021,3.8845,0.34203,-1.0536,3.746,0.35053,-1.3257,3.7149,0.35256,-1.3489,3.6529
0.29509,-0.67347,3.8913,0.29288,-0.64835,3.9305,0.29206,-0.45927,3.9699,0.30715,-0.29367,4.0282,0.10831,-0.4564,3.9929,0.090165,-0.62617,3.9223,0.06492,-0.77696,3.8206,0.058859,-0.83206,3.7911,0.48494,-0.45246,4.0142,0.39335,-0.5709,3.8996,0.3429,-0.70308,3.7814,0.32608,-0.74714,3.7447,0.22316,-0.78667,3.8615,0.23162,-1.1212,3.7373,0.24191,-1.3937,3.6861,0.24657,-1.4119,3.6219,0.36093,-0.73778,3.8424,0.33875,-1.0763,3.7323,0.34948,-1.3503,3.696,0.3544,-1.3722,3.633
0.28571,-0.67547,3.8828,0.28642,-0.6513,3.9221,0.29633,-0.45986,3.9695,0.30744,-0.29022,4.0281,0.1081,-0.46253,3.986,0.089348,-0.63573,3.9207,0.065887,-0.7881,3.8176,0.060489,-0.84516,3.7907,0.47134,-0.47407,3.9981,0.37421,-0.58843,3.8807,0.32425,-0.72102,3.7599,0.3076,-0.76522,3.7223,0.21241,-0.78206,3.8603,0.23276,-1.119,3.7347,0.24327,-1.3937,3.6843,0.24778,-1.4124,3.6197,0.34983,-0.73493,3.8348,0.33634,-1.0809,3.7382,0.34481,-1.3561,3.6913,0.34902,-1.3758,3.6269
0.299,-0.7012,3.8764,0.29621,-0.67001,3.9181,0.3,-0.45507,3.9688,0.31181,-0.29037,4.026,0.12323,-0.44786,3.9766,0.10034,-0.6207,3.9052,0.07743,-0.77994,3.8101,0.070561,-0.83667,3.7819,0.46961,-0.47292,3.9972,0.48416,-0.63634,3.9003,0.51787,-0.79163,3.8016,0.52575,-0.82916,3.7742,0.22372,-0.8002,3.8504,0.23863,-1.1414,3.7252,0.24644,-1.4186,3.6743,0.25298,-1.4374,3.6093,0.37205,-0.75306,3.8395,0.33886,-1.1,3.7375,0.34641,-1.3774,3.6878,0.35293,-1.3965,3.6229
0.29983,-0.69975,3.8737,0.29964,-0.66988,3.9156,0.30446,-0.45081,3.967,0.32889,-0.29717,4.0253,0.10545,-0.46705,3.9886,0.090679,-0.63905,3.9083,0.070963,-0.79263,3.8011,0.064534,-0.84714,3.7677,0.47109,-0.4705,3.9955,0.49545,-0.64206,3.9169,0.51594,-0.79263,3.8047,0.51318,-0.84091,3.7624,0.222,-0.80082,3.8501,0.23798,-1.1432,3.7206,0.2457,-1.4228,3.6735,0.24831,-1.4428,3.6081,0.37214,-0.75368,3.8357,0.33887,-1.1037,3.7351,0.34646,-1.3832,3.6868,0.34903,-1.4029,3.6213
0.30175,-0.69635,3.875,0.30099,-0.66579,3.9174,0.30697,-0.44451,3.9683,0.32867,-0.29359,4.0267,0.11453,-0.45672,3.9827,0.1006,-0.61449,3.9258,0.07796,-0.76886,3.8177,0.070857,-0.8269,3.7901,0.47318,-0.46456,3.9967,0.49404,-0.62929,3.8983,0.50542,-0.78686,3.7933,0.50505,-0.82442,3.7637,0.22428,-0.79725,3.8523,0.23904,-1.1409,3.719,0.24636,-1.4225,3.6727,0.25044,-1.4429,3.607,0.37413,-0.75265,3.8336,0.33938,-1.1051,3.7328,0.34682,-1.3865,3.6852,0.35092,-1.4066,3.6194
0.30213,-0.69726,3.8719,0.29828,-0.66607,3.9149,0.30842,-0.44308,3.9684,0.31805,-0.27172,4.0272,0.14175,-0.46807,3.9381,0.10274,-0.64424,3.8926,0.078381,-0.80066,3.793,0.06866,-0.86047,3.7693,0.47454,-0.46319,3.9969,0.50563,-0.63828,3.9244,0.51214,-0.79309,3.8123,0.51032,-0.84166,3.769,0.22577,-0.79623,3.8532,0.23839,-1.1416,3.718,0.24645,-1.4248,3.6709,0.25805,-1.4451,3.6056,0.37198,-0.75379,3.8257,0.33895,-1.1097,3.729,0.34693,-1.393,3.6822,0.35853,-1.4133,3.6169
0.29613,-0.68599,3.8737,0.29977,-0.65878,3.916,0.31135,-0.44034,3.9694,0.34007,-0.29586,4.0195,0.11336,-0.46804,3.9788,0.093893,-0.64557,3.9047,0.073487,-0.79757,3.803,0.065166,-0.85603,3.7744,0.47434,-0.46731,3.9689,0.48637,-0.63831,3.876,0.5056,-0.80416,3.782,0.50857,-0.85748,3.7439,0.22078,-0.78811,3.8647,0.24105,-1.1311,3.7182,0.24733,-1.4165,3.6744,0.24664,-1.4382,3.6081,0.36133,-0.75324,3.814,0.33691,-1.1136,3.7242,0.34332,-1.399,3.6803,0.34265,-1.4207,3.614
0.29818,-0.69811,3.8638,0.30118,-0.66578,3.9095,0.31145,-0.43312,3.97,0.32008,-0.26268,4.0266,0.11047,-0.45588,3.9909,0.091933,-0.63377,3.9124,0.074452,-0.79497,3.8108,0.06658,-0.85397,3.7816,0.48205,-0.45644,3.982,0.5075,-0.63726,3.9157,0.51488,-0.79897,3.8093,0.51548,-0.84639,3.763,0.22199,-0.79176,3.8488,0.24201,-1.1347,3.7106,0.24592,-1.4227,3.6708,0.24515,-1.4458,3.6044,0.36615,-0.75566,3.8137,0.3368,-1.1169,3.7177,0.34293,-1.4049,3.6779,0.34255,-1.428,3.6115
0.30074,-0.70207,3.8621,0.29978,-0.66949,3.9072,0.31462,-0.43276,3.9692,0.31762,-0.25687,4.0255,0.14202,-0.4681,3.9412,0.10281,-0.64321,3.8898,0.079497,-0.80152,3.7888,0.068343,-0.85908,3.7567,0.47764,-0.46778,3.9778,0.49871,-0.64125,3.8849,0.50966,-0.80471,3.779,0.51215,-0.8607,3.7425,0.22786,-0.78993,3.856,0.24264,-1.134,3.7098,0.24619,-1.4239,3.6689,0.21468,-1.4824,3.6502,0.36472,-0.77084,3.8023,0.33418,-1.1347,3.71,0.34016,-1.4247,3.6714,0.34798,-1.448,3.6051
0.30213,-0.70411,3.8613,0.3019,-0.67274,3.9062,0.31614,-0.4442,3.9666,0.32097,-0.26562,4.0265,0.14218,-0.46401,3.9508,0.098408,-0.64957,3.9137,0.076612,-0.8127,3.8067,0.06728,-0.86363,3.7635,0.48458,-0.46083,3.9836,0.50581,-0.63728,3.8946,0.51806,-0.80452,3.7929,0.51681,-0.85869,3.7528,0.23107,-0.78965,3.8492,0.2433,-1.1331,3.708,0.24593,-1.4247,3.6665,0.25213,-1.4477,3.5995,0.36495,-0.77166,3.8043,0.33367,-1.1356,3.7083,0.33876,-1.4275,3.6705,0.34542,-1.4514,3.6039
0.30331,-0.70856,3.855,0.30473,-0.67516,3.9021,0.31978,-0.42911,3.9722,0.31629,-0.25848,4.0223,0.13185,-0.45426,3.963,0.10812,-0.64088,3.9034,0.077994,-0.80745,3.8023,0.069628,-0.85751,3.7572,0.49177,-0.46063,3.9757,0.50294,-0.63573,3.8784,0.51309,-0.80168,3.772,0.51724,-0.86068,3.7387,0.22841,-0.79504,3.8429,0.24458,-1.134,3.7069,0.24769,-1.4275,3.6668,0.25098,-1.4512,3.5995,0.36691,-0.77643,3.7973,0.33312,-1.1426,3.7062,0.33776,-1.4362,3.6688,0.34133,-1.4607,3.6018
0.30406,-0.70356,3.8545,0.30278,-0.67109,3.9011,0.32123,-0.42797,3.9683,0.32337,-0.25411,4.0231,0.14958,-0.45823,3.9329,0.10225,-0.64371,3.8821,0.075082,-0.81569,3.787,0.067535,-0.86792,3.7437,0.49533,-0.44553,3.9851,0.50926,-0.62223,3.8881,0.51889,-0.7872,3.777,0.52393,-0.84781,3.746,0.23015,-0.78389,3.8449,0.24443,-1.1338,3.7087,0.24781,-1.4291,3.6678,0.25693,-1.4526,3.6005,0.36898,-0.77408,3.7934,0.33437,-1.1436,3.711,0.33837,-1.4389,3.6699,0.3476,-1.4624,3.6026
0.30473,-0.70626,3.8508,0.30362,-0.67165,3.8986,0.31411,-0.41237,3.9718,0.32076,-0.24969,4.0231,0.14289,-0.4604,3.9344,0.11044,-0.65012,3.8845,0.077738,-0.81658,3.779,0.068142,-0.8689,3.7362,0.49014,-0.44185,3.9745,0.50528,-0.61739,3.873,0.52203,-0.7867,3.7683,0.5289,-0.84442,3.7325,0.22915,-0.78836,3.8397,0.24649,-1.139,3.7246,0.24977,-1.4342,3.6701,0.2561,-1.4543,3.601,0.37795,-0.77528,3.7927,0.33707,-1.1492,3.7293,0.3429,-1.4443,3.6745,0.34963,-1.4643,3.6055
0.30794,-0.70311,3.8464,0.30984,-0.66713,3.8946,0.32547,-0.40516,3.9658,0.318,-0.24432,4.0233,0.1233,-0.44579,3.9573,0.10439,-0.63016,3.8757,0.08125,-0.78878,3.7834,0.072484,-0.8477,3.7499,0.49019,-0.43425,3.9733,0.5053,-0.60874,3.8676,0.52114,-0.78111,3.7666,0.5285,-0.83565,3.726,0.22678,-0.78097,3.8304,0.24698,-1.1409,3.7265,0.25521,-1.4376,3.6752,0.22446,-1.4883,3.6585,0.37992,-0.77064,3.7969,0.33881,-1.1464,3.735,0.34152,-1.4422,3.676,0.34386,-1.4614,3.6061
0.305,-0.70987,3.8414,0.30528,-0.67243,3.8898,0.32155,-0.40876,3.9581,0.31767,-0.23745,4.0216,0.14759,-0.44735,3.9243,0.11239,-0.63553,3.8607,0.092367,-0.79666,3.7736,0.084676,-0.85646,3.7412,0.48729,-0.44303,3.9571,0.50392,-0.62583,3.8682,0.52203,-0.79848,3.7663,0.53546,-0.83636,3.7356,0.22448,-0.78907,3.8273,0.24865,-1.1409,3.7259,0.25662,-1.4388,3.6748,0.22479,-1.4898,3.6605,0.37783,-0.77587,3.7936,0.33972,-1.1531,3.7317,0.34141,-1.4507,3.6767,0.37474,-1.502,3.6683
0.29749,-0.76781,3.8139,0.30468,-0.71763,3.8649,0.29742,-0.41968,3.9251,0.40529,-0.33724,4.0083,0.15527,-0.45759,3.8773,0.11757,-0.64977,3.8314,0.095493,-0.80359,3.756,0.091863,-0.8625,3.7212,0.36642,-0.48462,3.8299,0.46789,-0.65425,3.8202,0.53204,-0.82895,3.7439,0.54091,-0.90017,3.7111,0.24484,-0.81758,3.815,0.25178,-1.1394,3.7266,0.26025,-1.4385,3.6767,0.24995,-1.4605,3.6079,0.34863,-0.80249,3.7786,0.33965,-1.1546,3.7323,0.34169,-1.4531,3.6782,0.33049,-1.474,3.6092
0.28934,-0.74761,3.8097,0.30336,-0.70023,3.8596,0.29957,-0.38558,3.9411,0.35204,-0.2526,4.0062,0.13191,-0.46675,3.8945,0.10852,-0.65776,3.8281,0.091414,-0.80651,3.7546,0.090032,-0.86568,3.7196,0.30005,-0.42463,3.8442,0.40882,-0.58941,3.8065,0.49051,-0.75668,3.7286,0.51472,-0.8151,3.7016,0.24113,-0.80656,3.8173,0.25248,-1.1356,3.724,0.25862,-1.4364,3.6772,0.22588,-1.4868,3.6614,0.33442,-0.78265,3.76,0.34406,-1.1477,3.7272,0.34013,-1.4487,3.6823,0.3153,-1.4717,3.6174
0.28587,-0.74219,3.7882,0.29477,-0.69874,3.8383,0.29345,-0.40407,3.9116,0.34801,-0.2656,3.9891,0.13474,-0.4646,3.8726,0.10755,-0.65596,3.8079,0.087932,-0.80703,3.7361,0.089207,-0.86856,3.7051,0.33732,-0.43432,3.836,0.43597,-0.60589,3.7988,0.50731,-0.77718,3.7182,0.52826,-0.83668,3.6904,0.23818,-0.80229,3.7914,0.25317,-1.1461,3.7111,0.25744,-1.4487,3.6729,0.22825,-1.5033,3.6662,0.3306,-0.77777,3.7427,0.34129,-1.1404,3.7127,0.33921,-1.4434,3.6814,0.3234,-1.4698,3.6149
0.2668,-0.69959,3.7819,0.27759,-0.65922,3.8311,0.2937,-0.37714,3.9036,0.28439,-0.17806,3.9571,0.12365,-0.44522,3.8602,0.10241,-0.64034,3.8028,0.083409,-0.80502,3.7237,0.081581,-0.86645,3.692,0.38022,-0.48879,3.7871,0.48446,-0.65736,3.7966,0.53755,-0.82644,3.6943,0.54062,-0.89054,3.6444,0.20112,-0.76932,3.7967,0.25143,-1.138,3.7007,0.25676,-1.4421,3.6702,0.24029,-1.4965,3.644,0.32103,-0.76374,3.7139,0.33632,-1.1271,3.6998,0.3355,-1.4315,3.6735,0.32153,-1.4599,3.6072
0.27983,-0.67606,3.7709,0.27975,-0.64021,3.8206,0.28925,-0.37528,3.8906,0.25794,-0.17622,3.9339,0.12931,-0.42937,3.8428,0.10352,-0.6276,3.7938,0.081069,-0.79815,3.7095,0.0779,-0.86345,3.6853,0.46445,-0.44154,3.8516,0.49201,-0.63892,3.799,0.52664,-0.80901,3.6858,0.52691,-0.88621,3.6384,0.20992,-0.75997,3.7782,0.25018,-1.1329,3.6933,0.24738,-1.4385,3.6646,0.24964,-1.4667,3.5964,0.34597,-0.74683,3.6976,0.33545,-1.1199,3.6925,0.34308,-1.4255,3.6694,0.34733,-1.4553,3.6019
0.28279,-0.67447,3.7641,0.28654,-0.64073,3.8124,0.29583,-0.39564,3.8732,0.28845,-0.19782,3.9541,0.12754,-0.42802,3.8363,0.098599,-0.62985,3.7999,0.074565,-0.81237,3.7011,0.062349,-0.86077,3.6521,0.40591,-0.41259,3.8289,0.47575,-0.60437,3.7952,0.51423,-0.78052,3.6889,0.52449,-0.88354,3.6268,0.22013,-0.7567,3.7688,0.2509,-1.133,3.6889,0.24913,-1.4404,3.6632,0.22107,-1.4943,3.6461,0.34547,-0.7432,3.6935,0.33343,-1.1178,3.6874,0.34382,-1.4251,3.6659,0.34246,-1.4558,3.5983
0.29127,-0.66512,3.7598,0.2934,-0.62871,3.8092,0.3061,-0.36246,3.8756,0.28847,-0.16303,3.9561,0.13098,-0.43334,3.8381,0.097439,-0.63599,3.7993,0.077201,-0.81343,3.6864,0.059992,-0.8889,3.6316,0.47138,-0.38999,3.8601,0.49584,-0.58668,3.7839,0.51531,-0.76457,3.6773,0.52053,-0.82882,3.6501,0.21701,-0.74337,3.76,0.25047,-1.1269,3.6854,0.24811,-1.4355,3.6624,0.22276,-1.4907,3.6444,0.36078,-0.73639,3.6919,0.3311,-1.1202,3.6841,0.34064,-1.4288,3.6649,0.34328,-1.4598,3.5971
0.29173,-0.6618,3.7607,0.29125,-0.6266,3.8097,0.29112,-0.39221,3.8672,0.27486,-0.18543,3.9097,0.13359,-0.43557,3.8307,0.098433,-0.64053,3.8003,0.077032,-0.82021,3.6877,0.065074,-0.89024,3.6437,0.4704,-0.38948,3.8731,0.49523,-0.58537,3.7881,0.52054,-0.75933,3.6714,0.5277,-0.81767,3.6332,0.21688,-0.75285,3.7703,0.2514,-1.1302,3.6821,0.24972,-1.4402,3.6628,0.25391,-1.4718,3.5951,0.36163,-0.73403,3.6847,0.33263,-1.1199,3.6819,0.33725,-1.4298,3.6662,0.3427,-1.4625,3.5991
0.28493,-0.66328,3.7671,0.28681,-0.63592,3.8123,0.2996,-0.37807,3.8681,0.26739,-0.17241,3.9121,0.13231,-0.43669,3.8292,0.10577,-0.64047,3.7715,0.088119,-0.79656,3.6844,0.084639,-0.85889,3.6521,0.46983,-0.43975,3.8398,0.50114,-0.6448,3.7882,0.53156,-0.81592,3.6608,0.53916,-0.88063,3.6155,0.21418,-0.76143,3.7665,0.25444,-1.1307,3.6819,0.25072,-1.4417,3.6647,0.25241,-1.4731,3.5966,0.35226,-0.75052,3.6922,0.33412,-1.1221,3.6805,0.33642,-1.4331,3.6674,0.33924,-1.4657,3.5999
0.29242,-0.66844,3.7694,0.29375,-0.63392,3.8193,0.30677,-0.38029,3.884,0.3014,-0.17428,3.9562,0.13085,-0.44245,3.8331,0.10611,-0.64782,3.7719,0.093919,-0.80183,3.6912,0.091876,-0.86241,3.6544,0.46604,-0.4332,3.8471,0.50017,-0.6402,3.7946,0.53501,-0.81281,3.6661,0.5419,-0.88105,3.6211,0.21643,-0.7655,3.7819,0.25835,-1.1392,3.6821,0.25269,-1.4515,3.6646,0.2069,-1.4843,3.6339,0.35981,-0.74184,3.6847,0.33419,-1.1211,3.6802,0.34241,-1.4333,3.6683,0.34614,-1.4676,3.6012
0.29288,-0.67005,3.7734,0.29366,-0.6339,3.8251,0.31078,-0.36682,3.9004,0.27627,-0.17177,3.9347,0.14058,-0.44281,3.8394,0.1088,-0.64529,3.7766,0.091819,-0.79941,3.6914,0.087122,-0.85928,3.6531,0.47253,-0.39479,3.8835,0.49912,-0.59554,3.7948,0.52635,-0.7655,3.6857,0.53291,-0.82791,3.652,0.21856,-0.75508,3.7731,0.25739,-1.1379,3.6831,0.25267,-1.4529,3.6647,0.21066,-1.4962,3.6422,0.35869,-0.74286,3.7002,0.33401,-1.1261,3.681,0.33785,-1.4393,3.6686,0.34332,-1.4741,3.6016
0.29939,-0.6923,3.7667,0.30283,-0.6538,3.8199,0.31019,-0.37586,3.8988,0.28442,-0.16855,3.9659,0.14243,-0.43993,3.8436,0.10926,-0.65231,3.8087,0.080969,-0.84276,3.7021,0.065022,-0.8944,3.6701,0.41864,-0.40876,3.8404,0.47977,-0.61078,3.7776,0.515,-0.78039,3.6747,0.52713,-0.84473,3.6466,0.22996,-0.77413,3.7747,0.25545,-1.1393,3.6825,0.25242,-1.4531,3.6659,0.20864,-1.4957,3.6451,0.36238,-0.75024,3.6971,0.33322,-1.126,3.6821,0.33792,-1.4401,3.6694,0.36868,-1.4956,3.6575
0.29897,-0.70192,3.7692,0.30182,-0.66108,3.8231,0.31914,-0.36713,3.9144,0.2926,-0.15899,3.9635,0.14931,-0.44164,3.8475,0.10896,-0.65401,3.809,0.084497,-0.84914,3.7074,0.080102,-0.896,3.6682,0.4665,-0.44785,3.8461,0.50761,-0.65825,3.793,0.5332,-0.83806,3.6643,0.52591,-0.89528,3.6221,0.2247,-0.78549,3.7732,0.25625,-1.1369,3.6842,0.25103,-1.4487,3.6649,0.21225,-1.4954,3.6422,0.36563,-0.76573,3.7004,0.33337,-1.1269,3.6837,0.34503,-1.4417,3.6682,0.3478,-1.4762,3.6003
0.29618,-0.70237,3.7734,0.30066,-0.66001,3.8286,0.31984,-0.37799,3.9156,0.29504,-0.16977,3.985,0.14635,-0.44329,3.8669,0.10708,-0.65577,3.8173,0.082241,-0.84823,3.7125,0.077687,-0.89348,3.6674,0.46338,-0.43975,3.8514,0.50432,-0.65193,3.8019,0.53442,-0.83275,3.6737,0.53494,-0.88987,3.6391,0.22315,-0.78351,3.7781,0.2566,-1.1375,3.686,0.25115,-1.4495,3.6651,0.21986,-1.5021,3.6434,0.36262,-0.76341,3.7042,0.33268,-1.1339,3.6847,0.33919,-1.4496,3.6692,0.33686,-1.4848,3.6015
0.29053,-0.67723,3.7947,0.29619,-0.6381,3.8501,0.32199,-0.35665,3.9441,0.29486,-0.14698,4.0066,0.14491,-0.44919,3.8643,0.10544,-0.66362,3.8184,0.079489,-0.85474,3.7224,0.073226,-0.89757,3.668,0.47002,-0.43805,3.8586,0.49877,-0.65308,3.8049,0.53773,-0.83555,3.6791,0.53486,-0.89937,3.6401,0.21419,-0.76633,3.7942,0.25492,-1.1395,3.6891,0.25221,-1.4478,3.6665,0.24924,-1.4815,3.5978,0.35873,-0.75084,3.7152,0.3338,-1.1308,3.6883,0.33736,-1.4475,3.6731,0.33578,-1.4841,3.6058
0.29127,-0.67996,3.7935,0.29539,-0.64183,3.8473,0.30948,-0.36023,3.9324,0.29523,-0.15209,4.0121,0.1676,-0.44231,3.8576,0.1086,-0.65345,3.8154,0.09424,-0.85117,3.7092,0.064812,-0.88196,3.6774,0.45062,-0.42229,3.8609,0.49475,-0.63244,3.7917,0.51912,-0.79373,3.6929,0.52411,-0.85737,3.6598,0.21571,-0.76792,3.8124,0.2566,-1.1402,3.6927,0.25508,-1.4518,3.6692,0.21698,-1.4978,3.6427,0.35279,-0.75365,3.7071,0.33454,-1.1289,3.692,0.33715,-1.4464,3.673,0.33622,-1.4804,3.604
0.29388,-0.6877,3.7922,0.29571,-0.64892,3.8467,0.30784,-0.36712,3.9338,0.29386,-0.15756,4.0105,0.15268,-0.44639,3.8646,0.098237,-0.65985,3.824,0.07562,-0.8521,3.7132,0.063873,-0.90147,3.672,0.46557,-0.44742,3.8636,0.50093,-0.66375,3.8137,0.53888,-0.84383,3.6929,0.53627,-0.89985,3.6604,0.2178,-0.77234,3.7938,0.25656,-1.1434,3.6958,0.25583,-1.4452,3.6696,0.21911,-1.4957,3.6497,0.36171,-0.75148,3.7253,0.3342,-1.131,3.6933,0.33779,-1.4492,3.6724,0.33842,-1.4828,3.603
0.2919,-0.68143,3.804,0.28971,-0.64137,3.8584,0.30743,-0.35069,3.9451,0.29376,-0.14769,4.0152,0.14612,-0.45524,3.8661,0.097258,-0.67152,3.8303,0.077311,-0.85362,3.7155,0.062986,-0.89959,3.6729,0.48014,-0.39697,3.9374,0.49617,-0.60258,3.8347,0.52894,-0.77974,3.7232,0.53383,-0.84386,3.6909,0.2135,-0.77112,3.8104,0.2531,-1.1388,3.698,0.25464,-1.4473,3.6687,0.20713,-1.4863,3.6456,0.36209,-0.75194,3.7284,0.33426,-1.1318,3.6965,0.33644,-1.4505,3.6706,0.34614,-1.4818,3.6006
0.29563,-0.69281,3.8032,0.29478,-0.64644,3.8608,0.31755,-0.30539,3.9786,0.29159,-0.15059,3.9781,0.15118,-0.45455,3.8771,0.098205,-0.66982,3.8342,0.076444,-0.84762,3.7431,0.062328,-0.89981,3.6702,0.41164,-0.41404,3.9086,0.47757,-0.61764,3.8257,0.52982,-0.81093,3.7171,0.53659,-0.89613,3.6628,0.22978,-0.7702,3.8031,0.25307,-1.1405,3.7011,0.2564,-1.4463,3.6733,0.22565,-1.5015,3.6547,0.3562,-0.74986,3.738,0.33375,-1.1313,3.6993,0.3374,-1.4506,3.6735,0.34139,-1.4829,3.6031
